id,Predicted
0,2
1,1
2,2
3,4
4,1
5,1
6,4
7,2
8,1
9,2
10,0
11,1
12,2
13,2
14,0
15,2
16,4
17,1
18,4
19,0
20,0
21,3
22,1
23,1
24,2
25,0
26,0
27,2
28,2
29,0
30,2
31,3
32,3
33,3
34,2
35,1
36,3
37,2
38,1
39,4
40,0
41,1
42,4
43,2
44,4
45,2
46,0
47,0
48,4
49,0
50,4
51,0
52,3
53,1
54,0
55,2
56,2
57,3
58,3
59,1
60,4
61,4
62,3
63,3
64,2
65,0
66,1
67,1
68,0
69,0
70,0
71,3
72,4
73,3
74,0
75,1
76,2
77,0
78,0
79,2
80,2
81,0
82,0
83,4
84,3
85,2
86,2
87,0
88,1
89,2
90,3
91,3
92,0
93,4
94,0
95,4
96,0
97,4
98,2
99,4
100,0
101,3
102,1
103,2
104,4
105,3
106,1
107,0
108,4
109,3
110,0
111,1
112,0
113,1
114,0
115,1
116,1
117,1
118,3
119,0
120,2
121,0
122,0
123,4
124,3
125,2
126,1
127,2
128,0
129,3
130,1
131,4
132,1
133,0
134,1
135,3
136,4
137,3
138,1
139,4
140,1
141,0
142,4
143,2
144,1
145,1
146,4
147,0
148,2
149,3
150,0
151,0
152,1
153,0
154,0
155,4
156,3
157,1
158,4
159,4
160,4
161,1
162,2
163,1
164,0
165,0
166,0
167,2
168,3
169,0
170,4
171,1
172,2
173,0
174,0
175,0
176,0
177,2
178,0
179,2
180,0
181,1
182,1
183,3
184,0
185,3
186,2
187,0
188,0
189,0
190,0
191,2
192,1
193,4
194,0
195,3
196,2
197,2
198,3
199,2
200,0
201,3
202,4
203,0
204,1
205,3
206,3
207,1
208,0
209,1
210,0
211,0
212,2
213,4
214,0
215,2
216,2
217,2
218,3
219,3
220,1
221,3
222,2
223,4
224,3
225,4
226,2
227,0
228,3
229,2
230,3
231,0
232,0
233,3
234,2
235,1
236,3
237,2
238,1
239,0
240,2
241,0
242,3
243,0
244,0
245,4
246,2
247,4
248,3
249,3
250,1
251,2
252,3
253,1
254,2
255,3
256,4
257,3
258,3
259,2
260,0
261,1
262,1
263,1
264,0
265,0
266,4
267,4
268,3
269,2
270,0
271,0
272,3
273,4
274,3
275,4
276,2
277,4
278,0
279,1
280,1
281,3
282,3
283,1
284,0
285,3
286,4
287,4
288,2
289,3
290,3
291,3
292,0
293,4
294,2
295,2
296,2
297,3
298,1
299,2
300,4
301,1
302,2
303,1
304,0
305,2
306,2
307,1
308,3
309,3
310,2
311,2
312,1
313,0
314,4
315,0
316,1
317,4
318,2
319,1
320,0
321,3
322,1
323,2
324,0
325,1
326,3
327,0
328,3
329,3
330,1
331,2
332,0
333,0
334,2
335,2
336,3
337,0
338,0
339,4
340,0
341,3
342,1
343,2
344,1
345,0
346,3
347,1
348,3
349,2
350,2
351,0
352,2
353,3
354,1
355,4
356,2
357,3
358,2
359,1
360,2
361,1
362,3
363,2
364,1
365,4
366,4
367,2
368,2
369,3
370,1
371,2
372,0
373,2
374,4
375,1
376,2
377,0
378,2
379,1
380,2
381,1
382,0
383,2
384,2
385,1
386,4
387,1
388,1
389,1
390,3
391,2
392,1
393,1
394,1
395,2
396,1
397,0
398,3
399,1
400,4
401,1
402,1
403,0
404,0
405,3
406,2
407,3
408,2
409,3
410,1
411,2
412,0
413,3
414,1
415,2
416,2
417,2
418,4
419,4
420,3
421,4
422,1
423,4
424,0
425,0
426,1
427,4
428,4
429,4
430,1
431,3
432,1
433,2
434,1
435,3
436,2
437,4
438,1
439,2
440,4
441,1
442,0
443,0
444,2
445,3
446,1
447,0
448,0
449,0
450,2
451,1
452,2
453,4
454,0
455,3
456,2
457,2
458,2
459,0
460,4
461,0
462,3
463,0
464,2
465,4
466,1
467,3
468,0
469,1
470,1
471,4
472,0
473,2
474,4
475,0
476,1
477,4
478,2
479,1
480,4
481,0
482,2
483,4
484,4
485,0
486,0
487,4
488,1
489,0
490,3
491,1
492,1
493,1
494,4
495,2
496,3
497,0
498,3
499,3
500,3
501,1
502,0
503,0
504,2
505,4
506,3
507,1
508,2
509,2
510,2
511,0
512,2
513,0
514,0
515,0
516,1
517,3
518,2
519,0
520,2
521,0
522,1
523,2
524,1
525,2
526,4
527,0
528,2
529,4
530,1
531,2
532,0
533,1
534,2
535,0
536,4
537,4
538,1
539,1
540,0
541,1
542,0
543,3
544,1
545,0
546,1
547,2
548,3
549,0
550,0
551,0
552,0
553,3
554,1
555,4
556,2
557,0
558,0
559,0
560,1
561,2
562,2
563,1
564,0
565,3
566,1
567,0
568,1
569,4
570,2
571,0
572,3
573,4
574,2
575,1
576,2
577,1
578,3
579,2
580,3
581,0
582,2
583,2
584,1
585,2
586,3
587,2
588,0
589,1
590,0
591,0
592,3
593,1
594,1
595,2
596,0
597,1
598,3
599,4
600,0
601,1
602,0
603,0
604,2
605,0
606,2
607,1
608,1
609,1
610,0
611,2
612,1
613,2
614,2
615,2
616,4
617,4
618,1
619,1
620,3
621,2
622,4
623,1
624,4
625,3
626,1
627,0
628,1
629,3
630,0
631,1
632,2
633,2
634,1
635,2
636,4
637,3
638,4
639,2
640,3
641,4
642,3
643,0
644,4
645,1
646,0
647,2
648,3
649,2
650,4
651,1
652,2
653,3
654,3
655,0
656,0
657,0
658,0
659,3
660,1
661,2
662,1
663,4
664,4
665,2
666,3
667,4
668,4
669,0
670,0
671,4
672,1
673,3
674,3
675,4
676,1
677,3
678,1
679,2
680,0
681,3
682,3
683,2
684,1
685,2
686,0
687,2
688,1
689,3
690,0
691,0
692,0
693,0
694,0
695,4
696,4
697,0
698,0
699,0
700,3
701,2
702,4
703,4
704,4
705,0
706,1
707,1
708,3
709,1
710,4
711,4
712,0
713,0
714,1
715,3
716,1
717,1
718,3
719,4
720,2
721,3
722,1
723,4
724,2
725,0
726,0
727,1
728,1
729,0
730,1
731,4
732,0
733,2
734,0
735,0
736,4
737,1
738,0
739,4
740,4
741,1
742,1
743,1
744,0
745,3
746,1
747,1
748,2
749,4
750,3
751,2
752,2
753,0
754,4
755,1
756,3
757,0
758,1
759,2
760,2
761,3
762,2
763,3
764,0
765,1
766,3
767,0
768,3
769,3
770,1
771,0
772,0
773,2
774,0
775,1
776,1
777,0
778,0
779,4
780,3
781,2
782,1
783,3
784,1
785,1
786,2
787,2
788,2
789,0
790,4
791,3
792,2
793,4
794,3
795,3
796,3
797,0
798,1
799,1
800,0
801,0
802,3
803,0
804,3
805,4
806,2
807,1
808,3
809,0
810,1
811,2
812,0
813,3
814,3
815,0
816,1
817,2
818,0
819,3
820,2
821,3
822,4
823,1
824,0
825,0
826,3
827,2
828,1
829,4
830,2
831,1
832,4
833,2
834,0
835,2
836,0
837,3
838,2
839,0
840,1
841,2
842,4
843,2
844,1
845,0
846,1
847,3
848,3
849,0
850,4
851,2
852,3
853,3
854,4
855,1
856,1
857,2
858,2
859,0
860,1
861,2
862,4
863,4
864,4
865,4
866,2
867,3
868,4
869,0
870,2
871,0
872,2
873,2
874,3
875,1
876,4
877,2
878,2
879,0
880,2
881,3
882,4
883,1
884,0
885,3
886,3
887,1
888,3
889,1
890,1
891,2
892,0
893,1
894,3
895,0
896,0
897,3
898,3
899,3
900,0
901,0
902,1
903,0
904,1
905,4
906,0
907,2
908,4
909,4
910,4
911,1
912,2
913,4
914,0
915,0
916,1
917,2
918,3
919,3
920,1
921,1
922,3
923,3
924,3
925,2
926,1
927,3
928,1
929,2
930,4
931,3
932,3
933,3
934,0
935,3
936,1
937,3
938,1
939,3
940,1
941,2
942,4
943,4
944,1
945,2
946,2
947,1
948,4
949,1
950,3
951,4
952,0
953,2
954,3
955,4
956,2
957,2
958,3
959,1
960,3
961,2
962,2
963,3
964,1
965,2
966,4
967,2
968,3
969,3
970,1
971,1
972,0
973,1
974,1
975,1
976,4
977,4
978,2
979,4
980,3
981,3
982,4
983,1
984,4
985,2
986,3
987,1
988,3
989,0
990,3
991,4
992,1
993,1
994,0
995,1
996,3
997,1
998,3
999,3
1000,1
1001,2
1002,1
1003,0
1004,1
1005,3
1006,1
1007,1
1008,1
1009,0
1010,4
1011,3
1012,1
1013,3
1014,0
1015,2
1016,4
1017,4
1018,3
1019,4
1020,0
1021,3
1022,3
1023,4
1024,1
1025,0
1026,0
1027,0
1028,0
1029,2
1030,4
1031,2
1032,2
1033,1
1034,4
1035,3
1036,2
1037,4
1038,0
1039,4
1040,3
1041,2
1042,4
1043,3
1044,1
1045,0
1046,2
1047,0
1048,1
1049,4
1050,4
1051,3
1052,3
1053,1
1054,0
1055,1
1056,2
1057,3
1058,2
1059,0
1060,4
1061,1
1062,1
1063,4
1064,0
1065,3
1066,3
1067,0
1068,0
1069,0
1070,3
1071,1
1072,3
1073,2
1074,1
1075,4
1076,4
1077,0
1078,2
1079,4
1080,4
1081,4
1082,1
1083,1
1084,0
1085,0
1086,2
1087,1
1088,4
1089,3
1090,2
1091,2
1092,0
1093,1
1094,0
1095,3
1096,1
1097,0
1098,1
1099,1
1100,0
1101,3
1102,2
1103,3
1104,3
1105,4
1106,1
1107,3
1108,0
1109,3
1110,2
1111,0
1112,1
1113,1
1114,2
1115,4
1116,3
1117,1
1118,1
1119,3
1120,0
1121,4
1122,2
1123,1
1124,0
1125,1
1126,1
1127,1
1128,3
1129,0
1130,2
1131,4
1132,0
1133,4
1134,0
1135,1
1136,3
1137,2
1138,0
1139,3
1140,3
1141,4
1142,3
1143,1
1144,2
1145,0
1146,2
1147,2
1148,2
1149,0
1150,0
1151,0
1152,4
1153,0
1154,1
1155,4
1156,3
1157,2
1158,3
1159,2
1160,4
1161,1
1162,0
1163,0
1164,3
1165,1
1166,4
1167,1
1168,1
1169,2
1170,1
1171,3
1172,1
1173,0
1174,1
1175,1
1176,1
1177,3
1178,3
1179,4
1180,1
1181,4
1182,0
1183,1
1184,2
1185,0
1186,1
1187,4
1188,2
1189,0
1190,0
1191,1
1192,3
1193,2
1194,4
1195,1
1196,3
1197,0
1198,1
1199,4
1200,4
1201,2
1202,0
1203,3
1204,4
1205,1
1206,1
1207,3
1208,2
1209,0
1210,2
1211,2
1212,0
1213,4
1214,2
1215,3
1216,3
1217,4
1218,4
1219,2
1220,4
1221,3
1222,1
1223,1
1224,0
1225,2
1226,4
1227,4
1228,3
1229,1
1230,3
1231,4
1232,0
1233,1
1234,4
1235,3
1236,2
1237,2
1238,3
1239,4
1240,2
1241,2
1242,1
1243,4
1244,1
1245,2
1246,2
1247,2
1248,0
1249,0
1250,2
1251,0
1252,3
1253,0
1254,1
1255,3
1256,2
1257,3
1258,3
1259,1
1260,1
1261,3
1262,0
1263,1
1264,1
1265,1
1266,2
1267,4
1268,0
1269,4
1270,1
1271,0
1272,0
1273,0
1274,3
1275,1
1276,2
1277,2
1278,3
1279,1
1280,1
1281,1
1282,3
1283,4
1284,1
1285,1
1286,0
1287,2
1288,4
1289,4
1290,3
1291,0
1292,0
1293,3
1294,0
1295,2
1296,4
1297,2
1298,0
1299,1
1300,2
1301,2
1302,0
1303,2
1304,2
1305,4
1306,1
1307,3
1308,0
1309,2
1310,0
1311,0
1312,3
1313,2
1314,1
1315,0
1316,1
1317,3
1318,3
1319,2
1320,0
1321,4
1322,4
1323,0
1324,3
1325,4
1326,1
1327,2
1328,4
1329,2
1330,0
1331,4
1332,4
1333,4
1334,0
1335,1
1336,0
1337,2
1338,1
1339,0
1340,3
1341,1
1342,3
1343,0
1344,4
1345,4
1346,3
1347,3
1348,4
1349,0
1350,2
1351,2
1352,4
1353,2
1354,3
1355,2
1356,2
1357,2
1358,4
1359,3
1360,1
1361,4
1362,1
1363,3
1364,3
1365,2
1366,2
1367,2
1368,3
1369,2
1370,4
1371,4
1372,2
1373,0
1374,1
1375,0
1376,2
1377,2
1378,3
1379,3
1380,4
1381,0
1382,0
1383,1
1384,0
1385,1
1386,3
1387,0
1388,2
1389,1
1390,4
1391,2
1392,1
1393,3
1394,4
1395,1
1396,4
1397,2
1398,3
1399,2
1400,2
1401,4
1402,1
1403,0
1404,3
1405,1
1406,4
1407,0
1408,3
1409,0
1410,2
1411,0
1412,0
1413,4
1414,4
1415,1
1416,2
1417,2
1418,3
1419,2
1420,4
1421,3
1422,0
1423,1
1424,1
1425,4
1426,0
1427,4
1428,3
1429,1
1430,3
1431,2
1432,2
1433,3
1434,2
1435,4
1436,4
1437,1
1438,3
1439,2
1440,3
1441,4
1442,3
1443,3
1444,0
1445,0
1446,0
1447,4
1448,0
1449,1
1450,1
1451,0
1452,3
1453,4
1454,3
1455,4
1456,0
1457,4
1458,0
1459,1
1460,3
1461,4
1462,1
1463,2
1464,3
1465,4
1466,0
1467,0
1468,0
1469,4
1470,0
1471,4
1472,1
1473,1
1474,2
1475,0
1476,0
1477,4
1478,2
1479,0
1480,4
1481,3
1482,1
1483,2
1484,1
1485,0
1486,1
1487,3
1488,2
1489,2
1490,2
1491,0
1492,1
1493,2
1494,2
1495,3
1496,3
1497,4
1498,3
1499,4
1500,2
1501,2
1502,4
1503,4
1504,2
1505,1
1506,1
1507,2
1508,3
1509,1
1510,2
1511,0
1512,0
1513,4
1514,0
1515,0
1516,2
1517,2
1518,4
1519,3
1520,1
1521,2
1522,2
1523,4
1524,3
1525,0
1526,2
1527,3
1528,1
1529,4
1530,1
1531,3
1532,1
1533,1
1534,3
1535,0
1536,3
1537,3
1538,2
1539,3
1540,3
1541,2
1542,3
1543,2
1544,1
1545,3
1546,3
1547,3
1548,1
1549,3
1550,4
1551,2
1552,1
1553,4
1554,0
1555,4
1556,1
1557,4
1558,3
1559,2
1560,2
1561,0
1562,0
1563,2
1564,0
1565,4
1566,3
1567,4
1568,4
1569,4
1570,4
1571,1
1572,3
1573,3
1574,4
1575,4
1576,3
1577,2
1578,4
1579,2
1580,0
1581,0
1582,2
1583,2
1584,3
1585,3
1586,1
1587,0
1588,3
1589,1
1590,4
1591,0
1592,0
1593,2
1594,2
1595,3
1596,4
1597,1
1598,0
1599,2
1600,3
1601,0
1602,3
1603,1
1604,0
1605,4
1606,2
1607,0
1608,0
1609,3
1610,2
1611,1
1612,4
1613,2
1614,2
1615,2
1616,1
1617,3
1618,0
1619,4
1620,3
1621,3
1622,3
1623,1
1624,3
1625,1
1626,1
1627,2
1628,1
1629,4
1630,2
1631,2
1632,2
1633,2
1634,1
1635,1
1636,0
1637,3
1638,4
1639,0
1640,0
1641,4
1642,2
1643,3
1644,4
1645,0
1646,1
1647,0
1648,0
1649,0
1650,4
1651,2
1652,4
1653,3
1654,2
1655,1
1656,2
1657,3
1658,3
1659,4
1660,4
1661,2
1662,1
1663,2
1664,3
1665,3
1666,3
1667,2
1668,0
1669,4
1670,3
1671,1
1672,0
1673,4
1674,3
1675,3
1676,0
1677,0
1678,0
1679,2
1680,2
1681,1
1682,2
1683,3
1684,4
1685,4
1686,3
1687,3
1688,2
1689,4
1690,3
1691,1
1692,0
1693,1
1694,3
1695,2
1696,4
1697,1
1698,4
1699,2
1700,4
1701,3
1702,2
1703,4
1704,3
1705,1
1706,1
1707,3
1708,1
1709,2
1710,2
1711,1
1712,2
1713,4
1714,3
1715,3
1716,4
1717,0
1718,4
1719,1
1720,1
1721,4
1722,2
1723,3
1724,3
1725,0
1726,2
1727,0
1728,2
1729,2
1730,2
1731,0
1732,0
1733,3
1734,1
1735,1
1736,0
1737,0
1738,3
1739,0
1740,1
1741,0
1742,4
1743,2
1744,1
1745,2
1746,0
1747,2
1748,3
1749,0
1750,4
1751,1
1752,2
1753,2
1754,1
1755,2
1756,2
1757,3
1758,3
1759,0
1760,0
1761,0
1762,4
1763,3
1764,3
1765,1
1766,1
1767,3
1768,3
1769,2
1770,2
1771,4
1772,0
1773,4
1774,3
1775,1
1776,2
1777,2
1778,3
1779,3
1780,2
1781,0
1782,3
1783,1
1784,4
1785,4
1786,1
1787,0
1788,4
1789,0
1790,3
1791,2
1792,3
1793,3
1794,2
1795,0
1796,4
1797,0
1798,3
1799,2
1800,3
1801,3
1802,4
1803,1
1804,3
1805,0
1806,0
1807,0
1808,2
1809,1
1810,1
1811,2
1812,1
1813,1
1814,3
1815,0
1816,3
1817,3
1818,0
1819,3
1820,1
1821,3
1822,2
1823,3
1824,0
1825,4
1826,0
1827,3
1828,0
1829,0
1830,0
1831,0
1832,2
1833,2
1834,0
1835,2
1836,1
1837,0
1838,1
1839,2
1840,4
1841,3
1842,0
1843,3
1844,0
1845,0
1846,0
1847,0
1848,3
1849,3
1850,3
1851,3
1852,3
1853,3
1854,1
1855,4
1856,0
1857,2
1858,3
1859,1
1860,0
1861,0
1862,3
1863,4
1864,1
1865,1
1866,2
1867,2
1868,3
1869,3
1870,2
1871,2
1872,1
1873,0
1874,1
1875,2
1876,1
1877,3
1878,2
1879,3
1880,0
1881,3
1882,3
1883,2
1884,4
1885,2
1886,2
1887,2
1888,4
1889,2
1890,1
1891,0
1892,1
1893,2
1894,0
1895,3
1896,2
1897,1
1898,0
1899,2
1900,3
1901,1
1902,4
1903,3
1904,4
1905,3
1906,1
1907,1
1908,2
1909,4
1910,4
1911,0
1912,4
1913,4
1914,3
1915,1
1916,0
1917,1
1918,3
1919,3
1920,3
1921,4
1922,4
1923,0
1924,3
1925,4
1926,3
1927,2
1928,4
1929,1
1930,0
1931,1
1932,3
1933,4
1934,0
1935,3
1936,1
1937,2
1938,1
1939,1
1940,2
1941,1
1942,0
1943,1
1944,2
1945,1
1946,3
1947,3
1948,2
1949,4
1950,1
1951,3
1952,3
1953,0
1954,0
1955,0
1956,3
1957,4
1958,4
1959,1
1960,4
1961,3
1962,0
1963,1
1964,2
1965,4
1966,3
1967,1
1968,0
1969,4
1970,3
1971,4
1972,0
1973,2
1974,0
1975,1
1976,0
1977,2
1978,3
1979,0
1980,3
1981,1
1982,0
1983,2
1984,3
1985,1
1986,1
1987,1
1988,0
1989,3
1990,4
1991,1
1992,1
1993,1
1994,4
1995,2
1996,2
1997,1
1998,0
1999,0
2000,0
2001,1
2002,2
2003,2
2004,4
2005,4
2006,0
2007,1
2008,2
2009,2
2010,4
2011,1
2012,2
2013,2
2014,1
2015,3
2016,3
2017,1
2018,2
2019,3
2020,3
2021,4
2022,0
2023,0
2024,4
2025,0
2026,1
2027,4
2028,0
2029,2
2030,3
2031,0
2032,1
2033,1
2034,3
2035,0
2036,2
2037,1
2038,0
2039,2
2040,0
2041,3
2042,1
2043,1
2044,2
2045,4
2046,3
2047,0
2048,2
2049,3
2050,2
2051,3
2052,3
2053,1
2054,4
2055,1
2056,1
2057,3
2058,0
2059,3
2060,3
2061,1
2062,4
2063,0
2064,4
2065,2
2066,1
2067,4
2068,4
2069,0
2070,3
2071,2
2072,2
2073,2
2074,4
2075,2
2076,1
2077,1
2078,2
2079,0
2080,3
2081,0
2082,0
2083,3
2084,4
2085,3
2086,1
2087,3
2088,2
2089,3
2090,2
2091,0
2092,2
2093,2
2094,1
2095,3
2096,2
2097,1
2098,2
2099,3
2100,0
2101,2
2102,4
2103,0
2104,1
2105,0
2106,3
2107,0
2108,2
2109,2
2110,3
2111,0
2112,4
2113,4
2114,4
2115,3
2116,0
2117,0
2118,0
2119,2
2120,1
2121,4
2122,4
2123,2
2124,0
2125,4
2126,1
2127,0
2128,2
2129,0
2130,3
2131,3
2132,2
2133,4
2134,3
2135,2
2136,4
2137,4
2138,3
2139,1
2140,3
2141,3
2142,3
2143,1
2144,3
2145,3
2146,4
2147,4
2148,3
2149,3
2150,4
2151,3
2152,1
2153,3
2154,2
2155,1
2156,0
2157,0
2158,1
2159,2
2160,2
2161,2
2162,0
2163,1
2164,4
2165,0
2166,0
2167,1
2168,3
2169,3
2170,0
2171,0
2172,0
2173,0
2174,2
2175,1
2176,1
2177,2
2178,2
2179,0
2180,0
2181,3
2182,4
2183,3
2184,4
2185,4
2186,1
2187,2
2188,1
2189,0
2190,0
2191,0
2192,1
2193,1
2194,3
2195,3
2196,3
2197,0
2198,1
2199,3
2200,0
2201,0
2202,3
2203,3
2204,0
2205,2
2206,1
2207,2
2208,3
2209,3
2210,3
2211,2
2212,1
2213,0
2214,2
2215,2
2216,2
2217,1
2218,0
2219,4
2220,3
2221,4
2222,0
2223,4
2224,3
2225,0
2226,4
2227,4
2228,3
2229,2
2230,4
2231,2
2232,2
2233,0
2234,1
2235,3
2236,2
2237,2
2238,0
2239,1
2240,4
2241,2
2242,4
2243,0
2244,3
2245,2
2246,4
2247,0
2248,1
2249,3
2250,0
2251,2
2252,4
2253,0
2254,4
2255,3
2256,0
2257,2
2258,0
2259,0
2260,2
2261,2
2262,2
2263,1
2264,1
2265,3
2266,0
2267,2
2268,1
2269,1
2270,3
2271,1
2272,2
2273,0
2274,0
2275,1
2276,4
2277,4
2278,4
2279,4
2280,3
2281,2
2282,0
2283,0
2284,1
2285,1
2286,0
2287,0
2288,2
2289,3
2290,2
2291,3
2292,1
2293,2
2294,0
2295,1
2296,1
2297,3
2298,3
2299,2
2300,2
2301,1
2302,2
2303,2
2304,0
2305,1
2306,3
2307,2
2308,4
2309,1
2310,3
2311,2
2312,1
2313,3
2314,2
2315,1
2316,2
2317,3
2318,4
2319,2
2320,0
2321,3
2322,1
2323,1
2324,0
2325,1
2326,0
2327,1
2328,3
2329,0
2330,3
2331,4
2332,3
2333,4
2334,2
2335,0
2336,0
2337,0
2338,3
2339,3
2340,3
2341,0
2342,3
2343,4
2344,0
2345,0
2346,2
2347,4
2348,4
2349,4
2350,1
2351,3
2352,4
2353,3
2354,0
2355,2
2356,1
2357,0
2358,0
2359,3
2360,2
2361,2
2362,3
2363,3
2364,4
2365,1
2366,3
2367,2
2368,3
2369,1
2370,1
2371,3
2372,4
2373,1
2374,4
2375,2
2376,0
2377,0
2378,1
2379,0
2380,0
2381,1
2382,3
2383,4
2384,2
2385,1
2386,1
2387,1
2388,2
2389,3
2390,3
2391,4
2392,0
2393,4
2394,1
2395,1
2396,1
2397,3
2398,3
2399,2
2400,1
2401,1
2402,0
2403,2
2404,0
2405,0
2406,1
2407,2
2408,3
2409,1
2410,0
2411,2
2412,1
2413,4
2414,1
2415,1
2416,3
2417,0
2418,0
2419,4
2420,2
2421,0
2422,0
2423,3
2424,2
2425,3
2426,2
2427,1
2428,3
2429,2
2430,0
2431,1
2432,3
2433,1
2434,1
2435,2
2436,2
2437,0
2438,0
2439,3
2440,2
2441,2
2442,0
2443,2
2444,2
2445,2
2446,2
2447,0
2448,1
2449,1
2450,4
2451,0
2452,0
2453,2
2454,4
2455,1
2456,2
2457,2
2458,3
2459,3
2460,3
2461,0
2462,3
2463,4
2464,1
2465,2
2466,2
2467,4
2468,3
2469,4
2470,3
2471,2
2472,2
2473,2
2474,4
2475,1
2476,2
2477,2
2478,2
2479,3
2480,3
2481,2
2482,4
2483,3
2484,1
2485,1
2486,1
2487,3
2488,1
2489,0
2490,3
2491,1
2492,0
2493,3
2494,3
2495,3
2496,0
2497,3
2498,1
2499,1
2500,4
2501,0
2502,1
2503,2
2504,1
2505,0
2506,4
2507,3
2508,3
2509,2
2510,3
2511,2
2512,0
2513,3
2514,4
2515,0
2516,0
2517,0
2518,2
2519,1
2520,0
2521,3
2522,1
2523,0
2524,3
2525,4
2526,0
2527,3
2528,0
2529,3
2530,1
2531,0
2532,0
2533,3
2534,0
2535,3
2536,2
2537,4
2538,1
2539,4
2540,3
2541,0
2542,3
2543,3
2544,0
2545,0
2546,3
2547,2
2548,1
2549,1
2550,1
2551,1
2552,2
2553,1
2554,4
2555,0
2556,0
2557,2
2558,3
2559,3
2560,3
2561,3
2562,0
2563,2
2564,2
2565,1
2566,2
2567,3
2568,2
2569,2
2570,0
2571,1
2572,1
2573,0
2574,0
2575,0
2576,1
2577,2
2578,0
2579,1
2580,4
2581,3
2582,2
2583,0
2584,3
2585,1
2586,2
2587,3
2588,0
2589,4
2590,0
2591,3
2592,1
2593,3
2594,1
2595,0
2596,1
2597,3
2598,2
2599,1
2600,4
2601,1
2602,2
2603,3
2604,3
2605,0
2606,4
2607,2
2608,1
2609,4
2610,3
2611,3
2612,3
2613,2
2614,2
2615,2
2616,1
2617,3
2618,3
2619,0
2620,2
2621,0
2622,2
2623,0
2624,3
2625,3
2626,3
2627,4
2628,1
2629,2
2630,1
2631,1
2632,0
2633,2
2634,2
2635,0
2636,2
2637,1
2638,3
2639,1
2640,4
2641,4
2642,0
2643,3
2644,2
2645,2
2646,0
2647,1
2648,2
2649,2
2650,1
2651,1
2652,2
2653,1
2654,2
2655,2
2656,0
2657,2
2658,4
2659,1
2660,0
2661,3
2662,0
2663,2
2664,2
2665,0
2666,0
2667,1
2668,4
2669,0
2670,0
2671,2
2672,0
2673,3
2674,3
2675,0
2676,0
2677,2
2678,3
2679,0
2680,2
2681,1
2682,2
2683,2
2684,1
2685,1
2686,2
2687,4
2688,3
2689,0
2690,3
2691,4
2692,1
2693,0
2694,2
2695,2
2696,3
2697,1
2698,1
2699,0
2700,2
2701,3
2702,0
2703,4
2704,4
2705,2
2706,4
2707,1
2708,1
2709,3
2710,4
2711,4
2712,2
2713,0
2714,2
2715,1
2716,3
2717,4
2718,0
2719,0
2720,1
2721,0
2722,4
2723,0
2724,1
2725,1
2726,0
2727,3
2728,0
2729,3
2730,4
2731,2
2732,2
2733,3
2734,1
2735,3
2736,3
2737,2
2738,0
2739,0
2740,2
2741,2
2742,3
2743,4
2744,0
2745,4
2746,0
2747,0
2748,3
2749,4
2750,0
2751,1
2752,1
2753,3
2754,4
2755,0
2756,0
2757,4
2758,0
2759,1
2760,2
2761,1
2762,3
2763,1
2764,1
2765,3
2766,1
2767,3
2768,3
2769,2
2770,1
2771,4
2772,3
2773,2
2774,3
2775,2
2776,0
2777,2
2778,3
2779,0
2780,3
2781,1
2782,3
2783,0
2784,2
2785,1
2786,4
2787,2
2788,0
2789,4
2790,0
2791,0
2792,1
2793,3
2794,1
2795,0
2796,3
2797,3
2798,0
2799,0
2800,0
2801,4
2802,0
2803,1
2804,0
2805,0
2806,3
2807,3
2808,1
2809,4
2810,2
2811,3
2812,1
2813,4
2814,4
2815,1
2816,4
2817,0
2818,3
2819,3
2820,3
2821,3
2822,4
2823,1
2824,1
2825,4
2826,0
2827,0
2828,1
2829,4
2830,3
2831,2
2832,1
2833,0
2834,1
2835,1
2836,2
2837,1
2838,1
2839,3
2840,2
2841,1
2842,1
2843,2
2844,4
2845,2
2846,3
2847,2
2848,4
2849,0
2850,2
2851,2
2852,1
2853,0
2854,4
2855,1
2856,0
2857,4
2858,1
2859,2
2860,4
2861,4
2862,4
2863,3
2864,4
2865,2
2866,4
2867,4
2868,3
2869,1
2870,0
2871,1
2872,2
2873,2
2874,1
2875,3
2876,0
2877,3
2878,4
2879,3
2880,1
2881,4
2882,1
2883,1
2884,2
2885,2
2886,2
2887,2
2888,1
2889,4
2890,2
2891,0
2892,4
2893,0
2894,1
2895,1
2896,1
2897,2
2898,4
2899,2
2900,3
2901,2
2902,4
2903,1
2904,0
2905,4
2906,0
2907,2
2908,2
2909,0
2910,3
2911,3
2912,3
2913,2
2914,3
2915,2
2916,2
2917,3
2918,1
2919,0
2920,1
2921,3
2922,0
2923,3
2924,1
2925,3
2926,0
2927,2
2928,2
2929,1
2930,3
2931,0
2932,3
2933,1
2934,3
2935,0
2936,3
2937,1
2938,1
2939,4
2940,1
2941,0
2942,0
2943,3
2944,4
2945,1
2946,0
2947,0
2948,3
2949,1
2950,2
2951,2
2952,4
2953,1
2954,4
2955,4
2956,0
2957,1
2958,1
2959,3
2960,0
2961,1
2962,0
2963,2
2964,1
2965,1
2966,1
2967,0
2968,4
2969,0
2970,3
2971,3
2972,0
2973,1
2974,0
2975,4
2976,1
2977,4
2978,2
2979,3
2980,4
2981,1
2982,3
2983,4
2984,0
2985,0
2986,0
2987,3
2988,3
2989,3
2990,1
2991,4
2992,0
2993,1
2994,3
2995,0
2996,1
2997,2
2998,1
2999,3
3000,3
3001,2
3002,3
3003,2
3004,1
3005,1
3006,3
3007,3
3008,3
3009,1
3010,1
3011,4
3012,4
3013,2
3014,3
3015,4
3016,1
3017,3
3018,0
3019,4
3020,3
3021,2
3022,0
3023,2
3024,0
3025,3
3026,1
3027,1
3028,2
3029,4
3030,2
3031,1
3032,0
3033,2
3034,3
3035,3
3036,1
3037,1
3038,0
3039,0
3040,4
3041,1
3042,0
3043,1
3044,3
3045,2
3046,0
3047,0
3048,3
3049,0
3050,1
3051,2
3052,1
3053,1
3054,3
3055,4
3056,3
3057,0
3058,1
3059,1
3060,4
3061,0
3062,2
3063,1
3064,3
3065,4
3066,1
3067,0
3068,0
3069,2
3070,3
3071,2
3072,4
3073,4
3074,0
3075,4
3076,1
3077,2
3078,2
3079,0
3080,3
3081,1
3082,4
3083,1
3084,2
3085,4
3086,3
3087,0
3088,4
3089,1
3090,4
3091,0
3092,2
3093,3
3094,4
3095,2
3096,0
3097,1
3098,0
3099,1
3100,4
3101,0
3102,3
3103,0
3104,2
3105,3
3106,0
3107,0
3108,4
3109,2
3110,1
3111,1
3112,0
3113,4
3114,0
3115,1
3116,3
3117,2
3118,3
3119,3
3120,4
3121,4
3122,4
3123,0
3124,0
3125,1
3126,1
3127,0
3128,0
3129,3
3130,3
3131,2
3132,3
3133,4
3134,3
3135,4
3136,2
3137,0
3138,2
3139,4
3140,3
3141,3
3142,1
3143,0
3144,0
3145,0
3146,3
3147,2
3148,3
3149,0
3150,2
3151,4
3152,0
3153,4
3154,1
3155,2
3156,0
3157,1
3158,0
3159,1
3160,0
3161,4
3162,3
3163,0
3164,1
3165,1
3166,4
3167,1
3168,4
3169,0
3170,2
3171,2
3172,1
3173,0
3174,1
3175,3
3176,4
3177,1
3178,2
3179,2
3180,2
3181,0
3182,3
3183,0
3184,1
3185,1
3186,4
3187,2
3188,0
3189,2
3190,1
3191,3
3192,3
3193,4
3194,0
3195,2
3196,3
3197,2
3198,4
3199,0
3200,0
3201,2
3202,4
3203,0
3204,2
3205,4
3206,3
3207,3
3208,0
3209,0
3210,2
3211,0
3212,2
3213,3
3214,2
3215,1
3216,0
3217,4
3218,3
3219,4
3220,0
3221,4
3222,3
3223,3
3224,3
3225,0
3226,2
3227,0
3228,0
3229,3
3230,2
3231,4
3232,0
3233,2
3234,3
3235,1
3236,3
3237,4
3238,1
3239,2
3240,4
3241,3
3242,0
3243,1
3244,4
3245,4
3246,4
3247,0
3248,2
3249,1
3250,1
3251,1
3252,4
3253,1
3254,2
3255,3
3256,2
3257,2
3258,2
3259,2
3260,1
3261,3
3262,1
3263,1
3264,1
3265,3
3266,1
3267,1
3268,2
3269,2
3270,1
3271,0
3272,4
3273,4
3274,0
3275,3
3276,2
3277,1
3278,3
3279,1
3280,1
3281,1
3282,2
3283,4
3284,3
3285,4
3286,2
3287,0
3288,3
3289,3
3290,4
3291,1
3292,2
3293,2
3294,3
3295,0
3296,3
3297,2
3298,2
3299,0
3300,0
3301,1
3302,1
3303,0
3304,3
3305,0
3306,2
3307,1
3308,0
3309,4
3310,3
3311,1
3312,0
3313,2
3314,2
3315,4
3316,1
3317,4
3318,1
3319,4
3320,2
3321,1
3322,0
3323,2
3324,2
3325,4
3326,2
3327,3
3328,0
3329,1
3330,2
3331,0
3332,0
3333,0
3334,1
3335,3
3336,0
3337,2
3338,2
3339,4
3340,1
3341,4
3342,4
3343,1
3344,3
3345,2
3346,4
3347,3
3348,2
3349,0
3350,2
3351,2
3352,3
3353,3
3354,1
3355,3
3356,4
3357,0
3358,3
3359,3
3360,2
3361,4
3362,3
3363,1
3364,3
3365,1
3366,1
3367,4
3368,2
3369,0
3370,0
3371,2
3372,0
3373,1
3374,0
3375,3
3376,0
3377,2
3378,1
3379,3
3380,0
3381,0
3382,0
3383,1
3384,4
3385,2
3386,1
3387,1
3388,3
3389,2
3390,3
3391,0
3392,2
3393,0
3394,1
3395,2
3396,2
3397,2
3398,1
3399,3
3400,0
3401,3
3402,2
3403,0
3404,4
3405,0
3406,1
3407,1
3408,1
3409,2
3410,0
3411,0
3412,1
3413,0
3414,2
3415,0
3416,2
3417,0
3418,0
3419,1
3420,2
3421,1
3422,1
3423,3
3424,0
3425,3
3426,1
3427,2
3428,1
3429,0
3430,3
3431,4
3432,3
3433,2
3434,4
3435,4
3436,1
3437,2
3438,4
3439,2
3440,0
3441,4
3442,4
3443,4
3444,3
3445,1
3446,0
3447,4
3448,4
3449,0
3450,1
3451,1
3452,4
3453,0
3454,1
3455,1
3456,3
3457,3
3458,3
3459,2
3460,4
3461,1
3462,0
3463,0
3464,1
3465,1
3466,0
3467,0
3468,0
3469,0
3470,3
3471,0
3472,2
3473,4
3474,3
3475,2
3476,1
3477,2
3478,0
3479,4
3480,0
3481,1
3482,0
3483,1
3484,3
3485,2
3486,0
3487,0
3488,0
3489,0
3490,1
3491,4
3492,1
3493,1
3494,2
3495,0
3496,0
3497,1
3498,1
3499,4
3500,0
3501,0
3502,3
3503,3
3504,3
3505,0
3506,0
3507,0
3508,1
3509,2
3510,2
3511,1
3512,0
3513,3
3514,3
3515,4
3516,2
3517,0
3518,4
3519,3
3520,0
3521,2
3522,0
3523,4
3524,3
3525,0
3526,2
3527,0
3528,0
3529,3
3530,2
3531,1
3532,3
3533,4
3534,1
3535,1
3536,1
3537,2
3538,4
3539,2
3540,1
3541,3
3542,3
3543,1
3544,1
3545,1
3546,0
3547,0
3548,0
3549,0
3550,3
3551,3
3552,3
3553,4
3554,3
3555,1
3556,1
3557,2
3558,3
3559,2
3560,0
3561,3
3562,3
3563,3
3564,0
3565,2
3566,1
3567,0
3568,2
3569,3
3570,0
3571,1
3572,2
3573,2
3574,1
3575,2
3576,4
3577,0
3578,2
3579,0
3580,4
3581,0
3582,4
3583,4
3584,3
3585,0
3586,3
3587,1
3588,2
3589,2
3590,1
3591,3
3592,2
3593,4
3594,1
3595,1
3596,2
3597,4
3598,3
3599,2
3600,0
3601,1
3602,0
3603,2
3604,3
3605,2
3606,0
3607,3
3608,0
3609,0
3610,2
3611,0
3612,1
3613,2
3614,1
3615,0
3616,0
3617,1
3618,4
3619,1
3620,2
3621,3
3622,3
3623,0
3624,1
3625,1
3626,1
3627,1
3628,3
3629,4
3630,4
3631,0
3632,0
3633,1
3634,2
3635,1
3636,4
3637,1
3638,2
3639,4
3640,3
3641,0
3642,2
3643,3
3644,3
3645,3
3646,1
3647,2
3648,2
3649,4
3650,1
3651,0
3652,2
3653,1
3654,1
3655,2
3656,0
3657,3
3658,2
3659,3
3660,2
3661,3
3662,4
3663,2
3664,0
3665,2
3666,4
3667,1
3668,4
3669,3
3670,2
3671,3
3672,0
3673,4
3674,2
3675,3
3676,4
3677,1
3678,2
3679,1
3680,2
3681,4
3682,1
3683,0
3684,3
3685,2
3686,0
3687,2
3688,3
3689,1
3690,1
3691,1
3692,4
3693,1
3694,0
3695,1
3696,4
3697,4
3698,2
3699,4
3700,2
3701,3
3702,0
3703,3
3704,3
3705,1
3706,3
3707,1
3708,0
3709,1
3710,3
3711,2
3712,1
3713,4
3714,4
3715,4
3716,4
3717,0
3718,0
3719,4
3720,1
3721,0
3722,2
3723,2
3724,3
3725,2
3726,0
3727,0
3728,2
3729,1
3730,1
3731,3
3732,1
3733,0
3734,2
3735,2
3736,3
3737,0
3738,3
3739,1
3740,4
3741,1
3742,4
3743,0
3744,1
3745,0
3746,1
3747,4
3748,2
3749,2
3750,0
3751,0
3752,1
3753,0
3754,4
3755,2
3756,0
3757,0
3758,3
3759,3
3760,3
3761,1
3762,1
3763,4
3764,4
3765,1
3766,0
3767,0
3768,3
3769,2
3770,3
3771,3
3772,4
3773,0
3774,0
3775,1
3776,4
3777,0
3778,1
3779,1
3780,0
3781,2
3782,4
3783,2
3784,3
3785,4
3786,3
3787,4
3788,2
3789,4
3790,0
3791,2
3792,4
3793,2
3794,3
3795,0
3796,3
3797,0
3798,1
3799,2
3800,2
3801,2
3802,2
3803,3
3804,4
3805,1
3806,1
3807,3
3808,2
3809,0
3810,2
3811,1
3812,1
3813,1
3814,2
3815,0
3816,2
3817,4
3818,4
3819,3
3820,0
3821,4
3822,2
3823,1
3824,3
3825,0
3826,1
3827,1
3828,3
3829,1
3830,2
3831,0
3832,1
3833,1
3834,2
3835,0
3836,4
3837,1
3838,0
3839,4
3840,3
3841,2
3842,1
3843,3
3844,3
3845,3
3846,3
3847,1
3848,1
3849,3
3850,1
3851,1
3852,2
3853,2
3854,2
3855,0
3856,3
3857,0
3858,4
3859,1
3860,3
3861,1
3862,2
3863,2
3864,2
3865,1
3866,0
3867,2
3868,3
3869,3
3870,1
3871,0
3872,2
3873,0
3874,2
3875,4
3876,4
3877,1
3878,4
3879,0
3880,3
3881,1
3882,0
3883,1
3884,2
3885,4
3886,4
3887,4
3888,3
3889,1
3890,4
3891,4
3892,4
3893,0
3894,1
3895,4
3896,0
3897,1
3898,0
3899,3
3900,2
3901,0
3902,4
3903,1
3904,0
3905,0
3906,0
3907,2
3908,4
3909,4
3910,0
3911,1
3912,2
3913,3
3914,1
3915,2
3916,4
3917,3
3918,4
3919,2
3920,3
3921,2
3922,0
3923,3
3924,3
3925,4
3926,4
3927,3
3928,2
3929,0
3930,1
3931,1
3932,2
3933,2
3934,2
3935,1
3936,1
3937,0
3938,1
3939,2
3940,2
3941,4
3942,4
3943,4
3944,0
3945,0
3946,1
3947,4
3948,4
3949,0
3950,1
3951,0
3952,3
3953,3
3954,0
3955,2
3956,4
3957,4
3958,4
3959,0
3960,4
3961,0
3962,2
3963,4
3964,2
3965,0
3966,1
3967,3
3968,3
3969,1
3970,4
3971,1
3972,1
3973,2
3974,0
3975,1
3976,0
3977,0
3978,0
3979,3
3980,0
3981,1
3982,0
3983,4
3984,3
3985,2
3986,3
3987,1
3988,3
3989,0
3990,1
3991,4
3992,0
3993,1
3994,1
3995,0
3996,0
3997,3
3998,1
3999,1
4000,0
4001,4
4002,1
4003,1
4004,2
4005,4
4006,4
4007,1
4008,0
4009,1
4010,4
4011,2
4012,4
4013,2
4014,3
4015,1
4016,1
4017,1
4018,4
4019,1
4020,3
4021,0
4022,1
4023,2
4024,2
4025,0
4026,2
4027,3
4028,0
4029,1
4030,3
4031,0
4032,1
4033,3
4034,0
4035,4
4036,0
4037,0
4038,0
4039,2
4040,1
4041,2
4042,3
4043,0
4044,4
4045,4
4046,1
4047,4
4048,1
4049,2
4050,1
4051,3
4052,0
4053,2
4054,4
4055,2
4056,1
4057,3
4058,1
4059,2
4060,0
4061,1
4062,4
4063,4
4064,3
4065,0
4066,0
4067,2
4068,3
4069,4
4070,2
4071,3
4072,3
4073,4
4074,0
4075,1
4076,1
4077,4
4078,4
4079,0
4080,1
4081,2
4082,2
4083,1
4084,4
4085,2
4086,2
4087,1
4088,3
4089,4
4090,0
4091,4
4092,2
4093,1
4094,2
4095,3
4096,0
4097,0
4098,0
4099,0
4100,1
4101,1
4102,0
4103,3
4104,1
4105,4
4106,0
4107,4
4108,4
4109,3
4110,3
4111,0
4112,2
4113,1
4114,2
4115,1
4116,2
4117,2
4118,1
4119,0
4120,4
4121,0
4122,3
4123,2
4124,2
4125,2
4126,1
4127,0
4128,2
4129,1
4130,1
4131,1
4132,4
4133,1
4134,0
4135,1
4136,2
4137,1
4138,1
4139,2
4140,2
4141,4
4142,3
4143,3
4144,4
4145,0
4146,3
4147,1
4148,4
4149,0
4150,3
4151,1
4152,4
4153,1
4154,1
4155,3
4156,4
4157,2
4158,3
4159,2
4160,3
4161,1
4162,2
4163,1
4164,1
4165,0
4166,3
4167,2
4168,2
4169,4
4170,4
4171,0
4172,0
4173,0
4174,0
4175,2
4176,1
4177,1
4178,1
4179,3
4180,1
4181,2
4182,2
4183,4
4184,3
4185,1
4186,4
4187,3
4188,2
4189,1
4190,4
4191,4
4192,4
4193,0
4194,2
4195,3
4196,4
4197,1
4198,2
4199,0
4200,2
4201,0
4202,0
4203,2
4204,1
4205,2
4206,3
4207,2
4208,0
4209,3
4210,3
4211,3
4212,3
4213,2
4214,0
4215,0
4216,0
4217,4
4218,0
4219,4
4220,2
4221,1
4222,0
4223,1
4224,1
4225,3
4226,2
4227,3
4228,1
4229,3
4230,0
4231,0
4232,1
4233,4
4234,4
4235,1
4236,2
4237,1
4238,3
4239,3
4240,4
4241,0
4242,2
4243,1
4244,2
4245,1
4246,4
4247,2
4248,4
4249,4
4250,2
4251,2
4252,1
4253,4
4254,0
4255,3
4256,4
4257,4
4258,2
4259,0
4260,0
4261,4
4262,3
4263,1
4264,2
4265,2
4266,0
4267,4
4268,4
4269,2
4270,4
4271,0
4272,2
4273,4
4274,0
4275,4
4276,3
4277,0
4278,3
4279,1
4280,1
4281,2
4282,1
4283,0
4284,3
4285,3
4286,1
4287,0
4288,2
4289,4
4290,2
4291,0
4292,2
4293,4
4294,4
4295,0
4296,2
4297,0
4298,1
4299,3
4300,3
4301,4
4302,0
4303,2
4304,3
4305,4
4306,1
4307,0
4308,2
4309,3
4310,1
4311,3
4312,2
4313,1
4314,0
4315,4
4316,1
4317,4
4318,0
4319,3
4320,4
4321,3
4322,1
4323,1
4324,1
4325,0
4326,1
4327,4
4328,3
4329,3
4330,2
4331,4
4332,1
4333,3
4334,3
4335,1
4336,2
4337,1
4338,0
4339,2
4340,0
4341,2
4342,2
4343,3
4344,1
4345,3
4346,2
4347,3
4348,1
4349,3
4350,1
4351,2
4352,4
4353,0
4354,4
4355,1
4356,2
4357,3
4358,3
4359,0
4360,3
4361,3
4362,3
4363,4
4364,0
4365,4
4366,3
4367,0
4368,2
4369,1
4370,1
4371,1
4372,2
4373,0
4374,1
4375,3
4376,0
4377,2
4378,4
4379,3
4380,0
4381,4
4382,2
4383,0
4384,0
4385,2
4386,0
4387,0
4388,2
4389,4
4390,2
4391,3
4392,2
4393,3
4394,1
4395,2
4396,1
4397,4
4398,4
4399,1
4400,3
4401,0
4402,4
4403,0
4404,0
4405,2
4406,2
4407,1
4408,4
4409,0
4410,0
4411,2
4412,3
4413,2
4414,0
4415,0
4416,0
4417,3
4418,0
4419,0
4420,1
4421,2
4422,0
4423,0
4424,2
4425,3
4426,2
4427,2
4428,0
4429,0
4430,1
4431,4
4432,3
4433,4
4434,4
4435,2
4436,0
4437,4
4438,2
4439,2
4440,2
4441,3
4442,4
4443,4
4444,3
4445,3
4446,0
4447,3
4448,0
4449,0
4450,0
4451,2
4452,0
4453,4
4454,4
4455,2
4456,1
4457,0
4458,1
4459,2
4460,0
4461,0
4462,2
4463,3
4464,0
4465,3
4466,1
4467,2
4468,3
4469,3
4470,3
4471,0
4472,2
4473,1
4474,1
4475,4
4476,1
4477,1
4478,4
4479,2
4480,1
4481,0
4482,0
4483,1
4484,0
4485,3
4486,1
4487,0
4488,3
4489,2
4490,0
4491,4
4492,1
4493,3
4494,4
4495,2
4496,2
4497,1
4498,3
4499,1
4500,4
4501,4
4502,4
4503,0
4504,4
4505,2
4506,3
4507,1
4508,4
4509,3
4510,1
4511,0
4512,4
4513,3
4514,1
4515,4
4516,3
4517,0
4518,4
4519,3
4520,3
4521,3
4522,2
4523,4
4524,4
4525,1
4526,2
4527,0
4528,2
4529,2
4530,3
4531,1
4532,1
4533,0
4534,0
4535,2
4536,1
4537,1
4538,0
4539,1
4540,3
4541,0
4542,2
4543,1
4544,3
4545,3
4546,1
4547,4
4548,1
4549,3
4550,0
4551,1
4552,4
4553,0
4554,2
4555,2
4556,1
4557,1
4558,2
4559,2
4560,0
4561,0
4562,4
4563,2
4564,2
4565,2
4566,0
4567,2
4568,4
4569,4
4570,2
4571,4
4572,0
4573,2
4574,1
4575,2
4576,2
4577,0
4578,2
4579,4
4580,2
4581,2
4582,2
4583,3
4584,3
4585,0
4586,2
4587,1
4588,2
4589,2
4590,0
4591,4
4592,0
4593,4
4594,2
4595,2
4596,1
4597,1
4598,0
4599,1
4600,2
4601,4
4602,1
4603,4
4604,1
4605,1
4606,0
4607,3
4608,4
4609,0
4610,0
4611,3
4612,4
4613,0
4614,1
4615,3
4616,4
4617,4
4618,4
4619,2
4620,1
4621,1
4622,1
4623,0
4624,3
4625,3
4626,0
4627,0
4628,3
4629,3
4630,1
4631,3
4632,3
4633,1
4634,4
4635,0
4636,1
4637,4
4638,1
4639,1
4640,2
4641,3
4642,4
4643,3
4644,2
4645,0
4646,2
4647,2
4648,3
4649,2
4650,1
4651,1
4652,3
4653,1
4654,0
4655,2
4656,0
4657,0
4658,1
4659,4
4660,0
4661,3
4662,0
4663,1
4664,3
4665,3
4666,0
4667,4
4668,3
4669,2
4670,1
4671,1
4672,3
4673,3
4674,3
4675,2
4676,2
4677,2
4678,1
4679,1
4680,4
4681,3
4682,0
4683,2
4684,3
4685,3
4686,2
4687,4
4688,2
4689,2
4690,4
4691,0
4692,1
4693,4
4694,0
4695,1
4696,4
4697,3
4698,3
4699,1
4700,1
4701,2
4702,1
4703,2
4704,2
4705,3
4706,1
4707,0
4708,3
4709,2
4710,2
4711,4
4712,0
4713,4
4714,2
4715,2
4716,3
4717,1
4718,1
4719,1
4720,4
4721,2
4722,1
4723,4
4724,4
4725,1
4726,3
4727,2
4728,1
4729,2
4730,3
4731,3
4732,2
4733,2
4734,0
4735,4
4736,1
4737,1
4738,4
4739,4
4740,2
4741,2
4742,2
4743,0
4744,2
4745,1
4746,3
4747,3
4748,0
4749,1
4750,2
4751,0
4752,0
4753,1
4754,0
4755,3
4756,3
4757,4
4758,1
4759,2
4760,0
4761,3
4762,2
4763,0
4764,3
4765,2
4766,4
4767,2
4768,3
4769,0
4770,1
4771,1
4772,1
4773,0
4774,1
4775,4
4776,3
4777,3
4778,3
4779,0
4780,3
4781,0
4782,2
4783,1
4784,2
4785,3
4786,1
4787,0
4788,3
4789,1
4790,0
4791,2
4792,1
4793,1
4794,2
4795,4
4796,3
4797,1
4798,0
4799,2
4800,3
4801,4
4802,2
4803,2
4804,0
4805,3
4806,1
4807,0
4808,0
4809,1
4810,3
4811,4
4812,4
4813,0
4814,0
4815,3
4816,1
4817,2
4818,2
4819,0
4820,2
4821,4
4822,4
4823,4
4824,4
4825,1
4826,0
4827,2
4828,2
4829,3
4830,4
4831,2
4832,4
4833,1
4834,0
4835,2
4836,2
4837,3
4838,2
4839,1
4840,3
4841,1
4842,2
4843,1
4844,0
4845,0
4846,0
4847,3
4848,2
4849,2
4850,1
4851,0
4852,2
4853,4
4854,2
4855,1
4856,1
4857,0
4858,0
4859,4
4860,2
4861,0
4862,2
4863,3
4864,0
4865,2
4866,4
4867,4
4868,1
4869,3
4870,1
4871,0
4872,3
4873,1
4874,0
4875,1
4876,3
4877,4
4878,1
4879,1
4880,0
4881,0
4882,3
4883,2
4884,3
4885,1
4886,4
4887,2
4888,2
4889,4
4890,2
4891,4
4892,0
4893,4
4894,4
4895,0
4896,3
4897,0
4898,1
4899,3
4900,4
4901,3
4902,3
4903,2
4904,0
4905,3
4906,1
4907,3
4908,1
4909,1
4910,0
4911,0
4912,4
4913,0
4914,1
4915,2
4916,1
4917,1
4918,4
4919,2
4920,4
4921,0
4922,2
4923,4
4924,1
4925,2
4926,4
4927,2
4928,2
4929,2
4930,2
4931,2
4932,3
4933,2
4934,4
4935,3
4936,0
4937,1
4938,3
4939,1
4940,2
4941,2
4942,2
4943,4
4944,3
4945,1
4946,4
4947,0
4948,2
4949,4
4950,0
4951,4
4952,2
4953,1
4954,3
4955,2
4956,1
4957,4
4958,0
4959,4
4960,3
4961,0
4962,4
4963,4
4964,4
4965,1
4966,1
4967,1
4968,4
4969,3
4970,2
4971,3
4972,3
4973,2
4974,2
4975,3
4976,0
4977,2
4978,2
4979,0
4980,4
4981,3
4982,4
4983,2
4984,2
4985,2
4986,1
4987,4
4988,0
4989,2
4990,0
4991,2
4992,1
4993,2
4994,3
4995,1
4996,0
4997,4
4998,3
4999,1
5000,3
5001,1
5002,1
5003,4
5004,2
5005,2
5006,2
5007,1
5008,4
5009,0
5010,0
5011,3
5012,0
5013,3
5014,4
5015,2
5016,0
5017,0
5018,1
5019,1
5020,1
5021,3
5022,4
5023,0
5024,3
5025,0
5026,3
5027,1
5028,4
5029,2
5030,3
5031,0
5032,0
5033,1
5034,0
5035,2
5036,1
5037,1
5038,3
5039,1
5040,0
5041,3
5042,4
5043,0
5044,4
5045,3
5046,1
5047,3
5048,2
5049,4
5050,1
5051,1
5052,1
5053,4
5054,2
5055,3
5056,1
5057,1
5058,3
5059,3
5060,4
5061,0
5062,4
5063,1
5064,2
5065,2
5066,4
5067,1
5068,2
5069,4
5070,0
5071,1
5072,0
5073,2
5074,2
5075,4
5076,3
5077,3
5078,4
5079,4
5080,2
5081,3
5082,4
5083,1
5084,2
5085,3
5086,2
5087,3
5088,2
5089,2
5090,3
5091,4
5092,1
5093,1
5094,3
5095,0
5096,3
5097,2
5098,1
5099,3
5100,3
5101,1
5102,1
5103,0
5104,3
5105,2
5106,4
5107,0
5108,1
5109,1
5110,2
5111,2
5112,3
5113,3
5114,4
5115,1
5116,1
5117,1
5118,0
5119,2
5120,2
5121,1
5122,1
5123,1
5124,3
5125,4
5126,1
5127,4
5128,1
5129,3
5130,3
5131,0
5132,3
5133,0
5134,4
5135,1
5136,4
5137,4
5138,0
5139,0
5140,1
5141,0
5142,4
5143,3
5144,0
5145,0
5146,3
5147,3
5148,3
5149,0
5150,4
5151,3
5152,2
5153,0
5154,3
5155,3
5156,0
5157,3
5158,0
5159,3
5160,4
5161,0
5162,0
5163,3
5164,1
5165,3
5166,3
5167,1
5168,4
5169,0
5170,4
5171,3
5172,2
5173,1
5174,4
5175,0
5176,0
5177,1
5178,1
5179,1
5180,3
5181,2
5182,0
5183,3
5184,4
5185,3
5186,0
5187,3
5188,3
5189,3
5190,0
5191,0
5192,3
5193,1
5194,2
5195,2
5196,3
5197,2
5198,4
5199,2
5200,4
5201,1
5202,4
5203,2
5204,1
5205,1
5206,1
5207,1
5208,1
5209,0
5210,1
5211,0
5212,4
5213,3
5214,1
5215,3
5216,0
5217,2
5218,1
5219,0
5220,4
5221,2
5222,4
5223,0
5224,0
5225,4
5226,0
5227,4
5228,2
5229,0
5230,3
5231,4
5232,0
5233,4
5234,4
5235,2
5236,2
5237,1
5238,1
5239,2
5240,3
5241,0
5242,0
5243,2
5244,0
5245,1
5246,0
5247,0
5248,4
5249,1
5250,2
5251,0
5252,3
5253,2
5254,1
5255,1
5256,1
5257,0
5258,0
5259,4
5260,2
5261,1
5262,3
5263,1
5264,3
5265,4
5266,4
5267,1
5268,4
5269,2
5270,1
5271,2
5272,3
5273,0
5274,0
5275,0
5276,0
5277,1
5278,0
5279,2
5280,2
5281,1
5282,2
5283,3
5284,3
5285,3
5286,3
5287,3
5288,4
5289,3
5290,0
5291,1
5292,0
5293,0
5294,2
5295,0
5296,3
5297,3
5298,4
5299,0
5300,2
5301,2
5302,0
5303,0
5304,0
5305,2
5306,0
5307,3
5308,2
5309,3
5310,2
5311,0
5312,4
5313,4
5314,2
5315,2
5316,4
5317,1
5318,4
5319,4
5320,0
5321,3
5322,4
5323,1
5324,4
5325,0
5326,0
5327,1
5328,0
5329,4
5330,2
5331,3
5332,3
5333,0
5334,0
5335,4
5336,3
5337,3
5338,1
5339,1
5340,4
5341,1
5342,2
5343,1
5344,1
5345,2
5346,1
5347,2
5348,1
5349,4
5350,1
5351,3
5352,1
5353,4
5354,2
5355,3
5356,1
5357,4
5358,4
5359,0
5360,2
5361,0
5362,0
5363,2
5364,1
5365,4
5366,1
5367,0
5368,2
5369,1
5370,0
5371,1
5372,2
5373,2
5374,2
5375,2
5376,4
5377,2
5378,0
5379,0
5380,3
5381,4
5382,4
5383,4
5384,4
5385,1
5386,2
5387,1
5388,3
5389,2
5390,2
5391,3
5392,0
5393,1
5394,2
5395,3
5396,2
5397,0
5398,0
5399,2
5400,1
5401,1
5402,4
5403,2
5404,2
5405,2
5406,4
5407,1
5408,0
5409,1
5410,2
5411,0
5412,1
5413,2
5414,3
5415,3
5416,3
5417,1
5418,0
5419,4
5420,1
5421,1
5422,0
5423,0
5424,2
5425,2
5426,4
5427,2
5428,1
5429,4
5430,4
5431,1
5432,3
5433,3
5434,2
5435,4
5436,4
5437,2
5438,2
5439,4
5440,4
5441,1
5442,3
5443,0
5444,0
5445,0
5446,0
5447,0
5448,4
5449,3
5450,2
5451,1
5452,0
5453,3
5454,3
5455,3
5456,0
5457,4
5458,1
5459,3
5460,3
5461,1
5462,3
5463,2
5464,4
5465,0
5466,4
5467,3
5468,4
5469,3
5470,2
5471,2
5472,3
5473,0
5474,1
5475,1
5476,1
5477,3
5478,2
5479,1
5480,0
5481,4
5482,4
5483,1
5484,2
5485,2
5486,3
5487,1
5488,1
5489,4
5490,0
5491,1
5492,1
5493,4
5494,3
5495,4
5496,0
5497,3
5498,0
5499,2
5500,4
5501,1
5502,1
5503,0
5504,4
5505,1
5506,3
5507,3
5508,4
5509,3
5510,1
5511,1
5512,4
5513,3
5514,3
5515,1
5516,3
5517,3
5518,0
5519,2
5520,3
5521,0
5522,1
5523,0
5524,3
5525,2
5526,4
5527,0
5528,4
5529,1
5530,3
5531,1
5532,4
5533,2
5534,2
5535,0
5536,1
5537,2
5538,4
5539,0
5540,0
5541,2
5542,4
5543,1
5544,3
5545,0
5546,4
5547,3
5548,2
5549,4
5550,4
5551,3
5552,4
5553,2
5554,1
5555,1
5556,3
5557,1
5558,3
5559,0
5560,4
5561,3
5562,2
5563,1
5564,0
5565,0
5566,0
5567,2
5568,4
5569,2
5570,2
5571,2
5572,2
5573,1
5574,1
5575,0
5576,2
5577,0
5578,0
5579,3
5580,3
5581,1
5582,4
5583,0
5584,3
5585,1
5586,1
5587,0
5588,2
5589,3
5590,2
5591,1
5592,1
5593,4
5594,2
5595,3
5596,3
5597,4
5598,1
5599,0
5600,0
5601,2
5602,4
5603,1
5604,1
5605,0
5606,2
5607,2
5608,3
5609,3
5610,1
5611,3
5612,1
5613,2
5614,2
5615,4
5616,0
5617,1
5618,4
5619,0
5620,3
5621,4
5622,3
5623,1
5624,4
5625,4
5626,3
5627,2
5628,2
5629,1
5630,4
5631,4
5632,0
5633,2
5634,1
5635,0
5636,1
5637,0
5638,3
5639,2
5640,2
5641,2
5642,2
5643,3
5644,1
5645,0
5646,4
5647,4
5648,1
5649,1
5650,0
5651,0
5652,3
5653,3
5654,2
5655,3
5656,2
5657,2
5658,1
5659,2
5660,1
5661,3
5662,1
5663,3
5664,1
5665,1
5666,3
5667,2
5668,3
5669,2
5670,0
5671,0
5672,3
5673,3
5674,4
5675,4
5676,2
5677,2
5678,3
5679,1
5680,4
5681,2
5682,0
5683,4
5684,1
5685,1
5686,0
5687,3
5688,3
5689,1
5690,0
5691,1
5692,3
5693,4
5694,4
5695,1
5696,3
5697,2
5698,4
5699,1
5700,0
5701,1
5702,0
5703,1
5704,2
5705,0
5706,0
5707,1
5708,0
5709,1
5710,0
5711,4
5712,3
5713,1
5714,0
5715,2
5716,4
5717,2
5718,1
5719,0
5720,0
5721,3
5722,3
5723,3
5724,0
5725,2
5726,3
5727,3
5728,2
5729,1
5730,2
5731,2
5732,3
5733,3
5734,0
5735,1
5736,1
5737,3
5738,2
5739,0
5740,4
5741,0
5742,2
5743,2
5744,2
5745,3
5746,1
5747,1
5748,1
5749,0
5750,1
5751,0
5752,0
5753,0
5754,2
5755,1
5756,3
5757,2
5758,0
5759,0
5760,3
5761,1
5762,2
5763,0
5764,4
5765,3
5766,4
5767,3
5768,0
5769,1
5770,3
5771,1
5772,3
5773,0
5774,4
5775,3
5776,2
5777,3
5778,0
5779,1
5780,2
5781,3
5782,1
5783,4
5784,2
5785,4
5786,0
5787,0
5788,3
5789,3
5790,4
5791,1
5792,3
5793,0
5794,1
5795,3
5796,4
5797,0
5798,3
5799,1
5800,3
5801,2
5802,2
5803,2
5804,0
5805,1
5806,0
5807,3
5808,4
5809,0
5810,3
5811,4
5812,0
5813,1
5814,1
5815,0
5816,2
5817,2
5818,2
5819,3
5820,1
5821,2
5822,0
5823,0
5824,0
5825,4
5826,3
5827,4
5828,3
5829,4
5830,4
5831,2
5832,0
5833,0
5834,3
5835,0
5836,2
5837,0
5838,3
5839,0
5840,3
5841,3
5842,2
5843,4
5844,2
5845,0
5846,3
5847,0
5848,4
5849,3
5850,4
5851,0
5852,3
5853,3
5854,1
5855,0
5856,2
5857,0
5858,0
5859,0
5860,4
5861,3
5862,2
5863,0
5864,0
5865,3
5866,3
5867,3
5868,0
5869,0
5870,3
5871,4
5872,0
5873,3
5874,1
5875,4
5876,2
5877,1
5878,0
5879,4
5880,4
5881,1
5882,2
5883,1
5884,2
5885,3
5886,3
5887,4
5888,2
5889,1
5890,0
5891,0
5892,0
5893,0
5894,0
5895,2
5896,1
5897,2
5898,1
5899,0
5900,1
5901,3
5902,1
5903,4
5904,3
5905,2
5906,3
5907,3
5908,0
5909,0
5910,3
5911,4
5912,1
5913,2
5914,2
5915,4
5916,4
5917,3
5918,1
5919,0
5920,2
5921,1
5922,3
5923,4
5924,3
5925,2
5926,2
5927,1
5928,4
5929,3
5930,1
5931,1
5932,1
5933,0
5934,0
5935,0
5936,3
5937,2
5938,0
5939,1
5940,0
5941,1
5942,0
5943,1
5944,0
5945,2
5946,1
5947,2
5948,3
5949,1
5950,2
5951,3
5952,3
5953,0
5954,2
5955,2
5956,3
5957,0
5958,1
5959,3
5960,1
5961,4
5962,0
5963,2
5964,2
5965,2
5966,4
5967,2
5968,1
5969,0
5970,4
5971,2
5972,0
5973,1
5974,4
5975,0
5976,2
5977,1
5978,1
5979,2
5980,2
5981,2
5982,2
5983,2
5984,0
5985,2
5986,2
5987,0
5988,0
5989,0
5990,1
5991,4
5992,2
5993,1
5994,1
5995,2
5996,1
5997,2
5998,4
5999,2
6000,4
6001,2
6002,1
6003,3
6004,3
6005,1
6006,2
6007,1
6008,4
6009,0
6010,1
6011,4
6012,2
6013,3
6014,2
6015,3
6016,2
6017,0
6018,1
6019,3
6020,4
6021,0
6022,0
6023,4
6024,1
6025,2
6026,0
6027,1
6028,2
6029,0
6030,0
6031,1
6032,1
6033,0
6034,0
6035,0
6036,2
6037,3
6038,1
6039,0
6040,2
6041,2
6042,3
6043,0
6044,1
6045,3
6046,1
6047,1
6048,1
6049,2
6050,0
6051,2
6052,2
6053,0
6054,1
6055,4
6056,3
6057,0
6058,2
6059,1
6060,1
6061,3
6062,3
6063,1
6064,1
6065,0
6066,3
6067,4
6068,1
6069,3
6070,1
6071,1
6072,0
6073,4
6074,3
6075,0
6076,3
6077,2
6078,2
6079,3
6080,4
6081,3
6082,1
6083,0
6084,0
6085,2
6086,3
6087,0
6088,4
6089,0
6090,1
6091,2
6092,3
6093,1
6094,2
6095,0
6096,0
6097,2
6098,1
6099,4
6100,2
6101,1
6102,3
6103,3
6104,2
6105,3
6106,1
6107,1
6108,2
6109,4
6110,1
6111,3
6112,2
6113,0
6114,0
6115,0
6116,4
6117,2
6118,4
6119,4
6120,3
6121,0
6122,3
6123,0
6124,0
6125,0
6126,2
6127,1
6128,4
6129,1
6130,3
6131,0
6132,0
6133,2
6134,4
6135,4
6136,4
6137,0
6138,2
6139,1
6140,2
6141,4
6142,3
6143,3
6144,1
6145,3
6146,0
6147,1
6148,0
6149,2
6150,4
6151,0
6152,1
6153,3
6154,0
6155,3
6156,3
6157,1
6158,1
6159,2
6160,0
6161,1
6162,0
6163,4
6164,3
6165,4
6166,1
6167,3
6168,3
6169,4
6170,0
6171,0
6172,3
6173,3
6174,3
6175,1
6176,0
6177,1
6178,2
6179,1
6180,4
6181,0
6182,2
6183,3
6184,2
6185,1
6186,2
6187,0
6188,1
6189,4
6190,1
6191,3
6192,3
6193,2
6194,2
6195,1
6196,1
6197,3
6198,2
6199,1
6200,2
6201,3
6202,0
6203,0
6204,3
6205,2
6206,1
6207,2
6208,1
6209,1
6210,3
6211,0
6212,0
6213,3
6214,0
6215,4
6216,0
6217,4
6218,3
6219,2
6220,4
6221,2
6222,2
6223,4
6224,3
6225,4
6226,3
6227,2
6228,4
6229,1
6230,0
6231,4
6232,1
6233,4
6234,3
6235,1
6236,2
6237,1
6238,0
6239,0
6240,2
6241,3
6242,1
6243,4
6244,2
6245,1
6246,2
6247,0
6248,4
6249,2
6250,1
6251,1
6252,1
6253,0
6254,1
6255,0
6256,2
6257,0
6258,0
6259,0
6260,4
6261,3
6262,2
6263,1
6264,1
6265,0
6266,4
6267,1
6268,1
6269,4
6270,4
6271,1
6272,4
6273,3
6274,1
6275,2
6276,2
6277,4
6278,2
6279,1
6280,4
6281,1
6282,2
6283,2
6284,4
6285,1
6286,0
6287,2
6288,0
6289,1
6290,3
6291,1
6292,0
6293,2
6294,1
6295,3
6296,1
6297,3
6298,1
6299,2
6300,3
6301,3
6302,1
6303,3
6304,2
6305,4
6306,4
6307,3
6308,0
6309,0
6310,3
6311,2
6312,1
6313,3
6314,3
6315,0
6316,3
6317,2
6318,0
6319,4
6320,4
6321,1
6322,1
6323,2
6324,4
6325,0
6326,0
6327,3
6328,2
6329,0
6330,3
6331,2
6332,1
6333,3
6334,0
6335,3
6336,1
6337,3
6338,0
6339,2
6340,4
6341,0
6342,0
6343,1
6344,0
6345,2
6346,0
6347,4
6348,2
6349,3
6350,3
6351,1
6352,2
6353,0
6354,1
6355,1
6356,0
6357,2
6358,3
6359,2
6360,1
6361,2
6362,4
6363,4
6364,4
6365,2
6366,2
6367,1
6368,0
6369,0
6370,0
6371,2
6372,0
6373,1
6374,0
6375,2
6376,2
6377,0
6378,0
6379,4
6380,0
6381,1
6382,4
6383,3
6384,1
6385,3
6386,3
6387,0
6388,2
6389,3
6390,2
6391,0
6392,2
6393,3
6394,0
6395,3
6396,2
6397,3
6398,3
6399,0
6400,3
6401,3
6402,3
6403,1
6404,3
6405,1
6406,0
6407,0
6408,3
6409,1
6410,4
6411,0
6412,0
6413,4
6414,0
6415,3
6416,2
6417,2
6418,1
6419,3
6420,0
6421,0
6422,1
6423,0
6424,3
6425,3
6426,0
6427,2
6428,2
6429,3
6430,3
6431,3
6432,0
6433,0
6434,0
6435,2
6436,3
6437,2
6438,4
6439,3
6440,1
6441,0
6442,1
6443,0
6444,0
6445,1
6446,2
6447,3
6448,3
6449,4
6450,0
6451,2
6452,3
6453,0
6454,1
6455,0
6456,2
6457,2
6458,4
6459,3
6460,4
6461,3
6462,0
6463,1
6464,3
6465,2
6466,0
6467,3
6468,2
6469,3
6470,1
6471,4
6472,0
6473,2
6474,4
6475,0
6476,2
6477,0
6478,1
6479,2
6480,3
6481,2
6482,0
6483,2
6484,1
6485,4
6486,4
6487,4
6488,4
6489,3
6490,4
6491,1
6492,1
6493,0
6494,2
6495,0
6496,2
6497,1
6498,2
6499,2
6500,2
6501,4
6502,1
6503,3
6504,1
6505,2
6506,1
6507,2
6508,1
6509,4
6510,2
6511,3
6512,0
6513,1
6514,0
6515,0
6516,3
6517,4
6518,2
6519,0
6520,1
6521,3
6522,4
6523,2
6524,3
6525,3
6526,2
6527,2
6528,0
6529,1
6530,1
6531,1
6532,1
6533,0
6534,2
6535,3
6536,3
6537,1
6538,3
6539,3
6540,1
6541,1
6542,2
6543,2
6544,0
6545,2
6546,1
6547,1
6548,0
6549,2
6550,2
6551,1
6552,4
6553,2
6554,3
6555,3
6556,4
6557,1
6558,2
6559,1
6560,4
6561,1
6562,0
6563,1
6564,0
6565,0
6566,0
6567,0
6568,4
6569,2
6570,3
6571,3
6572,1
6573,1
6574,1
6575,3
6576,2
6577,0
6578,1
6579,3
6580,2
6581,0
6582,1
6583,3
6584,2
6585,4
6586,1
6587,2
6588,0
6589,3
6590,4
6591,4
6592,1
6593,2
6594,0
6595,3
6596,2
6597,2
6598,4
6599,4
6600,4
6601,0
6602,2
6603,3
6604,3
6605,3
6606,0
6607,4
6608,1
6609,0
6610,0
6611,2
6612,0
6613,0
6614,0
6615,4
6616,2
6617,3
6618,2
6619,2
6620,0
6621,0
6622,1
6623,1
6624,3
6625,0
6626,2
6627,4
6628,4
6629,1
6630,0
6631,2
6632,3
6633,2
6634,2
6635,4
6636,1
6637,0
6638,1
6639,4
6640,0
6641,3
6642,4
6643,0
6644,2
6645,1
6646,1
6647,1
6648,2
6649,2
6650,0
6651,3
6652,2
6653,0
6654,3
6655,4
6656,3
6657,0
6658,3
6659,0
6660,1
6661,4
6662,3
6663,2
6664,4
6665,3
6666,0
6667,2
6668,1
6669,2
6670,0
6671,1
6672,1
6673,0
6674,3
6675,4
6676,0
6677,0
6678,2
6679,2
6680,2
6681,0
6682,4
6683,3
6684,3
6685,0
6686,1
6687,4
6688,0
6689,0
6690,4
6691,1
6692,0
6693,0
6694,1
6695,0
6696,0
6697,2
6698,1
6699,2
6700,4
6701,1
6702,2
6703,3
6704,4
6705,4
6706,4
6707,2
6708,1
6709,4
6710,1
6711,3
6712,3
6713,3
6714,2
6715,2
6716,1
6717,2
6718,2
6719,3
6720,0
6721,1
6722,4
6723,4
6724,0
6725,3
6726,1
6727,2
6728,4
6729,2
6730,4
6731,0
6732,2
6733,4
6734,1
6735,3
6736,0
6737,4
6738,1
6739,2
6740,0
6741,0
6742,3
6743,0
6744,2
6745,2
6746,3
6747,0
6748,3
6749,2
6750,4
6751,4
6752,0
6753,3
6754,2
6755,3
6756,2
6757,4
6758,0
6759,3
6760,1
6761,3
6762,3
6763,2
6764,1
6765,3
6766,1
6767,4
6768,4
6769,4
6770,4
6771,2
6772,4
6773,1
6774,0
6775,3
6776,4
6777,2
6778,0
6779,1
6780,1
6781,1
6782,0
6783,4
6784,1
6785,0
6786,2
6787,0
6788,3
6789,0
6790,1
6791,2
6792,3
6793,3
6794,1
6795,4
6796,1
6797,0
6798,4
6799,2
6800,3
6801,2
6802,3
6803,2
6804,4
6805,1
6806,2
6807,3
6808,0
6809,2
6810,1
6811,0
6812,0
6813,1
6814,2
6815,1
6816,4
6817,1
6818,1
6819,3
6820,2
6821,0
6822,2
6823,3
6824,0
6825,2
6826,0
6827,0
6828,2
6829,2
6830,2
6831,3
6832,4
6833,3
6834,3
6835,3
6836,4
6837,1
6838,3
6839,1
6840,2
6841,2
6842,4
6843,3
6844,3
6845,1
6846,2
6847,1
6848,3
6849,2
6850,4
6851,0
6852,1
6853,2
6854,2
6855,0
6856,3
6857,0
6858,0
6859,0
6860,0
6861,3
6862,3
6863,0
6864,3
6865,1
6866,2
6867,0
6868,1
6869,2
6870,1
6871,4
6872,2
6873,3
6874,1
6875,4
6876,3
6877,0
6878,1
6879,4
6880,0
6881,4
6882,4
6883,3
6884,2
6885,3
6886,1
6887,0
6888,3
6889,2
6890,2
6891,0
6892,1
6893,0
6894,1
6895,2
6896,0
6897,0
6898,0
6899,1
6900,2
6901,2
6902,0
6903,2
6904,0
6905,4
6906,4
6907,4
6908,1
6909,2
6910,3
6911,1
6912,0
6913,2
6914,0
6915,0
6916,0
6917,4
6918,1
6919,0
6920,1
6921,2
6922,0
6923,0
6924,4
6925,4
6926,0
6927,1
6928,0
6929,3
6930,0
6931,0
6932,1
6933,0
6934,1
6935,0
6936,4
6937,3
6938,0
6939,0
6940,1
6941,4
6942,3
6943,1
6944,0
6945,1
6946,3
6947,4
6948,4
6949,3
6950,4
6951,2
6952,1
6953,3
6954,2
6955,3
6956,0
6957,2
6958,1
6959,0
6960,1
6961,3
6962,2
6963,1
6964,3
6965,2
6966,3
6967,4
6968,2
6969,4
6970,2
6971,4
6972,3
6973,0
6974,0
6975,1
6976,1
6977,0
6978,1
6979,1
6980,2
6981,0
6982,1
6983,0
6984,1
6985,0
6986,4
6987,3
6988,0
6989,0
6990,4
6991,4
6992,3
6993,3
6994,1
6995,2
6996,2
6997,3
6998,0
6999,0
7000,1
7001,2
7002,4
7003,0
7004,2
7005,0
7006,1
7007,2
7008,2
7009,0
7010,1
7011,0
7012,4
7013,1
7014,1
7015,3
7016,0
7017,0
7018,0
7019,4
7020,4
7021,2
7022,4
7023,1
7024,2
7025,3
7026,4
7027,4
7028,1
7029,1
7030,2
7031,0
7032,2
7033,0
7034,0
7035,4
7036,1
7037,2
7038,4
7039,3
7040,0
7041,3
7042,1
7043,2
7044,0
7045,3
7046,4
7047,0
7048,4
7049,3
7050,4
7051,2
7052,4
7053,3
7054,4
7055,1
7056,0
7057,0
7058,1
7059,1
7060,2
7061,0
7062,2
7063,4
7064,4
7065,2
7066,3
7067,4
7068,1
7069,0
7070,3
7071,4
7072,4
7073,3
7074,1
7075,0
7076,1
7077,2
7078,4
7079,1
7080,2
7081,4
7082,2
7083,1
7084,0
7085,2
7086,3
7087,0
7088,3
7089,0
7090,3
7091,1
7092,3
7093,2
7094,1
7095,0
7096,4
7097,2
7098,2
7099,1
7100,4
7101,3
7102,4
7103,4
7104,1
7105,3
7106,4
7107,1
7108,4
7109,2
7110,1
7111,0
7112,3
7113,2
7114,2
7115,2
7116,3
7117,0
7118,1
7119,4
7120,3
7121,1
7122,4
7123,2
7124,4
7125,3
7126,0
7127,0
7128,1
7129,2
7130,0
7131,1
7132,0
7133,0
7134,0
7135,2
7136,1
7137,4
7138,2
7139,0
7140,0
7141,1
7142,2
7143,3
7144,4
7145,3
7146,0
7147,2
7148,2
7149,0
7150,2
7151,3
7152,3
7153,1
7154,2
7155,1
7156,1
7157,1
7158,3
7159,0
7160,1
7161,0
7162,0
7163,0
7164,3
7165,1
7166,2
7167,0
7168,0
7169,2
7170,1
7171,0
7172,2
7173,4
7174,2
7175,3
7176,0
7177,3
7178,1
7179,2
7180,1
7181,2
7182,2
7183,1
7184,2
7185,4
7186,1
7187,4
7188,4
7189,1
7190,1
7191,4
7192,1
7193,2
7194,2
7195,4
7196,0
7197,1
7198,4
7199,2
7200,1
7201,4
7202,1
7203,4
7204,4
7205,1
7206,3
7207,0
7208,0
7209,3
7210,0
7211,0
7212,1
7213,2
7214,0
7215,2
7216,1
7217,3
7218,3
7219,0
7220,0
7221,1
7222,0
7223,2
7224,3
7225,1
7226,2
7227,2
7228,2
7229,2
7230,4
7231,3
7232,2
7233,1
7234,2
7235,0
7236,1
7237,2
7238,2
7239,1
7240,3
7241,3
7242,1
7243,2
7244,4
7245,2
7246,1
7247,3
7248,1
7249,2
7250,3
7251,0
7252,4
7253,1
7254,3
7255,2
7256,3
7257,3
7258,0
7259,0
7260,2
7261,0
7262,1
7263,0
7264,0
7265,0
7266,1
7267,2
7268,0
7269,3
7270,1
7271,4
7272,4
7273,1
7274,4
7275,2
7276,3
7277,1
7278,2
7279,2
7280,2
7281,1
7282,0
7283,2
7284,1
7285,4
7286,1
7287,4
7288,2
7289,3
7290,1
7291,0
7292,3
7293,1
7294,3
7295,1
7296,1
7297,2
7298,4
7299,2
7300,4
7301,3
7302,1
7303,4
7304,4
7305,2
7306,3
7307,2
7308,2
7309,2
7310,4
7311,0
7312,0
7313,0
7314,4
7315,4
7316,0
7317,3
7318,2
7319,2
7320,2
7321,0
7322,3
7323,3
7324,2
7325,4
7326,4
7327,4
7328,1
7329,0
7330,2
7331,1
7332,2
7333,1
7334,3
7335,2
7336,1
7337,1
7338,3
7339,1
7340,0
7341,3
7342,0
7343,3
7344,1
7345,1
7346,4
7347,3
7348,3
7349,0
7350,4
7351,4
7352,4
7353,1
7354,4
7355,0
7356,1
7357,4
7358,3
7359,0
7360,0
7361,2
7362,1
7363,3
7364,3
7365,2
7366,2
7367,1
7368,2
7369,4
7370,2
7371,0
7372,2
7373,4
7374,1
7375,0
7376,2
7377,4
7378,1
7379,1
7380,1
7381,2
7382,1
7383,4
7384,4
7385,4
7386,4
7387,0
7388,0
7389,0
7390,1
7391,0
7392,4
7393,2
7394,0
7395,1
7396,2
7397,0
7398,4
7399,3
7400,2
7401,2
7402,0
7403,0
7404,2
7405,0
7406,0
7407,2
7408,2
7409,4
7410,0
7411,3
7412,0
7413,1
7414,0
7415,0
7416,2
7417,3
7418,4
7419,4
7420,0
7421,4
7422,3
7423,1
7424,4
7425,4
7426,3
7427,2
7428,4
7429,3
7430,1
7431,0
7432,4
7433,2
7434,0
7435,1
7436,2
7437,4
7438,1
7439,3
7440,0
7441,4
7442,2
7443,1
7444,0
7445,2
7446,1
7447,2
7448,3
7449,0
7450,4
7451,0
7452,4
7453,2
7454,1
7455,3
7456,2
7457,1
7458,3
7459,4
7460,3
7461,4
7462,3
7463,2
7464,0
7465,2
7466,4
7467,4
7468,1
7469,1
7470,1
7471,1
7472,4
7473,2
7474,0
7475,0
7476,2
7477,1
7478,2
7479,3
7480,0
7481,3
7482,1
7483,0
7484,1
7485,3
7486,2
7487,0
7488,4
7489,2
7490,1
7491,1
7492,1
7493,1
7494,4
7495,1
7496,3
7497,4
7498,2
7499,0
7500,1
7501,3
7502,4
7503,4
7504,2
7505,4
7506,1
7507,3
7508,1
7509,1
7510,4
7511,1
7512,1
7513,0
7514,0
7515,3
7516,0
7517,1
7518,3
7519,0
7520,2
7521,1
7522,4
7523,0
7524,3
7525,0
7526,3
7527,2
7528,0
7529,0
7530,2
7531,3
7532,0
7533,3
7534,3
7535,2
7536,4
7537,1
7538,3
7539,2
7540,0
7541,0
7542,0
7543,0
7544,0
7545,0
7546,1
7547,2
7548,3
7549,0
7550,3
7551,2
7552,0
7553,2
7554,1
7555,1
7556,4
7557,0
7558,3
7559,3
7560,2
7561,3
7562,2
7563,0
7564,1
7565,0
7566,0
7567,0
7568,0
7569,1
7570,3
7571,0
7572,3
7573,1
7574,3
7575,1
7576,1
7577,2
7578,3
7579,1
7580,4
7581,2
7582,1
7583,1
7584,2
7585,2
7586,2
7587,0
7588,1
7589,3
7590,0
7591,4
7592,1
7593,2
7594,4
7595,2
7596,2
7597,4
7598,0
7599,4
7600,1
7601,0
7602,2
7603,4
7604,3
7605,3
7606,1
7607,1
7608,0
7609,1
7610,0
7611,2
7612,3
7613,1
7614,3
7615,2
7616,3
7617,3
7618,0
7619,4
7620,3
7621,2
7622,4
7623,3
7624,3
7625,3
7626,4
7627,4
7628,4
7629,4
7630,1
7631,2
7632,2
7633,4
7634,4
7635,1
7636,0
7637,2
7638,3
7639,1
7640,1
7641,0
7642,1
7643,1
7644,2
7645,3
7646,4
7647,0
7648,0
7649,0
7650,1
7651,1
7652,3
7653,3
7654,2
7655,4
7656,3
7657,3
7658,4
7659,0
7660,0
7661,0
7662,3
7663,2
7664,3
7665,0
7666,1
7667,1
7668,2
7669,4
7670,2
7671,1
7672,0
7673,4
7674,3
7675,0
7676,0
7677,2
7678,2
7679,4
7680,4
7681,4
7682,0
7683,0
7684,0
7685,1
7686,3
7687,0
7688,3
7689,1
7690,4
7691,2
7692,0
7693,0
7694,2
7695,2
7696,4
7697,0
7698,4
7699,3
7700,2
7701,1
7702,4
7703,0
7704,4
7705,0
7706,1
7707,4
7708,0
7709,4
7710,2
7711,2
7712,0
7713,2
7714,0
7715,3
7716,4
7717,0
7718,2
7719,4
7720,2
7721,4
7722,3
7723,3
7724,2
7725,1
7726,0
7727,1
7728,2
7729,1
7730,3
7731,4
7732,0
7733,1
7734,0
7735,2
7736,3
7737,2
7738,0
7739,0
7740,1
7741,2
7742,0
7743,2
7744,2
7745,3
7746,1
7747,0
7748,1
7749,4
7750,4
7751,2
7752,1
7753,3
7754,1
7755,2
7756,4
7757,1
7758,2
7759,3
7760,1
7761,1
7762,1
7763,4
7764,2
7765,4
7766,0
7767,0
7768,0
7769,1
7770,2
7771,1
7772,4
7773,2
7774,2
7775,1
7776,0
7777,0
7778,1
7779,1
7780,1
7781,1
7782,2
7783,0
7784,3
7785,3
7786,2
7787,3
7788,2
7789,4
7790,3
7791,4
7792,3
7793,2
7794,1
7795,3
7796,3
7797,1
7798,3
7799,2
7800,3
7801,0
7802,3
7803,0
7804,1
7805,0
7806,1
7807,3
7808,1
7809,2
7810,1
7811,1
7812,1
7813,4
7814,2
7815,1
7816,4
7817,1
7818,3
7819,2
7820,0
7821,3
7822,0
7823,3
7824,0
7825,4
7826,0
7827,1
7828,1
7829,0
7830,0
7831,3
7832,0
7833,4
7834,2
7835,0
7836,4
7837,3
7838,2
7839,3
7840,3
7841,0
7842,2
7843,3
7844,1
7845,0
7846,1
7847,1
7848,0
7849,2
7850,0
7851,0
7852,0
7853,0
7854,2
7855,4
7856,2
7857,2
7858,0
7859,3
7860,2
7861,1
7862,1
7863,2
7864,2
7865,4
7866,0
7867,3
7868,0
7869,4
7870,2
7871,0
7872,4
7873,2
7874,3
7875,3
7876,2
7877,2
7878,0
7879,3
7880,0
7881,2
7882,0
7883,2
7884,1
7885,1
7886,0
7887,4
7888,0
7889,0
7890,1
7891,2
7892,4
7893,1
7894,3
7895,2
7896,1
7897,4
7898,4
7899,1
7900,3
7901,0
7902,4
7903,2
7904,0
7905,2
7906,0
7907,4
7908,3
7909,4
7910,0
7911,2
7912,3
7913,1
7914,0
7915,0
7916,0
7917,0
7918,2
7919,0
7920,2
7921,0
7922,4
7923,0
7924,3
7925,2
7926,3
7927,2
7928,3
7929,2
7930,0
7931,1
7932,0
7933,4
7934,0
7935,3
7936,2
7937,2
7938,3
7939,0
7940,4
7941,2
7942,1
7943,1
7944,0
7945,4
7946,0
7947,3
7948,1
7949,3
7950,3
7951,2
7952,0
7953,2
7954,4
7955,0
7956,0
7957,3
7958,0
7959,3
7960,1
7961,3
7962,4
7963,2
7964,2
7965,1
7966,2
7967,0
7968,3
7969,2
7970,4
7971,1
7972,0
7973,1
7974,2
7975,4
7976,1
7977,0
7978,3
7979,3
7980,2
7981,1
7982,4
7983,1
7984,1
7985,1
7986,2
7987,3
7988,3
7989,1
7990,1
7991,4
7992,3
7993,2
7994,3
7995,1
7996,4
7997,0
7998,1
7999,4
8000,0
8001,3
8002,1
8003,4
8004,0
8005,3
8006,3
8007,1
8008,1
8009,0
8010,2
8011,3
8012,1
8013,2
8014,2
8015,4
8016,1
8017,2
8018,4
8019,0
8020,0
8021,0
8022,2
8023,4
8024,4
8025,4
8026,1
8027,2
8028,1
8029,0
8030,2
8031,3
8032,0
8033,3
8034,3
8035,1
8036,1
8037,4
8038,0
8039,3
8040,0
8041,2
8042,1
8043,4
8044,4
8045,1
8046,1
8047,2
8048,4
8049,0
8050,0
8051,0
8052,3
8053,1
8054,1
8055,0
8056,3
8057,0
8058,0
8059,0
8060,0
8061,2
8062,1
8063,2
8064,3
8065,3
8066,1
8067,4
8068,2
8069,1
8070,3
8071,3
8072,0
8073,0
8074,2
8075,2
8076,3
8077,0
8078,2
8079,3
8080,0
8081,4
8082,3
8083,1
8084,2
8085,0
8086,0
8087,4
8088,4
8089,1
8090,0
8091,1
8092,2
8093,0
8094,3
8095,2
8096,1
8097,3
8098,2
8099,0
8100,1
8101,3
8102,0
8103,4
8104,2
8105,2
8106,0
8107,4
8108,1
8109,2
8110,2
8111,1
8112,0
8113,4
8114,2
8115,0
8116,4
8117,2
8118,2
8119,2
8120,2
8121,3
8122,2
8123,0
8124,1
8125,4
8126,1
8127,3
8128,0
8129,4
8130,2
8131,3
8132,4
8133,1
8134,3
8135,2
8136,2
8137,0
8138,1
8139,0
8140,2
8141,2
8142,3
8143,0
8144,3
8145,4
8146,1
8147,3
8148,4
8149,3
8150,4
8151,4
8152,2
8153,0
8154,3
8155,3
8156,1
8157,1
8158,3
8159,4
8160,2
8161,2
8162,0
8163,1
8164,2
8165,0
8166,3
8167,0
8168,1
8169,0
8170,2
8171,2
8172,1
8173,4
8174,3
8175,4
8176,4
8177,0
8178,3
8179,3
8180,1
8181,1
8182,4
8183,0
8184,0
8185,4
8186,0
8187,0
8188,3
8189,3
8190,3
8191,4
8192,4
8193,0
8194,0
8195,3
8196,0
8197,3
8198,2
8199,0
8200,1
8201,4
8202,0
8203,0
8204,1
8205,2
8206,0
8207,1
8208,0
8209,3
8210,3
8211,2
8212,1
8213,2
8214,0
8215,1
8216,4
8217,3
8218,2
8219,2
8220,1
8221,1
8222,2
8223,0
8224,0
8225,1
8226,1
8227,1
8228,3
8229,3
8230,4
8231,0
8232,3
8233,1
8234,4
8235,4
8236,0
8237,0
8238,2
8239,0
8240,2
8241,1
8242,1
8243,4
8244,2
8245,4
8246,0
8247,0
8248,4
8249,4
8250,3
8251,1
8252,4
8253,1
8254,1
8255,2
8256,2
8257,0
8258,0
8259,3
8260,3
8261,2
8262,0
8263,0
8264,4
8265,4
8266,3
8267,1
8268,2
8269,2
8270,4
8271,4
8272,2
8273,4
8274,4
8275,3
8276,1
8277,1
8278,0
8279,3
8280,4
8281,0
8282,3
8283,1
8284,4
8285,4
8286,2
8287,0
8288,0
8289,2
8290,2
8291,0
8292,3
8293,4
8294,1
8295,1
8296,4
8297,2
8298,1
8299,1
8300,3
8301,0
8302,4
8303,4
8304,1
8305,0
8306,3
8307,3
8308,2
8309,4
8310,0
8311,3
8312,0
8313,3
8314,1
8315,4
8316,0
8317,0
8318,1
8319,0
8320,1
8321,1
8322,3
8323,3
8324,0
8325,0
8326,1
8327,2
8328,1
8329,0
8330,4
8331,1
8332,0
8333,3
8334,0
8335,3
8336,3
8337,3
8338,2
8339,4
8340,1
8341,1
8342,3
8343,2
8344,1
8345,2
8346,3
8347,0
8348,2
8349,0
8350,0
8351,0
8352,2
8353,4
8354,0
8355,0
8356,0
8357,0
8358,2
8359,2
8360,0
8361,4
8362,2
8363,2
8364,1
8365,4
8366,2
8367,1
8368,2
8369,0
8370,3
8371,0
8372,0
8373,0
8374,1
8375,0
8376,3
8377,2
8378,1
8379,0
8380,1
8381,2
8382,2
8383,0
8384,0
8385,1
8386,0
8387,3
8388,1
8389,0
8390,4
8391,1
8392,2
8393,2
8394,2
8395,0
8396,1
8397,2
8398,0
8399,2
8400,0
8401,2
8402,1
8403,3
8404,3
8405,1
8406,0
8407,2
8408,2
8409,2
8410,4
8411,4
8412,0
8413,1
8414,2
8415,2
8416,0
8417,0
8418,2
8419,3
8420,0
8421,4
8422,1
8423,3
8424,4
8425,1
8426,1
8427,0
8428,0
8429,4
8430,2
8431,0
8432,4
8433,1
8434,0
8435,2
8436,2
8437,0
8438,1
8439,2
8440,0
8441,0
8442,1
8443,0
8444,4
8445,0
8446,0
8447,2
8448,1
8449,2
8450,0
8451,2
8452,0
8453,3
8454,1
8455,4
8456,4
8457,2
8458,2
8459,2
8460,2
8461,2
8462,4
8463,4
8464,1
8465,1
8466,0
8467,1
8468,0
8469,2
8470,2
8471,1
8472,1
8473,3
8474,4
8475,2
8476,2
8477,4
8478,2
8479,4
8480,4
8481,2
8482,3
8483,2
8484,3
8485,3
8486,3
8487,0
8488,0
8489,1
8490,3
8491,0
8492,3
8493,4
8494,3
8495,3
8496,4
8497,0
8498,4
8499,0
8500,1
8501,2
8502,4
8503,2
8504,1
8505,2
8506,2
8507,4
8508,3
8509,2
8510,1
8511,4
8512,3
8513,4
8514,2
8515,4
8516,4
8517,1
8518,1
8519,2
8520,2
8521,2
8522,1
8523,1
8524,0
8525,4
8526,3
8527,0
8528,0
8529,0
8530,1
8531,4
8532,3
8533,3
8534,4
8535,4
8536,1
8537,0
8538,0
8539,3
8540,2
8541,1
8542,1
8543,3
8544,2
8545,4
8546,3
8547,4
8548,4
8549,3
8550,0
8551,3
8552,4
8553,0
8554,1
8555,4
8556,0
8557,0
8558,3
8559,3
8560,1
8561,0
8562,2
8563,0
8564,2
8565,0
8566,4
8567,3
8568,4
8569,2
8570,0
8571,4
8572,0
8573,0
8574,3
8575,1
8576,0
8577,1
8578,2
8579,4
8580,2
8581,1
8582,1
8583,3
8584,3
8585,1
8586,3
8587,1
8588,2
8589,3
8590,0
8591,1
8592,3
8593,0
8594,2
8595,2
8596,4
8597,0
8598,3
8599,0
8600,3
8601,0
8602,2
8603,0
8604,3
8605,0
8606,1
8607,2
8608,2
8609,4
8610,2
8611,4
8612,2
8613,1
8614,4
8615,0
8616,1
8617,2
8618,4
8619,0
8620,3
8621,4
8622,2
8623,4
8624,2
8625,0
8626,3
8627,2
8628,0
8629,1
8630,2
8631,0
8632,1
8633,3
8634,3
8635,0
8636,0
8637,1
8638,2
8639,3
8640,1
8641,0
8642,1
8643,0
8644,2
8645,1
8646,1
8647,3
8648,4
8649,3
8650,3
8651,0
8652,1
8653,2
8654,3
8655,0
8656,1
8657,4
8658,0
8659,4
8660,4
8661,0
8662,2
8663,4
8664,0
8665,2
8666,3
8667,2
8668,3
8669,2
8670,3
8671,1
8672,3
8673,1
8674,3
8675,1
8676,3
8677,2
8678,2
8679,4
8680,3
8681,2
8682,3
8683,3
8684,1
8685,2
8686,4
8687,3
8688,0
8689,3
8690,0
8691,3
8692,1
8693,1
8694,0
8695,0
8696,2
8697,1
8698,4
8699,2
8700,4
8701,0
8702,0
8703,0
8704,1
8705,0
8706,4
8707,3
8708,1
8709,4
8710,1
8711,1
8712,2
8713,2
8714,0
8715,2
8716,1
8717,2
8718,3
8719,0
8720,3
8721,1
8722,0
8723,0
8724,0
8725,2
8726,0
8727,4
8728,3
8729,4
8730,3
8731,2
8732,1
8733,0
8734,4
8735,3
8736,2
8737,3
8738,4
8739,3
8740,3
8741,0
8742,3
8743,3
8744,4
8745,3
8746,0
8747,1
8748,0
8749,4
8750,0
8751,0
8752,4
8753,0
8754,0
8755,0
8756,0
8757,3
8758,3
8759,2
8760,1
8761,1
8762,0
8763,0
8764,2
8765,4
8766,1
8767,2
8768,2
8769,3
8770,0
8771,4
8772,4
8773,2
8774,4
8775,3
8776,1
8777,2
8778,3
8779,2
8780,0
8781,0
8782,3
8783,4
8784,3
8785,4
8786,0
8787,3
8788,3
8789,2
8790,3
8791,3
8792,2
8793,0
8794,2
8795,2
8796,0
8797,2
8798,4
8799,1
8800,2
8801,2
8802,4
8803,2
8804,4
8805,2
8806,4
8807,0
8808,1
8809,1
8810,4
8811,1
8812,2
8813,3
8814,0
8815,3
8816,2
8817,0
8818,4
8819,1
8820,1
8821,0
8822,0
8823,1
8824,2
8825,4
8826,2
8827,4
8828,1
8829,3
8830,0
8831,3
8832,4
8833,1
8834,3
8835,0
8836,4
8837,0
8838,3
8839,2
8840,4
8841,3
8842,0
8843,1
8844,2
8845,3
8846,4
8847,1
8848,1
8849,0
8850,2
8851,2
8852,1
8853,4
8854,3
8855,2
8856,4
8857,3
8858,1
8859,2
8860,3
8861,1
8862,0
8863,0
8864,1
8865,3
8866,3
8867,1
8868,3
8869,1
8870,3
8871,4
8872,2
8873,1
8874,1
8875,3
8876,0
8877,0
8878,2
8879,3
8880,3
8881,2
8882,3
8883,2
8884,4
8885,1
8886,4
8887,2
8888,0
8889,4
8890,2
8891,0
8892,0
8893,2
8894,1
8895,1
8896,0
8897,2
8898,2
8899,1
8900,3
8901,2
8902,0
8903,0
8904,1
8905,3
8906,1
8907,3
8908,3
8909,2
8910,2
8911,1
8912,4
8913,4
8914,2
8915,3
8916,1
8917,0
8918,2
8919,2
8920,3
8921,4
8922,4
8923,1
8924,1
8925,1
8926,0
8927,2
8928,1
8929,1
8930,2
8931,3
8932,1
8933,1
8934,3
8935,1
8936,3
8937,4
8938,2
8939,2
8940,2
8941,4
8942,4
8943,1
8944,3
8945,4
8946,2
8947,3
8948,0
8949,3
8950,1
8951,3
8952,2
8953,0
8954,1
8955,2
8956,3
8957,2
8958,1
8959,3
8960,0
8961,4
8962,0
8963,3
8964,1
8965,0
8966,0
8967,2
8968,2
8969,0
8970,4
8971,1
8972,0
8973,1
8974,3
8975,2
8976,2
8977,4
8978,2
8979,4
8980,3
8981,2
8982,0
8983,3
8984,2
8985,1
8986,1
8987,4
8988,4
8989,2
8990,1
8991,3
8992,0
8993,3
8994,3
8995,3
8996,3
8997,1
8998,2
8999,4
9000,1
9001,3
9002,2
9003,0
9004,1
9005,4
9006,1
9007,0
9008,2
9009,1
9010,3
9011,0
9012,4
9013,1
9014,2
9015,0
9016,4
9017,3
9018,3
9019,1
9020,0
9021,3
9022,3
9023,0
9024,4
9025,3
9026,4
9027,1
9028,0
9029,0
9030,1
9031,1
9032,2
9033,2
9034,0
9035,2
9036,2
9037,1
9038,0
9039,1
9040,2
9041,2
9042,1
9043,2
9044,0
9045,1
9046,0
9047,0
9048,1
9049,2
9050,4
9051,3
9052,2
9053,0
9054,1
9055,2
9056,1
9057,0
9058,1
9059,0
9060,0
9061,4
9062,0
9063,4
9064,1
9065,2
9066,1
9067,2
9068,4
9069,0
9070,2
9071,2
9072,4
9073,3
9074,0
9075,3
9076,1
9077,3
9078,0
9079,3
9080,1
9081,3
9082,4
9083,0
9084,0
9085,3
9086,4
9087,0
9088,1
9089,2
9090,2
9091,3
9092,1
9093,3
9094,0
9095,1
9096,4
9097,0
9098,0
9099,4
9100,0
9101,4
9102,2
9103,2
9104,2
9105,3
9106,1
9107,3
9108,3
9109,1
9110,2
9111,4
9112,2
9113,2
9114,4
9115,4
9116,1
9117,2
9118,0
9119,2
9120,0
9121,4
9122,4
9123,2
9124,1
9125,1
9126,0
9127,0
9128,0
9129,2
9130,0
9131,3
9132,2
9133,1
9134,2
9135,2
9136,4
9137,1
9138,0
9139,0
9140,3
9141,0
9142,1
9143,2
9144,0
9145,4
9146,1
9147,1
9148,1
9149,0
9150,0
9151,1
9152,4
9153,2
9154,4
9155,4
9156,2
9157,3
9158,1
9159,1
9160,4
9161,2
9162,1
9163,0
9164,4
9165,2
9166,2
9167,3
9168,2
9169,3
9170,1
9171,3
9172,1
9173,4
9174,3
9175,4
9176,3
9177,2
9178,0
9179,3
9180,1
9181,0
9182,4
9183,2
9184,0
9185,4
9186,2
9187,3
9188,0
9189,2
9190,2
9191,2
9192,1
9193,4
9194,2
9195,1
9196,2
9197,1
9198,4
9199,2
9200,0
9201,1
9202,1
9203,0
9204,1
9205,0
9206,4
9207,3
9208,4
9209,2
9210,4
9211,4
9212,1
9213,2
9214,3
9215,0
9216,0
9217,4
9218,4
9219,2
9220,2
9221,3
9222,3
9223,0
9224,2
9225,0
9226,1
9227,4
9228,3
9229,4
9230,0
9231,2
9232,0
9233,0
9234,0
9235,3
9236,4
9237,4
9238,4
9239,0
9240,1
9241,4
9242,0
9243,0
9244,3
9245,0
9246,1
9247,1
9248,0
9249,3
9250,1
9251,1
9252,2
9253,1
9254,4
9255,3
9256,0
9257,4
9258,4
9259,3
9260,2
9261,1
9262,2
9263,0
9264,0
9265,1
9266,3
9267,1
9268,0
9269,0
9270,4
9271,0
9272,3
9273,0
9274,4
9275,3
9276,0
9277,0
9278,0
9279,3
9280,1
9281,3
9282,1
9283,2
9284,3
9285,3
9286,1
9287,3
9288,1
9289,0
9290,2
9291,0
9292,1
9293,0
9294,0
9295,1
9296,1
9297,1
9298,0
9299,1
9300,0
9301,2
9302,3
9303,4
9304,4
9305,1
9306,4
9307,3
9308,0
9309,1
9310,2
9311,0
9312,0
9313,2
9314,4
9315,2
9316,2
9317,2
9318,3
9319,2
9320,0
9321,2
9322,0
9323,1
9324,4
9325,3
9326,1
9327,1
9328,2
9329,1
9330,1
9331,0
9332,1
9333,0
9334,0
9335,4
9336,2
9337,4
9338,4
9339,1
9340,0
9341,3
9342,0
9343,0
9344,4
9345,2
9346,0
9347,2
9348,2
9349,2
9350,4
9351,1
9352,4
9353,4
9354,2
9355,4
9356,3
9357,1
9358,3
9359,2
9360,4
9361,0
9362,0
9363,3
9364,3
9365,1
9366,2
9367,2
9368,0
9369,2
9370,0
9371,1
9372,1
9373,3
9374,2
9375,1
9376,2
9377,1
9378,3
9379,2
9380,3
9381,1
9382,3
9383,0
9384,4
9385,2
9386,2
9387,3
9388,0
9389,0
9390,4
9391,2
9392,3
9393,0
9394,3
9395,1
9396,3
9397,1
9398,1
9399,0
9400,2
9401,0
9402,0
9403,2
9404,1
9405,0
9406,3
9407,3
9408,1
9409,2
9410,3
9411,2
9412,1
9413,2
9414,0
9415,4
9416,2
9417,1
9418,3
9419,1
9420,2
9421,4
9422,1
9423,0
9424,4
9425,2
9426,3
9427,4
9428,0
9429,2
9430,1
9431,1
9432,1
9433,4
9434,4
9435,0
9436,3
9437,1
9438,3
9439,3
9440,2
9441,4
9442,1
9443,2
9444,1
9445,1
9446,0
9447,0
9448,0
9449,3
9450,0
9451,0
9452,4
9453,4
9454,4
9455,2
9456,0
9457,3
9458,2
9459,0
9460,1
9461,4
9462,4
9463,2
9464,2
9465,4
9466,0
9467,2
9468,2
9469,1
9470,1
9471,3
9472,1
9473,4
9474,0
9475,0
9476,3
9477,4
9478,0
9479,3
9480,1
9481,0
9482,3
9483,0
9484,1
9485,2
9486,0
9487,0
9488,1
9489,3
9490,4
9491,2
9492,2
9493,0
9494,4
9495,1
9496,3
9497,3
9498,2
9499,3
9500,3
9501,3
9502,0
9503,2
9504,0
9505,0
9506,1
9507,0
9508,0
9509,4
9510,2
9511,0
9512,2
9513,2
9514,1
9515,0
9516,1
9517,0
9518,4
9519,3
9520,3
9521,2
9522,1
9523,4
9524,0
9525,1
9526,3
9527,2
9528,4
9529,0
9530,0
9531,0
9532,1
9533,4
9534,3
9535,0
9536,2
9537,3
9538,2
9539,2
9540,3
9541,1
9542,4
9543,0
9544,3
9545,3
9546,0
9547,0
9548,0
9549,1
9550,0
9551,2
9552,3
9553,3
9554,1
9555,0
9556,3
9557,2
9558,2
9559,0
9560,2
9561,3
9562,2
9563,4
9564,1
9565,4
9566,3
9567,0
9568,1
9569,1
9570,2
9571,3
9572,3
9573,1
9574,1
9575,2
9576,4
9577,3
9578,0
9579,3
9580,3
9581,4
9582,0
9583,2
9584,4
9585,4
9586,4
9587,3
9588,4
9589,2
9590,3
9591,1
9592,1
9593,2
9594,2
9595,2
9596,1
9597,2
9598,0
9599,3
9600,0
9601,3
9602,0
9603,0
9604,0
9605,0
9606,1
9607,3
9608,1
9609,2
9610,4
9611,4
9612,1
9613,1
9614,2
9615,0
9616,2
9617,1
9618,4
9619,4
9620,2
9621,1
9622,2
9623,3
9624,4
9625,0
9626,2
9627,0
9628,4
9629,3
9630,1
9631,4
9632,2
9633,4
9634,1
9635,2
9636,3
9637,3
9638,3
9639,3
9640,3
9641,0
9642,3
9643,1
9644,1
9645,0
9646,1
9647,2
9648,1
9649,0
9650,0
9651,1
9652,3
9653,0
9654,0
9655,2
9656,0
9657,3
9658,2
9659,2
9660,2
9661,1
9662,1
9663,0
9664,2
9665,1
9666,4
9667,0
9668,0
9669,1
9670,4
9671,0
9672,2
9673,2
9674,1
9675,2
9676,1
9677,0
9678,2
9679,2
9680,0
9681,0
9682,0
9683,3
9684,4
9685,2
9686,0
9687,2
9688,4
9689,0
9690,1
9691,2
9692,2
9693,2
9694,4
9695,2
9696,3
9697,4
9698,3
9699,4
9700,1
9701,1
9702,4
9703,0
9704,3
9705,4
9706,1
9707,4
9708,0
9709,0
9710,1
9711,3
9712,0
9713,0
9714,3
9715,4
9716,3
9717,0
9718,0
9719,2
9720,0
9721,2
9722,1
9723,4
9724,1
9725,1
9726,1
9727,4
9728,4
9729,2
9730,1
9731,1
9732,1
9733,3
9734,2
9735,4
9736,1
9737,2
9738,3
9739,1
9740,4
9741,1
9742,1
9743,2
9744,1
9745,0
9746,0
9747,0
9748,3
9749,0
9750,0
9751,2
9752,0
9753,0
9754,4
9755,4
9756,2
9757,3
9758,2
9759,4
9760,0
9761,4
9762,1
9763,2
9764,1
9765,3
9766,0
9767,2
9768,1
9769,1
9770,3
9771,1
9772,0
9773,0
9774,4
9775,2
9776,0
9777,1
9778,3
9779,2
9780,4
9781,1
9782,3
9783,1
9784,3
9785,2
9786,2
9787,2
9788,0
9789,2
9790,2
9791,3
9792,0
9793,0
9794,0
9795,2
9796,0
9797,3
9798,3
9799,0
9800,4
9801,0
9802,3
9803,2
9804,1
9805,2
9806,2
9807,3
9808,1
9809,4
9810,2
9811,2
9812,3
9813,2
9814,4
9815,4
9816,1
9817,3
9818,3
9819,2
9820,2
9821,0
9822,0
9823,4
9824,3
9825,4
9826,0
9827,2
9828,4
9829,3
9830,3
9831,4
9832,1
9833,4
9834,3
9835,4
9836,4
9837,3
9838,3
9839,0
9840,2
9841,0
9842,1
9843,4
9844,0
9845,4
9846,4
9847,2
9848,0
9849,3
9850,0
9851,0
9852,1
9853,0
9854,1
9855,4
9856,1
9857,0
9858,0
9859,1
9860,3
9861,1
9862,2
9863,1
9864,3
9865,1
9866,4
9867,3
9868,4
9869,0
9870,3
9871,1
9872,2
9873,4
9874,3
9875,2
9876,2
9877,1
9878,2
9879,2
9880,2
9881,1
9882,3
9883,4
9884,4
9885,3
9886,2
9887,2
9888,0
9889,3
9890,3
9891,3
9892,0
9893,1
9894,0
9895,1
9896,1
9897,2
9898,0
9899,4
9900,1
9901,1
9902,3
9903,1
9904,0
9905,3
9906,4
9907,0
9908,2
9909,3
9910,1
9911,3
9912,3
9913,2
9914,1
9915,2
9916,0
9917,0
9918,0
9919,0
9920,4
9921,1
9922,2
9923,3
9924,0
9925,0
9926,4
9927,4
9928,2
9929,1
9930,3
9931,4
9932,0
9933,0
9934,0
9935,2
9936,0
9937,1
9938,2
9939,0
9940,2
9941,4
9942,2
9943,1
9944,2
9945,4
9946,2
9947,0
9948,4
9949,0
9950,1
9951,4
9952,3
9953,1
9954,2
9955,4
9956,2
9957,1
9958,2
9959,2
9960,3
9961,2
9962,4
9963,0
9964,4
9965,2
9966,3
9967,2
9968,2
9969,3
9970,0
9971,4
9972,3
9973,1
9974,0
9975,0
9976,2
9977,1
9978,3
9979,0
9980,4
9981,3
9982,4
9983,0
9984,0
9985,2
9986,0
9987,0
9988,2
9989,1
9990,0
9991,1
9992,3
9993,1
9994,1
9995,3
9996,0
9997,1
9998,2
9999,4
10000,1
10001,3
10002,1
10003,2
10004,0
10005,2
10006,3
10007,4
10008,1
10009,0
10010,0
10011,1
10012,2
10013,2
10014,1
10015,3
10016,1
10017,0
10018,4
10019,3
10020,3
10021,3
10022,2
10023,4
10024,4
10025,2
10026,2
10027,0
10028,4
10029,1
10030,0
10031,3
10032,0
10033,4
10034,1
10035,1
10036,4
10037,0
10038,4
10039,0
10040,1
10041,3
10042,4
10043,2
10044,2
10045,2
10046,0
10047,2
10048,1
10049,1
10050,4
10051,0
10052,2
10053,0
10054,0
10055,4
10056,4
10057,3
10058,0
10059,3
10060,3
10061,0
10062,4
10063,0
10064,4
10065,0
10066,4
10067,0
10068,2
10069,0
10070,0
10071,2
10072,4
10073,1
10074,0
10075,4
10076,0
10077,1
10078,1
10079,3
10080,0
10081,1
10082,0
10083,1
10084,2
10085,4
10086,1
10087,3
10088,3
10089,1
10090,0
10091,0
10092,4
10093,0
10094,3
10095,0
10096,2
10097,4
10098,1
10099,1
10100,0
10101,4
10102,1
10103,4
10104,0
10105,2
10106,1
10107,3
10108,3
10109,4
10110,1
10111,2
10112,4
10113,1
10114,2
10115,3
10116,2
10117,1
10118,0
10119,2
10120,0
10121,1
10122,1
10123,3
10124,3
10125,0
10126,1
10127,2
10128,2
10129,3
10130,1
10131,3
10132,1
10133,4
10134,0
10135,3
10136,0
10137,1
10138,4
10139,0
10140,1
10141,3
10142,3
10143,0
10144,2
10145,2
10146,1
10147,2
10148,3
10149,4
10150,2
10151,4
10152,0
10153,2
10154,2
10155,0
10156,0
10157,3
10158,3
10159,2
10160,2
10161,1
10162,1
10163,2
10164,4
10165,2
10166,0
10167,1
10168,0
10169,2
10170,3
10171,2
10172,0
10173,1
10174,4
10175,4
10176,3
10177,1
10178,1
10179,3
10180,2
10181,2
10182,2
10183,2
10184,3
10185,4
10186,2
10187,1
10188,0
10189,0
10190,3
10191,3
10192,2
10193,1
10194,3
10195,0
10196,4
10197,3
10198,1
10199,3
10200,3
10201,3
10202,2
10203,0
10204,1
10205,0
10206,3
10207,0
10208,3
10209,4
10210,0
10211,3
10212,4
10213,3
10214,2
10215,2
10216,3
10217,0
10218,3
10219,2
10220,1
10221,4
10222,3
10223,3
10224,3
10225,2
10226,3
10227,0
10228,2
10229,1
10230,3
10231,3
10232,2
10233,2
10234,1
10235,2
10236,4
10237,1
10238,2
10239,4
10240,4
10241,0
10242,4
10243,2
10244,0
10245,2
10246,3
10247,0
10248,4
10249,2
10250,2
10251,2
10252,2
10253,1
10254,2
10255,2
10256,4
10257,3
10258,1
10259,1
10260,3
10261,2
10262,4
10263,1
10264,0
10265,0
10266,3
10267,3
10268,0
10269,2
10270,2
10271,2
10272,2
10273,2
10274,2
10275,0
10276,0
10277,0
10278,3
10279,4
10280,4
10281,1
10282,1
10283,3
10284,2
10285,3
10286,3
10287,4
10288,4
10289,1
10290,1
10291,2
10292,3
10293,2
10294,4
10295,2
10296,4
10297,0
10298,0
10299,3
10300,1
10301,0
10302,1
10303,3
10304,2
10305,0
10306,1
10307,0
10308,2
10309,0
10310,2
10311,3
10312,1
10313,1
10314,0
10315,1
10316,0
10317,4
10318,1
10319,3
10320,1
10321,3
10322,2
10323,3
10324,2
10325,0
10326,3
10327,3
10328,1
10329,2
10330,0
10331,1
10332,3
10333,0
10334,2
10335,0
10336,4
10337,4
10338,2
10339,0
10340,1
10341,1
10342,4
10343,0
10344,2
10345,4
10346,0
10347,2
10348,2
10349,4
10350,3
10351,2
10352,1
10353,4
10354,2
10355,1
10356,4
10357,3
10358,1
10359,3
10360,3
10361,3
10362,2
10363,3
10364,4
10365,1
10366,4
10367,0
10368,1
10369,2
10370,2
10371,3
10372,4
10373,2
10374,3
10375,4
10376,2
10377,4
10378,3
10379,3
10380,0
10381,4
10382,0
10383,3
10384,0
10385,0
10386,1
10387,3
10388,3
10389,2
10390,0
10391,1
10392,1
10393,2
10394,2
10395,0
10396,3
10397,3
10398,3
10399,1
10400,3
10401,4
10402,1
10403,3
10404,2
10405,3
10406,2
10407,1
10408,3
10409,3
10410,2
10411,3
10412,2
10413,4
10414,4
10415,3
10416,1
10417,2
10418,3
10419,3
10420,3
10421,3
10422,0
10423,4
10424,0
10425,3
10426,4
10427,0
10428,1
10429,3
10430,3
10431,0
10432,0
10433,3
10434,2
10435,3
10436,3
10437,4
10438,0
10439,2
10440,4
10441,0
10442,4
10443,0
10444,4
10445,2
10446,0
10447,3
10448,0
10449,0
10450,2
10451,2
10452,0
10453,0
10454,1
10455,1
10456,3
10457,4
10458,2
10459,1
10460,1
10461,3
10462,1
10463,4
10464,3
10465,0
10466,2
10467,1
10468,2
10469,0
10470,3
10471,4
10472,1
10473,1
10474,2
10475,4
10476,4
10477,3
10478,3
10479,2
10480,2
10481,4
10482,4
10483,0
10484,0
10485,4
10486,1
10487,0
10488,3
10489,3
10490,4
10491,1
10492,3
10493,1
10494,1
10495,2
10496,1
10497,1
10498,3
10499,1
10500,3
10501,1
10502,1
10503,0
10504,4
10505,1
10506,1
10507,1
10508,0
10509,4
10510,2
10511,2
10512,2
10513,2
10514,1
10515,3
10516,2
10517,0
10518,0
10519,1
10520,0
10521,1
10522,3
10523,0
10524,2
10525,3
10526,2
10527,1
10528,1
10529,3
10530,2
10531,1
10532,1
10533,1
10534,2
10535,0
10536,2
10537,1
10538,0
10539,3
10540,1
10541,3
10542,1
10543,1
10544,0
10545,1
10546,2
10547,2
10548,1
10549,3
10550,0
10551,2
10552,1
10553,3
10554,4
10555,3
10556,4
10557,3
10558,3
10559,3
10560,0
10561,2
10562,0
10563,2
10564,1
10565,3
10566,2
10567,3
10568,4
10569,1
10570,3
10571,0
10572,2
10573,1
10574,0
10575,0
10576,4
10577,4
10578,1
10579,3
10580,1
10581,0
10582,2
10583,1
10584,0
10585,0
10586,2
10587,3
10588,3
10589,2
10590,3
10591,1
10592,4
10593,0
10594,0
10595,4
10596,3
10597,3
10598,2
10599,0
10600,1
10601,3
10602,4
10603,3
10604,2
10605,1
10606,0
10607,1
10608,3
10609,1
10610,1
10611,3
10612,1
10613,3
10614,2
10615,0
10616,2
10617,1
10618,3
10619,3
10620,0
10621,3
10622,0
10623,1
10624,1
10625,0
10626,1
10627,3
10628,0
10629,0
10630,4
10631,1
10632,0
10633,3
10634,0
10635,1
10636,0
10637,0
10638,0
10639,0
10640,4
10641,0
10642,0
10643,1
10644,4
10645,1
10646,3
10647,1
10648,3
10649,3
10650,0
10651,4
10652,3
10653,2
10654,1
10655,1
10656,4
10657,0
10658,2
10659,0
10660,0
10661,3
10662,1
10663,2
10664,2
10665,3
10666,1
10667,0
10668,1
10669,0
10670,0
10671,3
10672,2
10673,0
10674,1
10675,0
10676,0
10677,2
10678,0
10679,3
10680,0
10681,3
10682,0
10683,1
10684,0
10685,2
10686,0
10687,0
10688,4
10689,1
10690,3
10691,2
10692,0
10693,1
10694,2
10695,2
10696,2
10697,0
10698,0
10699,3
10700,2
10701,3
10702,3
10703,0
10704,0
10705,0
10706,1
10707,4
10708,4
10709,1
10710,4
10711,4
10712,1
10713,3
10714,2
10715,2
10716,2
10717,4
10718,0
10719,0
10720,0
10721,1
10722,3
10723,2
10724,1
10725,0
10726,2
10727,3
10728,2
10729,4
10730,1
10731,4
10732,1
10733,4
10734,4
10735,4
10736,0
10737,2
10738,4
10739,2
10740,2
10741,4
10742,2
10743,3
10744,3
10745,1
10746,3
10747,3
10748,0
10749,0
10750,2
10751,1
10752,3
10753,4
10754,2
10755,1
10756,2
10757,3
10758,1
10759,4
10760,0
10761,2
10762,3
10763,2
10764,4
10765,3
10766,0
10767,2
10768,2
10769,2
10770,3
10771,4
10772,3
10773,4
10774,2
10775,4
10776,4
10777,4
10778,1
10779,1
10780,3
10781,2
10782,1
10783,2
10784,4
10785,4
10786,2
10787,0
10788,3
10789,3
10790,2
10791,4
10792,0
10793,2
10794,2
10795,2
10796,1
10797,1
10798,1
10799,2
10800,1
10801,0
10802,1
10803,1
10804,1
10805,2
10806,0
10807,0
10808,0
10809,3
10810,2
10811,4
10812,3
10813,1
10814,0
10815,0
10816,0
10817,3
10818,4
10819,0
10820,2
10821,3
10822,0
10823,4
10824,2
10825,1
10826,3
10827,4
10828,0
10829,0
10830,0
10831,1
10832,3
10833,0
10834,1
10835,1
10836,2
10837,3
10838,1
10839,4
10840,2
10841,3
10842,3
10843,2
10844,3
10845,0
10846,2
10847,4
10848,4
10849,2
10850,3
10851,2
10852,2
10853,0
10854,0
10855,3
10856,4
10857,1
10858,3
10859,1
10860,4
10861,3
10862,3
10863,0
10864,2
10865,1
10866,4
10867,2
10868,2
10869,2
10870,2
10871,0
10872,4
10873,1
10874,0
10875,3
10876,2
10877,3
10878,4
10879,0
10880,0
10881,3
10882,0
10883,0
10884,4
10885,2
10886,0
10887,3
10888,1
10889,3
10890,3
10891,0
10892,3
10893,1
10894,2
10895,4
10896,3
10897,2
10898,4
10899,1
10900,0
10901,3
10902,3
10903,4
10904,3
10905,2
10906,1
10907,0
10908,1
10909,3
10910,0
10911,4
10912,3
10913,0
10914,1
10915,4
10916,0
10917,0
10918,2
10919,3
10920,0
10921,1
10922,2
10923,4
10924,0
10925,3
10926,0
10927,1
10928,2
10929,3
10930,0
10931,2
10932,1
10933,3
10934,4
10935,0
10936,2
10937,2
10938,0
10939,4
10940,0
10941,1
10942,0
10943,3
10944,4
10945,2
10946,4
10947,4
10948,0
10949,2
10950,2
10951,3
10952,0
10953,4
10954,0
10955,4
10956,2
10957,3
10958,4
10959,1
10960,3
10961,3
10962,4
10963,1
10964,1
10965,0
10966,0
10967,2
10968,2
10969,4
10970,3
10971,0
10972,3
10973,1
10974,3
10975,2
10976,2
10977,3
10978,1
10979,2
10980,4
10981,0
10982,3
10983,0
10984,1
10985,4
10986,4
10987,2
10988,3
10989,4
10990,4
10991,3
10992,1
10993,2
10994,4
10995,4
10996,2
10997,3
10998,4
10999,2
11000,1
11001,2
11002,0
11003,3
11004,0
11005,0
11006,3
11007,2
11008,1
11009,4
11010,3
11011,1
11012,2
11013,2
11014,2
11015,4
11016,1
11017,0
11018,0
11019,1
11020,2
11021,3
11022,2
11023,2
11024,3
11025,1
11026,0
11027,2
11028,3
11029,1
11030,0
11031,3
11032,2
11033,4
11034,0
11035,1
11036,2
11037,0
11038,4
11039,0
11040,4
11041,1
11042,0
11043,1
11044,3
11045,0
11046,1
11047,2
11048,1
11049,4
11050,2
11051,3
11052,0
11053,2
11054,2
11055,1
11056,0
11057,0
11058,1
11059,0
11060,4
11061,0
11062,1
11063,0
11064,1
11065,2
11066,2
11067,2
11068,1
11069,0
11070,1
11071,0
11072,2
11073,0
11074,0
11075,1
11076,0
11077,1
11078,4
11079,2
11080,0
11081,4
11082,0
11083,2
11084,1
11085,1
11086,1
11087,3
11088,2
11089,2
11090,1
11091,2
11092,3
11093,0
11094,2
11095,4
11096,3
11097,4
11098,3
11099,0
11100,4
11101,4
11102,1
11103,1
11104,1
11105,0
11106,1
11107,4
11108,3
11109,3
11110,1
11111,1
11112,4
11113,4
11114,1
11115,4
11116,1
11117,2
11118,2
11119,2
11120,0
11121,0
11122,1
11123,0
11124,3
11125,1
11126,0
11127,4
11128,4
11129,0
11130,1
11131,1
11132,0
11133,2
11134,3
11135,1
11136,0
11137,0
11138,2
11139,4
11140,3
11141,0
11142,3
11143,3
11144,1
11145,1
11146,3
11147,3
11148,3
11149,3
11150,3
11151,0
11152,3
11153,2
11154,0
11155,0
11156,3
11157,2
11158,1
11159,3
11160,3
11161,1
11162,4
11163,0
11164,3
11165,3
11166,3
11167,0
11168,3
11169,3
11170,0
11171,2
11172,1
11173,2
11174,1
11175,0
11176,2
11177,3
11178,0
11179,0
11180,4
11181,1
11182,3
11183,1
11184,0
11185,1
11186,0
11187,0
11188,0
11189,4
11190,1
11191,3
11192,0
11193,0
11194,3
11195,4
11196,2
11197,4
11198,4
11199,2
11200,1
11201,1
11202,2
11203,3
11204,2
11205,1
11206,1
11207,1
11208,2
11209,3
11210,1
11211,3
11212,2
11213,2
11214,1
11215,1
11216,1
11217,2
11218,1
11219,0
11220,4
11221,0
11222,0
11223,3
11224,0
11225,1
11226,2
11227,2
11228,4
11229,1
11230,2
11231,1
11232,4
11233,4
11234,4
11235,1
11236,2
11237,1
11238,2
11239,0
11240,0
11241,0
11242,3
11243,3
11244,2
11245,1
11246,4
11247,1
11248,4
11249,3
11250,3
11251,2
11252,3
11253,0
11254,2
11255,3
11256,2
11257,1
11258,1
11259,2
11260,1
11261,1
11262,0
11263,2
11264,2
11265,4
11266,4
11267,2
11268,1
11269,3
11270,1
11271,4
11272,2
11273,0
11274,4
11275,0
11276,0
11277,3
11278,0
11279,4
11280,4
11281,1
11282,2
11283,4
11284,0
11285,0
11286,1
11287,3
11288,3
11289,0
11290,2
11291,1
11292,4
11293,0
11294,4
11295,2
11296,4
11297,3
11298,1
11299,3
11300,1
11301,3
11302,4
11303,1
11304,0
11305,1
11306,3
11307,1
11308,2
11309,0
11310,0
11311,2
11312,1
11313,3
11314,4
11315,3
11316,1
11317,4
11318,3
11319,0
11320,0
11321,3
11322,1
11323,2
11324,3
11325,3
11326,4
11327,1
11328,0
11329,3
11330,0
11331,1
11332,1
11333,0
11334,0
11335,1
11336,2
11337,2
11338,2
11339,2
11340,1
11341,2
11342,4
11343,1
11344,0
11345,3
11346,0
11347,1
11348,2
11349,4
11350,1
11351,1
11352,0
11353,0
11354,2
11355,1
11356,2
11357,0
11358,4
11359,0
11360,1
11361,2
11362,1
11363,1
11364,1
11365,2
11366,2
11367,1
11368,1
11369,0
11370,3
11371,3
11372,0
11373,3
11374,2
11375,3
11376,1
11377,1
11378,1
11379,1
11380,1
11381,4
11382,1
11383,0
11384,4
11385,0
11386,0
11387,2
11388,1
11389,4
11390,2
11391,2
11392,4
11393,1
11394,2
11395,0
11396,1
11397,1
11398,2
11399,4
11400,3
11401,1
11402,4
11403,3
11404,2
11405,3
11406,2
11407,2
11408,2
11409,1
11410,2
11411,3
11412,0
11413,4
11414,2
11415,3
11416,3
11417,3
11418,3
11419,3
11420,4
11421,2
11422,2
11423,0
11424,2
11425,3
11426,2
11427,4
11428,1
11429,3
11430,2
11431,3
11432,0
11433,4
11434,1
11435,0
11436,2
11437,0
11438,0
11439,1
11440,0
11441,1
11442,0
11443,2
11444,4
11445,3
11446,0
11447,2
11448,0
11449,2
11450,4
11451,4
11452,2
11453,3
11454,2
11455,0
11456,1
11457,4
11458,3
11459,1
11460,4
11461,3
11462,2
11463,0
11464,2
11465,1
11466,0
11467,0
11468,2
11469,2
11470,4
11471,3
11472,4
11473,0
11474,3
11475,2
11476,0
11477,1
11478,4
11479,2
11480,2
11481,2
11482,4
11483,3
11484,4
11485,2
11486,4
11487,1
11488,2
11489,4
11490,0
11491,1
11492,1
11493,4
11494,0
11495,0
11496,3
11497,1
11498,2
11499,3
11500,1
11501,0
11502,1
11503,4
11504,3
11505,2
11506,2
11507,3
11508,2
11509,3
11510,1
11511,4
11512,0
11513,4
11514,0
11515,1
11516,2
11517,3
11518,1
11519,2
11520,0
11521,1
11522,3
11523,1
11524,2
11525,3
11526,4
11527,0
11528,4
11529,2
11530,4
11531,1
11532,0
11533,2
11534,0
11535,1
11536,0
11537,1
11538,3
11539,0
11540,1
11541,0
11542,0
11543,2
11544,0
11545,3
11546,4
11547,1
11548,2
11549,3
11550,4
11551,1
11552,3
11553,0
11554,3
11555,2
11556,0
11557,1
11558,1
11559,2
11560,1
11561,3
11562,2
11563,3
11564,2
11565,3
11566,3
11567,3
11568,3
11569,2
11570,1
11571,2
11572,2
11573,3
11574,0
11575,0
11576,3
11577,1
11578,0
11579,3
11580,1
11581,3
11582,2
11583,4
11584,1
11585,4
11586,0
11587,2
11588,0
11589,1
11590,3
11591,2
11592,2
11593,2
11594,2
11595,1
11596,0
11597,3
11598,0
11599,3
11600,2
11601,2
11602,1
11603,4
11604,4
11605,0
11606,0
11607,2
11608,3
11609,1
11610,4
11611,0
11612,4
11613,0
11614,1
11615,3
11616,4
11617,1
11618,2
11619,1
11620,1
11621,3
11622,3
11623,4
11624,1
11625,1
11626,2
11627,1
11628,3
11629,1
11630,3
11631,2
11632,2
11633,4
11634,0
11635,2
11636,3
11637,1
11638,4
11639,2
11640,3
11641,0
11642,2
11643,4
11644,1
11645,0
11646,2
11647,4
11648,3
11649,0
11650,0
11651,3
11652,0
11653,0
11654,1
11655,3
11656,1
11657,1
11658,1
11659,3
11660,0
11661,0
11662,3
11663,1
11664,0
11665,3
11666,1
11667,4
11668,3
11669,1
11670,1
11671,2
11672,0
11673,1
11674,4
11675,0
11676,3
11677,3
11678,2
11679,0
11680,2
11681,2
11682,4
11683,4
11684,2
11685,1
11686,3
11687,0
11688,0
11689,1
11690,1
11691,1
11692,1
11693,0
11694,3
11695,2
11696,3
11697,2
11698,2
11699,1
11700,2
11701,0
11702,4
11703,2
11704,3
11705,4
11706,2
11707,2
11708,3
11709,2
11710,3
11711,1
11712,3
11713,2
11714,3
11715,2
11716,1
11717,2
11718,1
11719,0
11720,4
11721,4
11722,3
11723,2
11724,2
11725,3
11726,3
11727,2
11728,3
11729,1
11730,2
11731,0
11732,2
11733,3
11734,1
11735,0
11736,3
11737,1
11738,0
11739,0
11740,1
11741,4
11742,3
11743,1
11744,4
11745,3
11746,1
11747,0
11748,0
11749,3
11750,3
11751,3
11752,0
11753,0
11754,4
11755,0
11756,3
11757,1
11758,2
11759,2
11760,1
11761,1
11762,0
11763,0
11764,4
11765,4
11766,0
11767,0
11768,2
11769,0
11770,2
11771,1
11772,2
11773,2
11774,3
11775,0
11776,2
11777,2
11778,0
11779,1
11780,1
11781,3
11782,0
11783,3
11784,4
11785,0
11786,2
11787,3
11788,0
11789,4
11790,4
11791,1
11792,2
11793,3
11794,3
11795,1
11796,3
11797,3
11798,0
11799,0
11800,3
11801,4
11802,2
11803,3
11804,1
11805,4
11806,1
11807,3
11808,3
11809,2
11810,0
11811,0
11812,2
11813,0
11814,2
11815,4
11816,1
11817,4
11818,2
11819,1
11820,1
11821,1
11822,0
11823,4
11824,2
11825,0
11826,2
11827,2
11828,2
11829,2
11830,0
11831,1
11832,4
11833,2
11834,0
11835,4
11836,3
11837,4
11838,1
11839,0
11840,3
11841,1
11842,2
11843,4
11844,4
11845,1
11846,2
11847,2
11848,4
11849,4
11850,4
11851,3
11852,2
11853,1
11854,4
11855,2
11856,2
11857,3
11858,4
11859,0
11860,2
11861,2
11862,3
11863,3
11864,0
11865,3
11866,2
11867,2
11868,1
11869,2
11870,1
11871,2
11872,4
11873,0
11874,0
11875,0
11876,0
11877,1
11878,2
11879,0
11880,3
11881,4
11882,3
11883,4
11884,4
11885,3
11886,4
11887,3
11888,0
11889,4
11890,3
11891,3
11892,0
11893,2
11894,0
11895,2
11896,1
11897,1
11898,0
11899,1
11900,1
11901,4
11902,0
11903,0
11904,1
11905,2
11906,4
11907,2
11908,2
11909,2
11910,2
11911,4
11912,3
11913,4
11914,1
11915,2
11916,4
11917,3
11918,0
11919,2
11920,4
11921,2
11922,3
11923,2
11924,1
11925,4
11926,1
11927,0
11928,0
11929,0
11930,2
11931,0
11932,1
11933,4
11934,0
11935,4
11936,4
11937,0
11938,2
11939,3
11940,3
11941,4
11942,3
11943,3
11944,3
11945,2
11946,3
11947,0
11948,0
11949,2
11950,1
11951,2
11952,0
11953,0
11954,2
11955,0
11956,0
11957,0
11958,2
11959,1
11960,3
11961,1
11962,3
11963,0
11964,2
11965,4
11966,0
11967,4
11968,1
11969,4
11970,1
11971,3
11972,0
11973,2
11974,0
11975,1
11976,0
11977,0
11978,3
11979,0
11980,0
11981,1
11982,2
11983,2
11984,2
11985,0
11986,0
11987,4
11988,0
11989,3
11990,0
11991,1
11992,0
11993,1
11994,3
11995,4
11996,2
11997,3
11998,3
11999,3
12000,3
12001,4
12002,2
12003,0
12004,1
12005,1
12006,3
12007,3
12008,2
12009,4
12010,2
12011,0
12012,3
12013,1
12014,2
12015,0
12016,2
12017,4
12018,3
12019,0
12020,2
12021,3
12022,0
12023,3
12024,4
12025,3
12026,3
12027,1
12028,1
12029,3
12030,1
12031,1
12032,1
12033,3
12034,3
12035,2
12036,2
12037,1
12038,2
12039,2
12040,2
12041,3
12042,0
12043,0
12044,0
12045,2
12046,4
12047,2
12048,1
12049,1
12050,3
12051,3
12052,4
12053,3
12054,1
12055,0
12056,4
12057,2
12058,1
12059,3
12060,2
12061,1
12062,0
12063,2
12064,2
12065,3
12066,1
12067,4
12068,4
12069,3
12070,3
12071,1
12072,4
12073,0
12074,3
12075,2
12076,0
12077,1
12078,3
12079,1
12080,1
12081,1
12082,3
12083,1
12084,0
12085,1
12086,3
12087,2
12088,2
12089,3
12090,3
12091,3
12092,1
12093,1
12094,3
12095,2
12096,0
12097,1
12098,0
12099,1
12100,2
12101,4
12102,2
12103,1
12104,1
12105,1
12106,2
12107,0
12108,4
12109,1
12110,0
12111,3
12112,0
12113,3
12114,0
12115,2
12116,1
12117,0
12118,2
12119,2
12120,4
12121,3
12122,0
12123,2
12124,2
12125,2
12126,4
12127,0
12128,3
12129,0
12130,0
12131,0
12132,3
12133,2
12134,2
12135,3
12136,2
12137,4
12138,2
12139,1
12140,2
12141,1
12142,0
12143,4
12144,0
12145,2
12146,0
12147,4
12148,2
12149,1
12150,0
12151,2
12152,4
12153,2
12154,1
12155,3
12156,4
12157,0
12158,4
12159,3
12160,2
12161,2
12162,2
12163,2
12164,0
12165,1
12166,0
12167,3
12168,2
12169,2
12170,1
12171,1
12172,0
12173,2
12174,1
12175,1
12176,0
12177,1
12178,1
12179,4
12180,0
12181,3
12182,1
12183,2
12184,2
12185,4
12186,2
12187,1
12188,0
12189,4
12190,3
12191,3
12192,1
12193,2
12194,1
12195,2
12196,0
12197,4
12198,0
12199,3
12200,2
12201,2
12202,0
12203,1
12204,1
12205,0
12206,0
12207,4
12208,4
12209,4
12210,2
12211,4
12212,2
12213,3
12214,2
12215,0
12216,0
12217,3
12218,2
12219,1
12220,0
12221,4
12222,3
12223,1
12224,4
12225,0
12226,0
12227,4
12228,2
12229,1
12230,3
12231,4
12232,0
12233,2
12234,0
12235,1
12236,2
12237,3
12238,2
12239,3
12240,2
12241,2
12242,2
12243,0
12244,0
12245,0
12246,4
12247,0
12248,2
12249,3
12250,1
12251,0
12252,4
12253,1
12254,4
12255,1
12256,3
12257,0
12258,3
12259,2
12260,1
12261,4
12262,0
12263,3
12264,4
12265,2
12266,2
12267,2
12268,4
12269,1
12270,1
12271,1
12272,1
12273,3
12274,2
12275,2
12276,3
12277,3
12278,3
12279,1
12280,2
12281,3
12282,0
12283,3
12284,1
12285,1
12286,3
12287,4
12288,0
12289,1
12290,2
12291,4
12292,1
12293,1
12294,3
12295,2
12296,0
12297,1
12298,2
12299,1
12300,4
12301,0
12302,4
12303,2
12304,3
12305,2
12306,4
12307,0
12308,2
12309,3
12310,1
12311,2
12312,3
12313,4
12314,0
12315,1
12316,0
12317,0
12318,2
12319,3
12320,0
12321,0
12322,1
12323,1
12324,1
12325,2
12326,3
12327,2
12328,0
12329,4
12330,0
12331,2
12332,1
12333,3
12334,1
12335,0
12336,0
12337,2
12338,2
12339,2
12340,3
12341,4
12342,4
12343,4
12344,2
12345,1
12346,4
12347,2
12348,1
12349,4
12350,2
12351,0
12352,0
12353,3
12354,4
12355,4
12356,3
12357,3
12358,2
12359,3
12360,1
12361,0
12362,0
12363,2
12364,3
12365,3
12366,1
12367,3
12368,1
12369,2
12370,0
12371,0
12372,4
12373,3
12374,4
12375,2
12376,2
12377,4
12378,2
12379,0
12380,2
12381,4
12382,0
12383,2
12384,0
12385,4
12386,1
12387,2
12388,2
12389,1
12390,1
12391,0
12392,0
12393,3
12394,3
12395,4
12396,4
12397,2
12398,3
12399,2
12400,1
12401,0
12402,2
12403,0
12404,3
12405,4
12406,1
12407,2
12408,3
12409,1
12410,1
12411,0
12412,1
12413,1
12414,2
12415,0
12416,0
12417,2
12418,1
12419,1
12420,0
12421,3
12422,0
12423,0
12424,0
12425,3
12426,1
12427,3
12428,3
12429,0
12430,2
12431,2
12432,3
12433,0
12434,2
12435,2
12436,3
12437,0
12438,4
12439,0
12440,2
12441,4
12442,1
12443,4
12444,1
12445,0
12446,1
12447,2
12448,1
12449,2
12450,2
12451,4
12452,3
12453,4
12454,2
12455,2
12456,4
12457,4
12458,1
12459,2
12460,3
12461,4
12462,3
12463,0
12464,3
12465,3
12466,4
12467,2
12468,2
12469,4
12470,3
12471,3
12472,4
12473,4
12474,3
12475,0
12476,0
12477,0
12478,4
12479,0
12480,3
12481,2
12482,3
12483,2
12484,4
12485,3
12486,1
12487,0
12488,0
12489,4
12490,0
12491,1
12492,0
12493,3
12494,1
12495,4
12496,0
12497,1
12498,2
12499,2
12500,2
12501,0
12502,0
12503,1
12504,0
12505,2
12506,3
12507,0
12508,3
12509,2
12510,3
12511,1
12512,0
12513,2
12514,1
12515,4
12516,2
12517,0
12518,2
12519,4
12520,3
12521,3
12522,2
12523,3
12524,0
12525,1
12526,4
12527,1
12528,3
12529,2
12530,1
12531,4
12532,0
12533,1
12534,2
12535,1
12536,1
12537,2
12538,3
12539,2
12540,1
12541,1
12542,0
12543,2
12544,0
12545,4
12546,0
12547,1
12548,3
12549,3
12550,2
12551,4
12552,4
12553,3
12554,3
12555,3
12556,3
12557,3
12558,0
12559,4
12560,1
12561,0
12562,3
12563,0
12564,3
12565,2
12566,4
12567,1
12568,4
12569,3
12570,0
12571,4
12572,0
12573,2
12574,1
12575,2
12576,1
12577,3
12578,1
12579,4
12580,1
12581,0
12582,2
12583,4
12584,2
12585,2
12586,0
12587,4
12588,0
12589,2
12590,2
12591,1
12592,2
12593,3
12594,1
12595,0
12596,4
12597,2
12598,0
12599,1
12600,2
12601,2
12602,4
12603,3
12604,3
12605,2
12606,3
12607,0
12608,1
12609,4
12610,3
12611,2
12612,2
12613,4
12614,0
12615,1
12616,2
12617,0
12618,3
12619,1
12620,0
12621,2
12622,1
12623,3
12624,1
12625,0
12626,0
12627,0
12628,2
12629,0
12630,3
12631,0
12632,1
12633,0
12634,2
12635,3
12636,1
12637,3
12638,2
12639,0
12640,3
12641,1
12642,2
12643,1
12644,3
12645,4
12646,1
12647,1
12648,1
12649,1
12650,1
12651,2
12652,2
12653,2
12654,1
12655,2
12656,4
12657,1
12658,2
12659,1
12660,3
12661,3
12662,3
12663,3
12664,1
12665,4
12666,0
12667,2
12668,0
12669,4
12670,3
12671,4
12672,1
12673,2
12674,2
12675,2
12676,1
12677,1
12678,0
12679,4
12680,1
12681,4
12682,3
12683,4
12684,1
12685,3
12686,1
12687,3
12688,0
12689,3
12690,4
12691,2
12692,3
12693,1
12694,3
12695,1
12696,3
12697,4
12698,4
12699,4
12700,4
12701,0
12702,1
12703,0
12704,2
12705,0
12706,0
12707,2
12708,0
12709,2
12710,3
12711,1
12712,3
12713,0
12714,0
12715,3
12716,2
12717,0
12718,4
12719,2
12720,3
12721,3
12722,0
12723,3
12724,3
12725,0
12726,1
12727,3
12728,0
12729,4
12730,0
12731,0
12732,0
12733,2
12734,2
12735,4
12736,4
12737,3
12738,1
12739,3
12740,4
12741,2
12742,2
12743,3
12744,4
12745,1
12746,2
12747,2
12748,3
12749,2
12750,3
12751,1
12752,2
12753,4
12754,3
12755,0
12756,2
12757,0
12758,4
12759,0
12760,2
12761,2
12762,0
12763,4
12764,0
12765,0
12766,2
12767,3
12768,3
12769,1
12770,1
12771,0
12772,0
12773,2
12774,2
12775,2
12776,1
12777,2
12778,0
12779,2
12780,4
12781,2
12782,2
12783,3
12784,1
12785,1
12786,3
12787,0
12788,0
12789,0
12790,0
12791,2
12792,4
12793,3
12794,1
12795,4
12796,1
12797,3
12798,4
12799,0
12800,4
12801,4
12802,2
12803,1
12804,1
12805,2
12806,1
12807,4
12808,2
12809,1
12810,4
12811,2
12812,3
12813,4
12814,1
12815,3
12816,4
12817,3
12818,2
12819,1
12820,1
12821,0
12822,1
12823,4
12824,0
12825,0
12826,4
12827,2
12828,0
12829,2
12830,0
12831,2
12832,0
12833,0
12834,4
12835,2
12836,1
12837,1
12838,2
12839,3
12840,0
12841,0
12842,0
12843,3
12844,0
12845,0
12846,3
12847,1
12848,0
12849,2
12850,0
12851,1
12852,4
12853,0
12854,2
12855,3
12856,0
12857,1
12858,0
12859,4
12860,1
12861,1
12862,3
12863,3
12864,2
12865,3
12866,3
12867,4
12868,0
12869,0
12870,4
12871,1
12872,0
12873,3
12874,0
12875,0
12876,2
12877,1
12878,0
12879,0
12880,0
12881,0
12882,0
12883,3
12884,1
12885,1
12886,1
12887,4
12888,2
12889,0
12890,2
12891,1
12892,0
12893,1
12894,1
12895,4
12896,0
12897,3
12898,0
12899,0
12900,0
12901,0
12902,1
12903,1
12904,0
12905,1
12906,0
12907,1
12908,0
12909,3
12910,0
12911,3
12912,1
12913,1
12914,2
12915,1
12916,4
12917,0
12918,2
12919,3
12920,1
12921,0
12922,4
12923,1
12924,4
12925,1
12926,3
12927,3
12928,0
12929,0
12930,0
12931,2
12932,2
12933,3
12934,3
12935,4
12936,4
12937,2
12938,1
12939,1
12940,4
12941,0
12942,3
12943,0
12944,0
12945,2
12946,0
12947,2
12948,0
12949,2
12950,2
12951,2
12952,1
12953,1
12954,2
12955,4
12956,0
12957,4
12958,3
12959,3
12960,2
12961,0
12962,1
12963,2
12964,1
12965,1
12966,4
12967,4
12968,1
12969,3
12970,2
12971,4
12972,0
12973,2
12974,0
12975,0
12976,2
12977,3
12978,0
12979,0
12980,3
12981,3
12982,3
12983,3
12984,0
12985,0
12986,2
12987,0
12988,0
12989,0
12990,4
12991,2
12992,2
12993,1
12994,3
12995,1
12996,3
12997,1
12998,2
12999,2
13000,3
13001,1
13002,2
13003,3
13004,4
13005,3
13006,4
13007,4
13008,1
13009,1
13010,2
13011,1
13012,3
13013,4
13014,3
13015,3
13016,4
13017,2
13018,2
13019,2
13020,3
13021,0
13022,3
13023,4
13024,4
13025,3
13026,1
13027,0
13028,1
13029,3
13030,0
13031,2
13032,1
13033,0
13034,3
13035,4
13036,1
13037,4
13038,2
13039,2
13040,1
13041,2
13042,1
13043,0
13044,1
13045,3
13046,3
13047,1
13048,0
13049,1
13050,4
13051,0
13052,0
13053,1
13054,3
13055,2
13056,4
13057,1
13058,3
13059,4
13060,2
13061,4
13062,1
13063,1
13064,3
13065,4
13066,4
13067,4
13068,4
13069,0
13070,0
13071,0
13072,2
13073,1
13074,1
13075,4
13076,2
13077,0
13078,2
13079,1
13080,4
13081,3
13082,3
13083,3
13084,3
13085,1
13086,4
13087,4
13088,1
13089,1
13090,1
13091,0
13092,2
13093,2
13094,4
13095,0
13096,1
13097,1
13098,2
13099,1
13100,3
13101,0
13102,0
13103,1
13104,2
13105,1
13106,3
13107,0
13108,3
13109,3
13110,4
13111,2
13112,1
13113,2
13114,3
13115,2
13116,1
13117,2
13118,4
13119,2
13120,3
13121,2
13122,1
13123,4
13124,0
13125,0
13126,4
13127,4
13128,0
13129,1
13130,4
13131,0
13132,0
13133,4
13134,3
13135,1
13136,1
13137,3
13138,2
13139,2
13140,3
13141,1
13142,0
13143,2
13144,1
13145,2
13146,0
13147,2
13148,2
13149,3
13150,3
13151,0
13152,2
13153,3
13154,2
13155,1
13156,2
13157,0
13158,3
13159,4
13160,3
13161,2
13162,0
13163,1
13164,0
13165,3
13166,1
13167,2
13168,1
13169,2
13170,1
13171,0
13172,1
13173,1
13174,2
13175,0
13176,4
13177,1
13178,3
13179,1
13180,4
13181,1
13182,1
13183,0
13184,3
13185,1
13186,2
13187,0
13188,2
13189,4
13190,4
13191,0
13192,4
13193,2
13194,0
13195,3
13196,2
13197,4
13198,0
13199,1
13200,2
13201,3
13202,0
13203,4
13204,3
13205,1
13206,2
13207,0
13208,2
13209,2
13210,1
13211,1
13212,3
13213,2
13214,1
13215,4
13216,3
13217,2
13218,0
13219,0
13220,0
13221,2
13222,3
13223,2
13224,0
13225,1
13226,0
13227,0
13228,3
13229,0
13230,4
13231,0
13232,4
13233,2
13234,4
13235,2
13236,0
13237,0
13238,4
13239,2
13240,3
13241,3
13242,3
13243,2
13244,1
13245,3
13246,1
13247,3
13248,4
13249,1
13250,2
13251,1
13252,3
13253,2
13254,1
13255,4
13256,3
13257,1
13258,0
13259,1
13260,3
13261,1
13262,1
13263,0
13264,4
13265,1
13266,2
13267,2
13268,4
13269,0
13270,3
13271,2
13272,3
13273,0
13274,2
13275,3
13276,3
13277,1
13278,3
13279,3
13280,0
13281,0
13282,0
13283,3
13284,2
13285,2
13286,1
13287,3
13288,4
13289,0
13290,0
13291,4
13292,2
13293,2
13294,4
13295,2
13296,2
13297,3
13298,3
13299,3
13300,4
13301,0
13302,2
13303,4
13304,1
13305,0
13306,2
13307,0
13308,1
13309,1
13310,1
13311,4
13312,4
13313,1
13314,2
13315,2
13316,2
13317,1
13318,1
13319,2
13320,1
13321,1
13322,3
13323,1
13324,3
13325,4
13326,4
13327,0
13328,1
13329,3
13330,1
13331,2
13332,1
13333,0
13334,2
13335,4
13336,0
13337,1
13338,0
13339,1
13340,1
13341,2
13342,1
13343,1
13344,0
13345,3
13346,3
13347,3
13348,1
13349,1
13350,1
13351,1
13352,1
13353,4
13354,1
13355,3
13356,4
13357,0
13358,0
13359,3
13360,1
13361,0
13362,1
13363,1
13364,4
13365,2
13366,0
13367,4
13368,3
13369,2
13370,4
13371,0
13372,1
13373,1
13374,0
13375,4
13376,1
13377,0
13378,1
13379,2
13380,1
13381,2
13382,2
13383,1
13384,2
13385,1
13386,0
13387,3
13388,0
13389,1
13390,0
13391,0
13392,4
13393,1
13394,1
13395,0
13396,1
13397,1
13398,1
13399,3
13400,4
13401,4
13402,2
13403,1
13404,0
13405,1
13406,1
13407,0
13408,1
13409,0
13410,0
13411,3
13412,2
13413,0
13414,0
13415,1
13416,2
13417,1
13418,3
13419,3
13420,2
13421,1
13422,2
13423,0
13424,0
13425,1
13426,1
13427,4
13428,1
13429,0
13430,4
13431,1
13432,3
13433,1
13434,0
13435,2
13436,3
13437,0
13438,1
13439,0
13440,3
13441,0
13442,0
13443,0
13444,2
13445,0
13446,0
13447,2
13448,4
13449,0
13450,4
13451,3
13452,4
13453,1
13454,2
13455,2
13456,4
13457,4
13458,1
13459,1
13460,0
13461,2
13462,2
13463,0
13464,1
13465,2
13466,4
13467,0
13468,1
13469,3
13470,3
13471,2
13472,3
13473,1
13474,4
13475,2
13476,3
13477,2
13478,3
13479,1
13480,3
13481,2
13482,0
13483,2
13484,2
13485,2
13486,3
13487,1
13488,4
13489,4
13490,4
13491,0
13492,4
13493,4
13494,2
13495,2
13496,1
13497,4
13498,3
13499,0
13500,3
13501,3
13502,1
13503,1
13504,0
13505,2
13506,0
13507,2
13508,1
13509,4
13510,1
13511,4
13512,0
13513,1
13514,4
13515,0
13516,2
13517,3
13518,0
13519,4
13520,1
13521,0
13522,1
13523,4
13524,0
13525,1
13526,0
13527,2
13528,1
13529,1
13530,0
13531,1
13532,0
13533,4
13534,3
13535,2
13536,1
13537,2
13538,1
13539,1
13540,0
13541,1
13542,2
13543,1
13544,4
13545,1
13546,0
13547,0
13548,0
13549,2
13550,1
13551,3
13552,2
13553,4
13554,1
13555,1
13556,0
13557,2
13558,4
13559,3
13560,0
13561,3
13562,2
13563,4
13564,4
13565,4
13566,2
13567,2
13568,2
13569,4
13570,1
13571,4
13572,4
13573,1
13574,3
13575,0
13576,3
13577,1
13578,3
13579,2
13580,1
13581,3
13582,3
13583,3
13584,1
13585,4
13586,3
13587,0
13588,3
13589,2
13590,4
13591,1
13592,1
13593,3
13594,1
13595,4
13596,1
13597,2
13598,0
13599,0
13600,4
13601,3
13602,0
13603,2
13604,0
13605,2
13606,0
13607,2
13608,1
13609,4
13610,3
13611,3
13612,2
13613,1
13614,0
13615,3
13616,3
13617,0
13618,2
13619,3
13620,2
13621,4
13622,3
13623,3
13624,2
13625,2
13626,0
13627,0
13628,1
13629,0
13630,3
13631,0
13632,0
13633,3
13634,4
13635,1
13636,0
13637,0
13638,0
13639,0
13640,0
13641,1
13642,2
13643,3
13644,0
13645,0
13646,3
13647,1
13648,3
13649,2
13650,3
13651,3
13652,2
13653,3
13654,1
13655,0
13656,3
13657,2
13658,1
13659,4
13660,1
13661,0
13662,2
13663,1
13664,4
13665,3
13666,2
13667,0
13668,3
13669,3
13670,2
13671,2
13672,0
13673,3
13674,0
13675,2
13676,4
13677,3
13678,0
13679,1
13680,0
13681,1
13682,1
13683,0
13684,4
13685,1
13686,1
13687,2
13688,2
13689,0
13690,2
13691,3
13692,0
13693,2
13694,2
13695,0
13696,0
13697,0
13698,4
13699,2
13700,0
13701,0
13702,2
13703,2
13704,3
13705,2
13706,1
13707,0
13708,3
13709,0
13710,1
13711,2
13712,3
13713,3
13714,0
13715,2
13716,3
13717,0
13718,4
13719,2
13720,3
13721,4
13722,1
13723,1
13724,1
13725,2
13726,0
13727,1
13728,4
13729,2
13730,1
13731,1
13732,0
13733,2
13734,4
13735,2
13736,0
13737,4
13738,2
13739,1
13740,1
13741,4
13742,1
13743,1
13744,3
13745,2
13746,3
13747,4
13748,2
13749,3
13750,4
13751,3
13752,3
13753,2
13754,0
13755,1
13756,3
13757,4
13758,3
13759,1
13760,2
13761,4
13762,3
13763,1
13764,4
13765,1
13766,4
13767,2
13768,2
13769,3
13770,2
13771,2
13772,3
13773,3
13774,0
13775,2
13776,3
13777,4
13778,2
13779,0
13780,0
13781,2
13782,3
13783,3
13784,3
13785,0
13786,3
13787,3
13788,4
13789,0
13790,1
13791,1
13792,2
13793,3
13794,0
13795,0
13796,0
13797,4
13798,1
13799,1
13800,3
13801,0
13802,0
13803,0
13804,3
13805,1
13806,0
13807,1
13808,4
13809,1
13810,3
13811,3
13812,3
13813,4
13814,4
13815,4
13816,3
13817,2
13818,4
13819,0
13820,4
13821,4
13822,3
13823,4
13824,2
13825,3
13826,1
13827,2
13828,0
13829,3
13830,1
13831,1
13832,4
13833,3
13834,1
13835,1
13836,2
13837,0
13838,3
13839,1
13840,1
13841,1
13842,1
13843,4
13844,4
13845,4
13846,1
13847,2
13848,4
13849,0
13850,1
13851,3
13852,2
13853,4
13854,1
13855,3
13856,1
13857,0
13858,2
13859,1
13860,0
13861,4
13862,3
13863,0
13864,4
13865,0
13866,0
13867,3
13868,2
13869,0
13870,2
13871,3
13872,0
13873,1
13874,2
13875,0
13876,2
13877,1
13878,0
13879,1
13880,4
13881,1
13882,1
13883,3
13884,2
13885,0
13886,3
13887,2
13888,2
13889,4
13890,3
13891,2
13892,2
13893,2
13894,4
13895,4
13896,3
13897,4
13898,2
13899,1
13900,0
13901,4
13902,2
13903,4
13904,0
13905,2
13906,3
13907,2
13908,0
13909,4
13910,1
13911,2
13912,2
13913,0
13914,0
13915,1
13916,2
13917,2
13918,1
13919,3
13920,1
13921,1
13922,2
13923,1
13924,1
13925,1
13926,0
13927,1
13928,2
13929,4
13930,3
13931,2
13932,1
13933,0
13934,2
13935,3
13936,3
13937,4
13938,1
13939,0
13940,1
13941,3
13942,2
13943,1
13944,1
13945,2
13946,2
13947,0
13948,1
13949,0
13950,4
13951,2
13952,1
13953,2
13954,1
13955,2
13956,4
13957,2
13958,4
13959,1
13960,2
13961,4
13962,0
13963,0
13964,2
13965,4
13966,1
13967,4
13968,3
13969,2
13970,0
13971,2
13972,1
13973,2
13974,0
13975,0
13976,2
13977,1
13978,3
13979,3
13980,4
13981,2
13982,4
13983,3
13984,3
13985,2
13986,2
13987,0
13988,3
13989,2
13990,4
13991,3
13992,2
13993,3
13994,1
13995,0
13996,4
13997,0
13998,4
13999,0
14000,4
14001,2
14002,0
14003,0
14004,0
14005,1
14006,4
14007,4
14008,2
14009,3
14010,4
14011,3
14012,0
14013,3
14014,4
14015,4
14016,3
14017,4
14018,3
14019,4
14020,3
14021,3
14022,4
14023,1
14024,0
14025,2
14026,1
14027,3
14028,3
14029,0
14030,2
14031,1
14032,0
14033,0
14034,0
14035,0
14036,1
14037,1
14038,3
14039,1
14040,2
14041,1
14042,3
14043,2
14044,3
14045,2
14046,0
14047,3
14048,0
14049,2
14050,0
14051,3
14052,3
14053,2
14054,2
14055,0
14056,1
14057,1
14058,3
14059,3
14060,3
14061,1
14062,3
14063,3
14064,4
14065,3
14066,3
14067,4
14068,1
14069,2
14070,0
14071,2
14072,1
14073,0
14074,2
14075,3
14076,0
14077,3
14078,3
14079,4
14080,4
14081,1
14082,1
14083,1
14084,4
14085,3
14086,0
14087,4
14088,3
14089,4
14090,3
14091,0
14092,3
14093,1
14094,1
14095,0
14096,2
14097,2
14098,4
14099,1
14100,3
14101,3
14102,2
14103,2
14104,1
14105,1
14106,2
14107,0
14108,2
14109,2
14110,0
14111,0
14112,1
14113,4
14114,0
14115,2
14116,2
14117,1
14118,0
14119,1
14120,0
14121,0
14122,2
14123,4
14124,3
14125,1
14126,0
14127,4
14128,2
14129,0
14130,3
14131,2
14132,3
14133,3
14134,4
14135,0
14136,1
14137,3
14138,4
14139,1
14140,1
14141,2
14142,2
14143,1
14144,2
14145,4
14146,3
14147,1
14148,4
14149,1
14150,3
14151,2
14152,1
14153,0
14154,2
14155,2
14156,4
14157,2
14158,3
14159,1
14160,2
14161,0
14162,2
14163,1
14164,2
14165,0
14166,0
14167,0
14168,4
14169,1
14170,1
14171,1
14172,1
14173,1
14174,0
14175,3
14176,0
14177,2
14178,3
14179,3
14180,0
14181,3
14182,2
14183,0
14184,0
14185,2
14186,3
14187,4
14188,4
14189,2
14190,2
14191,1
14192,4
14193,0
14194,0
14195,3
14196,1
14197,3
14198,0
14199,0
14200,1
14201,2
14202,4
14203,0
14204,4
14205,4
14206,3
14207,0
14208,1
14209,0
14210,4
14211,0
14212,1
14213,3
14214,0
14215,4
14216,2
14217,2
14218,2
14219,0
14220,1
14221,2
14222,1
14223,0
14224,2
14225,3
14226,3
14227,2
14228,1
14229,1
14230,2
14231,2
14232,1
14233,3
14234,4
14235,4
14236,0
14237,3
14238,2
14239,3
14240,4
14241,4
14242,0
14243,3
14244,4
14245,1
14246,1
14247,1
14248,2
14249,3
14250,0
14251,0
14252,2
14253,2
14254,2
14255,1
14256,0
14257,0
14258,1
14259,3
14260,1
14261,1
14262,3
14263,0
14264,4
14265,2
14266,2
14267,3
14268,1
14269,0
14270,4
14271,1
14272,2
14273,2
14274,0
14275,3
14276,0
14277,0
14278,0
14279,4
14280,1
14281,0
14282,2
14283,3
14284,4
14285,3
14286,0
14287,2
14288,1
14289,3
14290,3
14291,3
14292,4
14293,3
14294,4
14295,0
14296,4
14297,1
14298,2
14299,2
14300,2
14301,1
14302,1
14303,2
14304,0
14305,4
14306,1
14307,3
14308,2
14309,2
14310,3
14311,0
14312,0
14313,0
14314,0
14315,3
14316,1
14317,1
14318,3
14319,1
14320,3
14321,4
14322,3
14323,3
14324,3
14325,1
14326,0
14327,0
14328,4
14329,0
14330,1
14331,2
14332,4
14333,4
14334,3
14335,0
14336,3
14337,2
14338,1
14339,1
14340,1
14341,4
14342,0
14343,3
14344,0
14345,0
14346,4
14347,4
14348,3
14349,2
14350,3
14351,2
14352,2
14353,4
14354,2
14355,0
14356,0
14357,1
14358,1
14359,2
14360,0
14361,4
14362,2
14363,1
14364,1
14365,1
14366,1
14367,4
14368,4
14369,1
14370,4
14371,1
14372,4
14373,4
14374,3
14375,2
14376,1
14377,4
14378,1
14379,2
14380,0
14381,4
14382,0
14383,2
14384,2
14385,2
14386,3
14387,3
14388,3
14389,0
14390,2
14391,0
14392,3
14393,0
14394,2
14395,0
14396,3
14397,4
14398,4
14399,3
14400,3
14401,2
14402,0
14403,4
14404,3
14405,3
14406,1
14407,1
14408,3
14409,4
14410,4
14411,2
14412,1
14413,1
14414,1
14415,1
14416,1
14417,2
14418,4
14419,0
14420,0
14421,0
14422,2
14423,4
14424,0
14425,0
14426,0
14427,4
14428,0
14429,2
14430,3
14431,4
14432,3
14433,3
14434,0
14435,4
14436,3
14437,1
14438,1
14439,3
14440,3
14441,0
14442,3
14443,2
14444,2
14445,4
14446,3
14447,1
14448,2
14449,4
14450,1
14451,3
14452,3
14453,0
14454,2
14455,0
14456,2
14457,4
14458,2
14459,1
14460,0
14461,2
14462,0
14463,4
14464,0
14465,3
14466,4
14467,3
14468,3
14469,3
14470,2
14471,0
14472,3
14473,1
14474,1
14475,3
14476,1
14477,0
14478,3
14479,2
14480,2
14481,3
14482,1
14483,2
14484,0
14485,0
14486,4
14487,4
14488,4
14489,0
14490,3
14491,2
14492,2
14493,1
14494,3
14495,1
14496,4
14497,3
14498,0
14499,4
14500,2
14501,0
14502,2
14503,1
14504,4
14505,1
14506,1
14507,4
14508,4
14509,0
14510,0
14511,3
14512,2
14513,1
14514,2
14515,0
14516,3
14517,4
14518,4
14519,0
14520,4
14521,0
14522,0
14523,3
14524,4
14525,1
14526,0
14527,2
14528,0
14529,2
14530,0
14531,2
14532,1
14533,2
14534,3
14535,2
14536,0
14537,2
14538,3
14539,2
14540,1
14541,4
14542,1
14543,1
14544,0
14545,3
14546,3
14547,3
14548,2
14549,2
14550,3
14551,0
14552,4
14553,0
14554,4
14555,4
14556,0
14557,1
14558,1
14559,1
14560,4
14561,1
14562,2
14563,1
14564,3
14565,3
14566,2
14567,0
14568,2
14569,1
14570,2
14571,2
14572,1
14573,4
14574,0
14575,1
14576,0
14577,2
14578,0
14579,2
14580,1
14581,3
14582,0
14583,0
14584,1
14585,0
14586,0
14587,1
14588,4
14589,4
14590,0
14591,1
14592,2
14593,0
14594,2
14595,0
14596,1
14597,1
14598,4
14599,0
14600,2
14601,3
14602,1
14603,4
14604,1
14605,3
14606,0
14607,2
14608,3
14609,4
14610,3
14611,1
14612,4
14613,3
14614,2
14615,1
14616,3
14617,1
14618,0
14619,3
14620,2
14621,3
14622,0
14623,1
14624,1
14625,3
14626,3
14627,1
14628,0
14629,2
14630,1
14631,3
14632,2
14633,3
14634,2
14635,3
14636,0
14637,3
14638,1
14639,2
14640,2
14641,3
14642,2
14643,0
14644,1
14645,1
14646,3
14647,0
14648,2
14649,1
14650,2
14651,0
14652,1
14653,3
14654,2
14655,4
14656,0
14657,1
14658,1
14659,4
14660,3
14661,2
14662,0
14663,1
14664,3
14665,3
14666,3
14667,2
14668,2
14669,1
14670,1
14671,0
14672,2
14673,0
14674,3
14675,2
14676,2
14677,0
14678,0
14679,1
14680,3
14681,0
14682,0
14683,4
14684,2
14685,3
14686,1
14687,2
14688,0
14689,0
14690,3
14691,4
14692,1
14693,3
14694,3
14695,0
14696,4
14697,1
14698,0
14699,0
14700,2
14701,2
14702,2
14703,4
14704,1
14705,3
14706,2
14707,3
14708,2
14709,1
14710,2
14711,1
14712,4
14713,1
14714,0
14715,0
14716,3
14717,2
14718,4
14719,2
14720,3
14721,0
14722,3
14723,1
14724,1
14725,4
14726,2
14727,0
14728,2
14729,4
14730,0
14731,2
14732,2
14733,4
14734,2
14735,2
14736,4
14737,0
14738,1
14739,1
14740,4
14741,3
14742,3
14743,0
14744,0
14745,4
14746,4
14747,3
14748,1
14749,3
14750,1
14751,0
14752,1
14753,1
14754,0
14755,0
14756,0
14757,0
14758,1
14759,3
14760,3
14761,2
14762,4
14763,1
14764,4
14765,4
14766,0
14767,1
14768,0
14769,2
14770,3
14771,4
14772,1
14773,3
14774,2
14775,0
14776,1
14777,3
14778,3
14779,2
14780,1
14781,0
14782,1
14783,0
14784,0
14785,0
14786,1
14787,3
14788,3
14789,1
14790,0
14791,2
14792,1
14793,2
14794,2
14795,0
14796,1
14797,4
14798,4
14799,4
14800,4
14801,1
14802,3
14803,0
14804,0
14805,1
14806,1
14807,0
14808,3
14809,1
14810,1
14811,0
14812,0
14813,3
14814,0
14815,1
14816,1
14817,4
14818,3
14819,1
14820,3
14821,1
14822,2
14823,3
14824,2
14825,3
14826,0
14827,1
14828,4
14829,3
14830,1
14831,2
14832,0
14833,3
14834,3
14835,2
14836,3
14837,0
14838,0
14839,3
14840,1
14841,0
14842,4
14843,1
14844,3
14845,0
14846,0
14847,4
14848,2
14849,1
14850,1
14851,0
14852,0
14853,2
14854,1
14855,3
14856,1
14857,3
14858,0
14859,3
14860,0
14861,3
14862,1
14863,3
14864,0
14865,3
14866,1
14867,4
14868,0
14869,1
14870,1
14871,2
14872,1
14873,4
14874,2
14875,0
14876,3
14877,1
14878,2
14879,2
14880,2
14881,3
14882,1
14883,4
14884,2
14885,0
14886,1
14887,3
14888,3
14889,4
14890,0
14891,0
14892,4
14893,0
14894,3
14895,3
14896,2
14897,3
14898,2
14899,4
14900,0
14901,0
14902,1
14903,1
14904,0
14905,2
14906,0
14907,3
14908,1
14909,4
14910,4
14911,0
14912,4
14913,4
14914,2
14915,2
14916,4
14917,3
14918,1
14919,3
14920,2
14921,0
14922,0
14923,1
14924,1
14925,4
14926,2
14927,2
14928,4
14929,4
14930,0
14931,0
14932,3
14933,3
14934,4
14935,1
14936,1
14937,1
14938,1
14939,3
14940,1
14941,3
14942,0
14943,4
14944,2
14945,0
14946,1
14947,3
14948,2
14949,0
14950,0
14951,1
14952,1
14953,3
14954,2
14955,3
14956,3
14957,3
14958,2
14959,4
14960,2
14961,2
14962,3
14963,1
14964,3
14965,0
14966,4
14967,1
14968,0
14969,0
14970,3
14971,4
14972,0
14973,3
14974,3
14975,2
14976,0
14977,2
14978,3
14979,4
14980,0
14981,2
14982,3
14983,3
14984,0
14985,3
14986,3
14987,1
14988,3
14989,2
14990,4
14991,3
14992,0
14993,2
14994,0
14995,4
14996,3
14997,2
14998,3
14999,2
15000,3
15001,3
15002,0
15003,4
15004,0
15005,4
15006,4
15007,4
15008,0
15009,0
15010,0
15011,4
15012,3
15013,4
15014,1
15015,1
15016,3
15017,3
15018,1
15019,1
15020,0
15021,1
15022,0
15023,1
15024,0
15025,1
15026,3
15027,2
15028,3
15029,3
15030,3
15031,0
15032,1
15033,2
15034,1
15035,2
15036,2
15037,0
15038,4
15039,0
15040,0
15041,3
15042,0
15043,1
15044,3
15045,2
15046,0
15047,0
15048,0
15049,4
15050,1
15051,2
15052,3
15053,1
15054,1
15055,3
15056,0
15057,3
15058,0
15059,3
15060,3
15061,1
15062,0
15063,3
15064,2
15065,4
15066,0
15067,0
15068,3
15069,3
15070,3
15071,2
15072,2
15073,0
15074,3
15075,0
15076,0
15077,1
15078,2
15079,0
15080,2
15081,1
15082,2
15083,2
15084,1
15085,3
15086,2
15087,2
15088,2
15089,3
15090,2
15091,1
15092,2
15093,2
15094,4
15095,1
15096,1
15097,3
15098,2
15099,0
15100,0
15101,0
15102,2
15103,0
15104,1
15105,0
15106,1
15107,3
15108,1
15109,3
15110,3
15111,4
15112,2
15113,0
15114,0
15115,3
15116,0
15117,4
15118,1
15119,3
15120,1
15121,1
15122,0
15123,3
15124,1
15125,3
15126,3
15127,1
15128,1
15129,1
15130,3
15131,0
15132,1
15133,0
15134,1
15135,4
15136,2
15137,1
15138,0
15139,2
15140,4
15141,1
15142,3
15143,1
15144,0
15145,0
15146,0
15147,4
15148,0
15149,2
15150,2
15151,2
15152,2
15153,3
15154,3
15155,0
15156,0
15157,3
15158,0
15159,0
15160,2
15161,1
15162,1
15163,0
15164,3
15165,4
15166,0
15167,2
15168,1
15169,1
15170,1
15171,3
15172,1
15173,3
15174,2
15175,0
15176,2
15177,1
15178,2
15179,1
15180,0
15181,4
15182,2
15183,4
15184,4
15185,2
15186,3
15187,1
15188,4
15189,4
15190,4
15191,0
15192,0
15193,2
15194,3
15195,4
15196,1
15197,0
15198,3
15199,4
15200,0
15201,3
15202,1
15203,2
15204,4
15205,2
15206,2
15207,0
15208,1
15209,4
15210,0
15211,0
15212,4
15213,2
15214,3
15215,2
15216,1
15217,1
15218,0
15219,2
15220,3
15221,1
15222,1
15223,2
15224,1
15225,3
15226,0
15227,0
15228,1
15229,4
15230,2
15231,1
15232,0
15233,4
15234,2
15235,0
15236,3
15237,3
15238,1
15239,3
15240,4
15241,1
15242,4
15243,2
15244,3
15245,4
15246,2
15247,4
15248,4
15249,4
15250,4
15251,4
15252,2
15253,0
15254,3
15255,3
15256,3
15257,3
15258,2
15259,0
15260,1
15261,0
15262,4
15263,1
15264,2
15265,3
15266,1
15267,0
15268,1
15269,1
15270,0
15271,2
15272,0
15273,0
15274,3
15275,1
15276,1
15277,2
15278,3
15279,1
15280,4
15281,4
15282,3
15283,0
15284,4
15285,3
15286,4
15287,1
15288,2
15289,4
15290,4
15291,3
15292,4
15293,4
15294,2
15295,3
15296,0
15297,4
15298,2
15299,1
15300,1
15301,1
15302,1
15303,1
15304,2
15305,3
15306,2
15307,3
15308,3
15309,2
15310,0
15311,3
15312,1
15313,2
15314,0
15315,1
15316,1
15317,0
15318,0
15319,2
15320,1
15321,1
15322,4
15323,2
15324,0
15325,1
15326,1
15327,2
15328,0
15329,4
15330,0
15331,0
15332,2
15333,4
15334,0
15335,1
15336,3
15337,0
15338,4
15339,1
15340,1
15341,3
15342,2
15343,4
15344,4
15345,4
15346,0
15347,2
15348,2
15349,3
15350,2
15351,1
15352,0
15353,4
15354,2
15355,4
15356,2
15357,3
15358,0
15359,4
15360,2
15361,1
15362,3
15363,1
15364,3
15365,3
15366,2
15367,4
15368,2
15369,0
15370,1
15371,1
15372,1
15373,1
15374,1
15375,3
15376,3
15377,4
15378,2
15379,1
15380,2
15381,2
15382,4
15383,4
15384,1
15385,4
15386,1
15387,1
15388,2
15389,3
15390,4
15391,1
15392,4
15393,3
15394,4
15395,3
15396,3
15397,2
15398,1
15399,3
15400,0
15401,0
15402,2
15403,3
15404,1
15405,2
15406,2
15407,1
15408,1
15409,3
15410,2
15411,3
15412,0
15413,4
15414,4
15415,2
15416,4
15417,4
15418,3
15419,3
15420,3
15421,3
15422,0
15423,3
15424,1
15425,4
15426,3
15427,4
15428,0
15429,1
15430,1
15431,0
15432,0
15433,0
15434,4
15435,2
15436,1
15437,0
15438,4
15439,1
15440,0
15441,4
15442,2
15443,1
15444,2
15445,0
15446,4
15447,3
15448,4
15449,3
15450,4
15451,1
15452,4
15453,3
15454,2
15455,1
15456,1
15457,4
15458,3
15459,4
15460,1
15461,0
15462,2
15463,0
15464,4
15465,1
15466,4
15467,1
15468,3
15469,2
15470,4
15471,2
15472,2
15473,1
15474,1
15475,1
15476,4
15477,2
15478,0
15479,4
15480,0
15481,3
15482,3
15483,2
15484,3
15485,0
15486,3
15487,3
15488,4
15489,3
15490,0
15491,4
15492,0
15493,2
15494,3
15495,3
15496,4
15497,0
15498,2
15499,1
15500,3
15501,4
15502,1
15503,0
15504,2
15505,2
15506,0
15507,4
15508,3
15509,4
15510,0
15511,2
15512,0
15513,2
15514,0
15515,2
15516,0
15517,0
15518,2
15519,3
15520,0
15521,1
15522,0
15523,3
15524,3
15525,1
15526,0
15527,2
15528,1
15529,1
15530,2
15531,1
15532,3
15533,2
15534,3
15535,2
15536,0
15537,1
15538,2
15539,2
15540,1
15541,3
15542,1
15543,2
15544,1
15545,0
15546,1
15547,0
15548,1
15549,3
15550,2
15551,2
15552,0
15553,4
15554,1
15555,0
15556,3
15557,4
15558,3
15559,0
15560,1
15561,3
15562,1
15563,0
15564,2
15565,1
15566,0
15567,2
15568,2
15569,4
15570,1
15571,4
15572,3
15573,3
15574,4
15575,0
15576,0
15577,0
15578,4
15579,0
15580,0
15581,1
15582,2
15583,0
15584,0
15585,3
15586,2
15587,0
15588,1
15589,0
15590,0
15591,4
15592,0
15593,4
15594,2
15595,0
15596,0
15597,3
15598,0
15599,2
15600,2
15601,3
15602,3
15603,0
15604,2
15605,1
15606,0
15607,1
15608,1
15609,3
15610,0
15611,3
15612,4
15613,0
15614,2
15615,1
15616,2
15617,1
15618,4
15619,2
15620,0
15621,2
15622,0
15623,3
15624,4
15625,4
15626,1
15627,3
15628,0
15629,1
15630,0
15631,4
15632,2
15633,3
15634,3
15635,0
15636,4
15637,1
15638,0
15639,2
15640,2
15641,1
15642,0
15643,4
15644,0
15645,1
15646,3
15647,1
15648,1
15649,0
15650,1
15651,0
15652,4
15653,1
15654,1
15655,0
15656,3
15657,3
15658,2
15659,4
15660,4
15661,3
15662,2
15663,4
15664,1
15665,1
15666,2
15667,2
15668,1
15669,0
15670,4
15671,4
15672,1
15673,4
15674,3
15675,0
15676,0
15677,3
15678,4
15679,0
15680,3
15681,2
15682,4
15683,1
15684,2
15685,0
15686,4
15687,1
15688,2
15689,0
15690,4
15691,0
15692,2
15693,3
15694,0
15695,4
15696,4
15697,1
15698,1
15699,2
15700,2
15701,2
15702,2
15703,1
15704,2
15705,2
15706,0
15707,2
15708,0
15709,3
15710,4
15711,4
15712,3
15713,1
15714,2
15715,3
15716,1
15717,3
15718,0
15719,1
15720,2
15721,3
15722,1
15723,0
15724,3
15725,1
15726,3
15727,0
15728,0
15729,1
15730,2
15731,1
15732,4
15733,2
15734,3
15735,0
15736,4
15737,2
15738,4
15739,0
15740,1
15741,1
15742,3
15743,4
15744,0
15745,1
15746,3
15747,2
15748,0
15749,4
15750,4
15751,2
15752,1
15753,4
15754,1
15755,1
15756,2
15757,3
15758,2
15759,1
15760,2
15761,2
15762,0
15763,1
15764,1
15765,2
15766,2
15767,2
15768,4
15769,1
15770,3
15771,1
15772,4
15773,2
15774,3
15775,4
15776,3
15777,1
15778,3
15779,2
15780,3
15781,1
15782,1
15783,3
15784,0
15785,3
15786,2
15787,3
15788,1
15789,4
15790,0
15791,4
15792,0
15793,1
15794,4
15795,4
15796,3
15797,3
15798,1
15799,0
15800,0
15801,3
15802,2
15803,2
15804,4
15805,3
15806,4
15807,2
15808,2
15809,3
15810,0
15811,2
15812,0
15813,2
15814,0
15815,2
15816,3
15817,3
15818,4
15819,3
15820,2
15821,2
15822,2
15823,1
15824,0
15825,1
15826,1
15827,2
15828,2
15829,2
15830,1
15831,4
15832,1
15833,4
15834,1
15835,4
15836,2
15837,1
15838,0
15839,0
15840,3
15841,3
15842,4
15843,0
15844,2
15845,2
15846,2
15847,4
15848,0
15849,1
15850,3
15851,1
15852,3
15853,3
15854,3
15855,0
15856,0
15857,4
15858,1
15859,4
15860,3
15861,2
15862,1
15863,4
15864,0
15865,4
15866,1
15867,1
15868,0
15869,4
15870,0
15871,1
15872,3
15873,2
15874,2
15875,4
15876,3
15877,4
15878,4
15879,1
15880,4
15881,0
15882,3
15883,3
15884,1
15885,2
15886,1
15887,2
15888,3
15889,2
15890,2
15891,2
15892,4
15893,0
15894,0
15895,2
15896,3
15897,2
15898,3
15899,1
15900,3
15901,0
15902,1
15903,2
15904,3
15905,0
15906,3
15907,2
15908,2
15909,4
15910,3
15911,3
15912,0
15913,2
15914,0
15915,0
15916,3
15917,0
15918,3
15919,2
15920,1
15921,4
15922,4
15923,2
15924,4
15925,4
15926,1
15927,0
15928,0
15929,3
15930,3
15931,4
15932,3
15933,3
15934,1
15935,2
15936,0
15937,0
15938,3
15939,2
15940,1
15941,2
15942,2
15943,0
15944,0
15945,0
15946,0
15947,1
15948,3
15949,0
15950,0
15951,1
15952,0
15953,4
15954,3
15955,4
15956,0
15957,1
15958,0
15959,0
15960,1
15961,0
15962,4
15963,1
15964,2
15965,2
15966,1
15967,3
15968,2
15969,4
15970,4
15971,1
15972,1
15973,1
15974,4
15975,0
15976,0
15977,1
15978,2
15979,0
15980,4
15981,2
15982,2
15983,2
15984,2
15985,0
15986,2
15987,0
15988,2
15989,1
15990,0
15991,2
15992,3
15993,1
15994,4
15995,1
15996,2
15997,0
15998,0
15999,0
16000,4
16001,1
16002,0
16003,3
16004,1
16005,3
16006,2
16007,2
16008,2
16009,2
16010,0
16011,4
16012,4
16013,0
16014,1
16015,2
16016,1
16017,2
16018,0
16019,1
16020,0
16021,0
16022,1
16023,3
16024,1
16025,3
16026,2
16027,0
16028,2
16029,1
16030,2
16031,0
16032,3
16033,4
16034,2
16035,0
16036,2
16037,0
16038,2
16039,0
16040,0
16041,3
16042,1
16043,2
16044,4
16045,3
16046,0
16047,3
16048,4
16049,0
16050,1
16051,0
16052,0
16053,3
16054,1
16055,4
16056,1
16057,1
16058,0
16059,0
16060,1
16061,0
16062,1
16063,0
16064,3
16065,3
16066,2
16067,2
16068,2
16069,0
16070,3
16071,1
16072,2
16073,1
16074,0
16075,3
16076,0
16077,2
16078,4
16079,2
16080,1
16081,0
16082,2
16083,3
16084,1
16085,1
16086,3
16087,2
16088,4
16089,1
16090,2
16091,3
16092,1
16093,2
16094,4
16095,1
16096,2
16097,4
16098,4
16099,3
16100,0
16101,2
16102,0
16103,0
16104,4
16105,1
16106,0
16107,1
16108,0
16109,3
16110,0
16111,4
16112,3
16113,1
16114,4
16115,1
16116,2
16117,4
16118,0
16119,3
16120,2
16121,4
16122,3
16123,1
16124,0
16125,2
16126,3
16127,3
16128,3
16129,2
16130,4
16131,0
16132,2
16133,0
16134,1
16135,4
16136,0
16137,0
16138,3
16139,2
16140,1
16141,3
16142,0
16143,4
16144,3
16145,0
16146,0
16147,3
16148,4
16149,4
16150,0
16151,1
16152,1
16153,0
16154,3
16155,1
16156,1
16157,0
16158,0
16159,3
16160,3
16161,0
16162,0
16163,2
16164,2
16165,3
16166,1
16167,2
16168,2
16169,0
16170,2
16171,2
16172,2
16173,0
16174,4
16175,2
16176,2
16177,0
16178,0
16179,3
16180,3
16181,0
16182,3
16183,3
16184,2
16185,3
16186,2
16187,3
16188,0
16189,4
16190,4
16191,3
16192,2
16193,3
16194,0
16195,3
16196,1
16197,2
16198,1
16199,0
16200,1
16201,4
16202,4
16203,4
16204,2
16205,0
16206,1
16207,0
16208,3
16209,0
16210,4
16211,4
16212,0
16213,2
16214,4
16215,1
16216,3
16217,4
16218,1
16219,2
16220,2
16221,1
16222,4
16223,1
16224,3
16225,3
16226,4
16227,4
16228,3
16229,3
16230,2
16231,3
16232,4
16233,3
16234,1
16235,1
16236,4
16237,3
16238,1
16239,4
16240,1
16241,2
16242,3
16243,0
16244,3
16245,3
16246,4
16247,3
16248,3
16249,2
16250,1
16251,2
16252,1
16253,2
16254,3
16255,0
16256,1
16257,2
16258,1
16259,2
16260,0
16261,1
16262,0
16263,4
16264,1
16265,0
16266,1
16267,2
16268,4
16269,1
16270,1
16271,3
16272,0
16273,0
16274,3
16275,1
16276,1
16277,2
16278,1
16279,0
16280,3
16281,0
16282,0
16283,2
16284,3
16285,2
16286,0
16287,3
16288,4
16289,3
16290,3
16291,2
16292,0
16293,2
16294,3
16295,4
16296,0
16297,2
16298,2
16299,1
16300,3
16301,0
16302,3
16303,0
16304,3
16305,1
16306,4
16307,3
16308,4
16309,0
16310,4
16311,1
16312,0
16313,0
16314,2
16315,0
16316,0
16317,2
16318,1
16319,3
16320,4
16321,2
16322,3
16323,1
16324,0
16325,3
16326,2
16327,3
16328,2
16329,2
16330,0
16331,3
16332,1
16333,0
16334,2
16335,0
16336,2
16337,1
16338,0
16339,0
16340,4
16341,0
16342,1
16343,2
16344,1
16345,2
16346,2
16347,1
16348,2
16349,3
16350,4
16351,3
16352,2
16353,1
16354,2
16355,2
16356,0
16357,0
16358,3
16359,3
16360,0
16361,2
16362,2
16363,4
16364,1
16365,1
16366,2
16367,2
16368,0
16369,2
16370,3
16371,2
16372,2
16373,1
16374,2
16375,0
16376,0
16377,2
16378,4
16379,0
16380,1
16381,4
16382,2
16383,3
16384,1
16385,4
16386,3
16387,1
16388,2
16389,4
16390,2
16391,0
16392,3
16393,2
16394,1
16395,2
16396,2
16397,0
16398,2
16399,4
16400,2
16401,3
16402,0
16403,4
16404,4
16405,0
16406,4
16407,1
16408,3
16409,2
16410,0
16411,3
16412,1
16413,2
16414,3
16415,2
16416,0
16417,3
16418,4
16419,1
16420,1
16421,2
16422,0
16423,4
16424,3
16425,3
16426,0
16427,4
16428,1
16429,0
16430,1
16431,3
16432,4
16433,3
16434,0
16435,2
16436,4
16437,0
16438,2
16439,4
16440,0
16441,2
16442,2
16443,0
16444,0
16445,1
16446,3
16447,0
16448,3
16449,3
16450,1
16451,2
16452,3
16453,0
16454,3
16455,2
16456,3
16457,1
16458,4
16459,1
16460,2
16461,1
16462,3
16463,0
16464,0
16465,2
16466,3
16467,0
16468,4
16469,0
16470,1
16471,0
16472,1
16473,2
16474,4
16475,4
16476,1
16477,3
16478,2
16479,4
16480,4
16481,2
16482,2
16483,3
16484,4
16485,4
16486,3
16487,2
16488,2
16489,1
16490,1
16491,1
16492,3
16493,1
16494,1
16495,0
16496,1
16497,0
16498,0
16499,0
16500,0
16501,3
16502,0
16503,3
16504,2
16505,1
16506,1
16507,0
16508,0
16509,4
16510,1
16511,3
16512,2
16513,0
16514,0
16515,4
16516,0
16517,4
16518,3
16519,1
16520,2
16521,3
16522,3
16523,3
16524,4
16525,3
16526,0
16527,4
16528,0
16529,3
16530,3
16531,2
16532,4
16533,1
16534,4
16535,2
16536,1
16537,2
16538,1
16539,1
16540,3
16541,3
16542,4
16543,3
16544,2
16545,0
16546,2
16547,0
16548,2
16549,4
16550,4
16551,4
16552,0
16553,0
16554,3
16555,2
16556,3
16557,1
16558,0
16559,4
16560,1
16561,4
16562,3
16563,3
16564,4
16565,1
16566,2
16567,2
16568,0
16569,4
16570,0
16571,2
16572,1
16573,4
16574,1
16575,2
16576,4
16577,3
16578,4
16579,0
16580,2
16581,2
16582,3
16583,3
16584,3
16585,0
16586,0
16587,4
16588,3
16589,0
16590,1
16591,2
16592,0
16593,2
16594,3
16595,2
16596,0
16597,4
16598,1
16599,0
16600,2
16601,1
16602,3
16603,1
16604,3
16605,4
16606,2
16607,0
16608,2
16609,1
16610,1
16611,3
16612,0
16613,0
16614,3
16615,0
16616,0
16617,4
16618,1
16619,0
16620,2
16621,0
16622,1
16623,3
16624,1
16625,0
16626,0
16627,4
16628,3
16629,1
16630,4
16631,2
16632,2
16633,4
16634,2
16635,3
16636,0
16637,4
16638,3
16639,0
16640,4
16641,0
16642,4
16643,2
16644,4
16645,4
16646,1
16647,2
16648,1
16649,4
16650,4
16651,1
16652,0
16653,4
16654,4
16655,1
16656,4
16657,2
16658,2
16659,0
16660,1
16661,2
16662,3
16663,2
16664,3
16665,1
16666,2
16667,1
16668,4
16669,1
16670,4
16671,1
16672,2
16673,2
16674,4
16675,1
16676,0
16677,0
16678,4
16679,2
16680,4
16681,0
16682,1
16683,0
16684,2
16685,1
16686,0
16687,3
16688,4
16689,1
16690,2
16691,3
16692,4
16693,3
16694,4
16695,0
16696,1
16697,2
16698,2
16699,3
16700,2
16701,3
16702,1
16703,0
16704,2
16705,0
16706,2
16707,1
16708,0
16709,0
16710,3
16711,2
16712,0
16713,4
16714,0
16715,0
16716,0
16717,2
16718,4
16719,2
16720,0
16721,3
16722,4
16723,4
16724,4
16725,3
16726,4
16727,0
16728,1
16729,2
16730,1
16731,2
16732,0
16733,1
16734,0
16735,0
16736,0
16737,4
16738,3
16739,3
16740,1
16741,3
16742,0
16743,1
16744,0
16745,3
16746,1
16747,3
16748,2
16749,2
16750,2
16751,1
16752,0
16753,4
16754,3
16755,4
16756,3
16757,3
16758,2
16759,1
16760,3
16761,2
16762,1
16763,0
16764,4
16765,4
16766,0
16767,1
16768,0
16769,0
16770,2
16771,4
16772,2
16773,2
16774,0
16775,0
16776,0
16777,0
16778,4
16779,1
16780,0
16781,2
16782,2
16783,4
16784,2
16785,4
16786,3
16787,0
16788,1
16789,2
16790,3
16791,4
16792,0
16793,2
16794,2
16795,1
16796,4
16797,4
16798,2
16799,2
16800,3
16801,3
16802,4
16803,4
16804,0
16805,3
16806,1
16807,4
16808,1
16809,0
16810,2
16811,0
16812,1
16813,2
16814,2
16815,4
16816,0
16817,1
16818,2
16819,1
16820,4
16821,4
16822,1
16823,2
16824,4
16825,1
16826,1
16827,2
16828,3
16829,3
16830,4
16831,4
16832,4
16833,1
16834,3
16835,2
16836,1
16837,4
16838,1
16839,3
16840,3
16841,0
16842,3
16843,1
16844,1
16845,1
16846,3
16847,4
16848,3
16849,3
16850,3
16851,2
16852,1
16853,3
16854,1
16855,4
16856,3
16857,3
16858,2
16859,2
16860,1
16861,1
16862,2
16863,2
16864,3
16865,3
16866,3
16867,1
16868,1
16869,0
16870,0
16871,2
16872,3
16873,0
16874,2
16875,1
16876,3
16877,1
16878,3
16879,0
16880,2
16881,3
16882,1
16883,1
16884,1
16885,1
16886,3
16887,3
16888,2
16889,4
16890,1
16891,4
16892,4
16893,3
16894,0
16895,3
16896,3
16897,3
16898,3
16899,2
16900,0
16901,4
16902,0
16903,4
16904,1
16905,2
16906,1
16907,3
16908,1
16909,0
16910,4
16911,3
16912,0
16913,1
16914,4
16915,1
16916,0
16917,1
16918,0
16919,2
16920,0
16921,1
16922,4
16923,4
16924,2
16925,0
16926,4
16927,1
16928,0
16929,1
16930,0
16931,3
16932,1
16933,1
16934,1
16935,2
16936,0
16937,3
16938,3
16939,4
16940,2
16941,3
16942,1
16943,3
16944,1
16945,3
16946,0
16947,4
16948,3
16949,0
16950,0
16951,1
16952,1
16953,2
16954,4
16955,2
16956,1
16957,1
16958,3
16959,4
16960,0
16961,4
16962,0
16963,4
16964,4
16965,2
16966,0
16967,4
16968,0
16969,0
16970,3
16971,2
16972,4
16973,3
16974,0
16975,1
16976,3
16977,3
16978,3
16979,1
16980,0
16981,1
16982,2
16983,1
16984,3
16985,3
16986,3
16987,0
16988,1
16989,1
16990,1
16991,2
16992,4
16993,3
16994,0
16995,4
16996,4
16997,3
16998,2
16999,4
17000,3
17001,2
17002,2
17003,2
17004,1
17005,0
17006,2
17007,1
17008,0
17009,4
17010,2
17011,4
17012,1
17013,0
17014,1
17015,1
17016,2
17017,3
17018,2
17019,0
17020,4
17021,0
17022,1
17023,2
17024,0
17025,1
17026,2
17027,1
17028,3
17029,4
17030,3
17031,4
17032,3
17033,0
17034,1
17035,2
17036,3
17037,0
17038,3
17039,2
17040,0
17041,3
17042,0
17043,3
17044,0
17045,1
17046,3
17047,1
17048,4
17049,2
17050,1
17051,4
17052,0
17053,4
17054,0
17055,2
17056,2
17057,1
17058,1
17059,3
17060,4
17061,2
17062,0
17063,0
17064,3
17065,2
17066,1
17067,1
17068,1
17069,0
17070,0
17071,2
17072,1
17073,2
17074,3
17075,1
17076,3
17077,3
17078,0
17079,0
17080,2
17081,3
17082,1
17083,1
17084,0
17085,4
17086,4
17087,4
17088,2
17089,1
17090,0
17091,4
17092,2
17093,3
17094,2
17095,4
17096,1
17097,4
17098,0
17099,3
17100,2
17101,2
17102,2
17103,1
17104,1
17105,3
17106,2
17107,0
17108,1
17109,0
17110,1
17111,0
17112,4
17113,2
17114,0
17115,1
17116,1
17117,2
17118,1
17119,0
17120,2
17121,1
17122,3
17123,3
17124,2
17125,4
17126,0
17127,3
17128,1
17129,1
17130,0
17131,3
17132,0
17133,2
17134,3
17135,2
17136,1
17137,2
17138,2
17139,3
17140,3
17141,4
17142,0
17143,3
17144,3
17145,3
17146,2
17147,0
17148,1
17149,2
17150,2
17151,2
17152,0
17153,2
17154,2
17155,0
17156,4
17157,3
17158,1
17159,4
17160,3
17161,3
17162,4
17163,2
17164,0
17165,1
17166,2
17167,0
17168,0
17169,4
17170,1
17171,4
17172,2
17173,1
17174,0
17175,4
17176,2
17177,1
17178,2
17179,4
17180,3
17181,3
17182,4
17183,0
17184,2
17185,3
17186,0
17187,1
17188,1
17189,0
17190,0
17191,1
17192,3
17193,1
17194,2
17195,3
17196,3
17197,1
17198,2
17199,4
17200,2
17201,4
17202,2
17203,1
17204,1
17205,2
17206,0
17207,1
17208,1
17209,1
17210,3
17211,0
17212,0
17213,0
17214,1
17215,3
17216,1
17217,0
17218,1
17219,1
17220,0
17221,3
17222,1
17223,1
17224,4
17225,3
17226,1
17227,2
17228,2
17229,2
17230,4
17231,2
17232,3
17233,3
17234,0
17235,0
17236,4
17237,1
17238,1
17239,3
17240,0
17241,0
17242,2
17243,4
17244,0
17245,1
17246,1
17247,1
17248,0
17249,4
17250,2
17251,2
17252,0
17253,4
17254,1
17255,1
17256,1
17257,4
17258,2
17259,3
17260,1
17261,3
17262,2
17263,2
17264,4
17265,3
17266,2
17267,4
17268,1
17269,1
17270,0
17271,0
17272,1
17273,2
17274,1
17275,4
17276,3
17277,0
17278,4
17279,0
17280,0
17281,4
17282,1
17283,3
17284,3
17285,3
17286,1
17287,0
17288,1
17289,1
17290,4
17291,4
17292,1
17293,1
17294,0
17295,2
17296,0
17297,4
17298,1
17299,1
17300,2
17301,2
17302,2
17303,4
17304,0
17305,2
17306,1
17307,2
17308,4
17309,1
17310,4
17311,4
17312,3
17313,3
17314,2
17315,3
17316,1
17317,1
17318,4
17319,3
17320,3
17321,4
17322,2
17323,0
17324,3
17325,0
17326,1
17327,1
17328,2
17329,0
17330,3
17331,1
17332,3
17333,2
17334,4
17335,4
17336,1
17337,4
17338,4
17339,3
17340,3
17341,3
17342,1
17343,3
17344,1
17345,1
17346,2
17347,4
17348,0
17349,0
17350,4
17351,2
17352,3
17353,3
17354,4
17355,3
17356,3
17357,2
17358,0
17359,1
17360,2
17361,3
17362,0
17363,4
17364,2
17365,3
17366,0
17367,2
17368,0
17369,4
17370,0
17371,4
17372,2
17373,4
17374,2
17375,0
17376,3
17377,1
17378,2
17379,1
17380,1
17381,4
17382,2
17383,2
17384,2
17385,3
17386,2
17387,0
17388,2
17389,0
17390,1
17391,4
17392,2
17393,1
17394,2
17395,4
17396,3
17397,1
17398,1
17399,2
17400,2
17401,2
17402,4
17403,2
17404,0
17405,2
17406,1
17407,0
17408,0
17409,1
17410,4
17411,4
17412,1
17413,2
17414,4
17415,0
17416,0
17417,1
17418,2
17419,0
17420,0
17421,2
17422,1
17423,2
17424,2
17425,0
17426,0
17427,1
17428,0
17429,2
17430,0
17431,2
17432,4
17433,3
17434,0
17435,1
17436,0
17437,1
17438,2
17439,0
17440,1
17441,1
17442,3
17443,3
17444,4
17445,1
17446,2
17447,3
17448,0
17449,3
17450,1
17451,0
17452,3
17453,4
17454,2
17455,1
17456,3
17457,2
17458,4
17459,1
17460,0
17461,4
17462,2
17463,1
17464,1
17465,2
17466,3
17467,0
17468,0
17469,3
17470,2
17471,0
17472,0
17473,0
17474,4
17475,4
17476,3
17477,4
17478,1
17479,1
17480,2
17481,1
17482,4
17483,1
17484,2
17485,1
17486,0
17487,1
17488,4
17489,0
17490,2
17491,0
17492,4
17493,2
17494,0
17495,4
17496,1
17497,0
17498,4
17499,4
17500,2
17501,2
17502,3
17503,1
17504,3
17505,4
17506,0
17507,0
17508,2
17509,4
17510,0
17511,0
17512,4
17513,4
17514,0
17515,3
17516,1
17517,1
17518,0
17519,2
17520,0
17521,0
17522,1
17523,3
17524,0
17525,4
17526,0
17527,1
17528,0
17529,1
17530,0
17531,2
17532,1
17533,3
17534,4
17535,0
17536,4
17537,0
17538,0
17539,3
17540,3
17541,4
17542,1
17543,1
17544,3
17545,1
17546,1
17547,0
17548,1
17549,1
17550,4
17551,1
17552,0
17553,1
17554,2
17555,0
17556,0
17557,1
17558,2
17559,3
17560,2
17561,3
17562,2
17563,1
17564,3
17565,2
17566,2
17567,2
17568,4
17569,3
17570,3
17571,0
17572,2
17573,4
17574,2
17575,4
17576,3
17577,2
17578,1
17579,2
17580,1
17581,1
17582,1
17583,3
17584,3
17585,3
17586,1
17587,0
17588,1
17589,0
17590,0
17591,0
17592,1
17593,0
17594,3
17595,0
17596,3
17597,0
17598,0
17599,0
17600,2
17601,0
17602,3
17603,1
17604,1
17605,3
17606,1
17607,0
17608,3
17609,3
17610,2
17611,1
17612,1
17613,0
17614,1
17615,0
17616,4
17617,1
17618,0
17619,4
17620,2
17621,0
17622,4
17623,0
17624,1
17625,3
17626,4
17627,4
17628,4
17629,1
17630,2
17631,0
17632,2
17633,1
17634,4
17635,2
17636,2
17637,2
17638,4
17639,1
17640,3
17641,2
17642,1
17643,3
17644,1
17645,2
17646,1
17647,1
17648,2
17649,2
17650,1
17651,3
17652,0
17653,0
17654,1
17655,4
17656,3
17657,3
17658,1
17659,0
17660,0
17661,2
17662,4
17663,0
17664,0
17665,2
17666,0
17667,3
17668,0
17669,2
17670,4
17671,2
17672,3
17673,1
17674,0
17675,0
17676,3
17677,3
17678,0
17679,2
17680,3
17681,4
17682,3
17683,2
17684,4
17685,3
17686,2
17687,4
17688,4
17689,1
17690,0
17691,4
17692,1
17693,1
17694,1
17695,0
17696,3
17697,4
17698,0
17699,1
17700,3
17701,2
17702,1
17703,4
17704,1
17705,2
17706,1
17707,2
17708,4
17709,2
17710,3
17711,2
17712,3
17713,4
17714,2
17715,4
17716,2
17717,3
17718,1
17719,3
17720,3
17721,0
17722,0
17723,3
17724,3
17725,2
17726,4
17727,0
17728,3
17729,1
17730,2
17731,2
17732,2
17733,2
17734,1
17735,4
17736,0
17737,3
17738,3
17739,0
17740,0
17741,4
17742,2
17743,1
17744,4
17745,0
17746,3
17747,1
17748,3
17749,1
17750,3
17751,2
17752,3
17753,1
17754,0
17755,2
17756,2
17757,0
17758,0
17759,1
17760,1
17761,2
17762,3
17763,4
17764,2
17765,2
17766,2
17767,0
17768,0
17769,1
17770,1
17771,0
17772,1
17773,2
17774,3
17775,4
17776,3
17777,1
17778,4
17779,4
17780,0
17781,1
17782,2
17783,4
17784,2
17785,1
17786,2
17787,2
17788,1
17789,1
17790,2
17791,2
17792,4
17793,1
17794,2
17795,4
17796,4
17797,1
17798,0
17799,4
17800,4
17801,3
17802,2
17803,0
17804,0
17805,4
17806,4
17807,4
17808,2
17809,0
17810,0
17811,0
17812,0
17813,2
17814,1
17815,3
17816,1
17817,1
17818,2
17819,1
17820,0
17821,0
17822,2
17823,1
17824,0
17825,2
17826,0
17827,0
17828,4
17829,2
17830,0
17831,2
17832,3
17833,1
17834,3
17835,3
17836,0
17837,0
17838,1
17839,2
17840,2
17841,0
17842,2
17843,1
17844,1
17845,1
17846,0
17847,1
17848,3
17849,3
17850,1
17851,0
17852,1
17853,2
17854,1
17855,3
17856,1
17857,4
17858,3
17859,2
17860,0
17861,0
17862,0
17863,0
17864,0
17865,0
17866,0
17867,0
17868,4
17869,3
17870,4
17871,2
17872,4
17873,2
17874,2
17875,1
17876,1
17877,2
17878,1
17879,0
17880,3
17881,1
17882,1
17883,0
17884,3
17885,1
17886,0
17887,0
17888,1
17889,4
17890,0
17891,2
17892,4
17893,2
17894,2
17895,2
17896,4
17897,1
17898,2
17899,0
17900,1
17901,0
17902,1
17903,0
17904,2
17905,3
17906,1
17907,2
17908,1
17909,2
17910,4
17911,3
17912,2
17913,2
17914,0
17915,3
17916,3
17917,3
17918,1
17919,0
17920,1
17921,3
17922,1
17923,1
17924,0
17925,4
17926,4
17927,2
17928,2
17929,0
17930,4
17931,1
17932,1
17933,1
17934,0
17935,4
17936,0
17937,0
17938,1
17939,2
17940,4
17941,1
17942,3
17943,2
17944,2
17945,2
17946,3
17947,1
17948,2
17949,2
17950,4
17951,2
17952,3
17953,4
17954,2
17955,2
17956,1
17957,1
17958,2
17959,0
17960,3
17961,1
17962,0
17963,0
17964,3
17965,1
17966,2
17967,4
17968,2
17969,1
17970,3
17971,4
17972,1
17973,4
17974,0
17975,3
17976,0
17977,3
17978,1
17979,1
17980,0
17981,0
17982,2
17983,2
17984,4
17985,3
17986,0
17987,4
17988,1
17989,2
17990,2
17991,1
17992,2
17993,1
17994,1
17995,0
17996,1
17997,4
17998,3
17999,3
18000,2
18001,3
18002,0
18003,1
18004,4
18005,2
18006,3
18007,0
18008,1
18009,0
18010,4
18011,1
18012,4
18013,3
18014,2
18015,2
18016,3
18017,1
18018,1
18019,1
18020,3
18021,3
18022,3
18023,1
18024,3
18025,2
18026,2
18027,4
18028,2
18029,0
18030,3
18031,1
18032,0
18033,3
18034,0
18035,3
18036,1
18037,2
18038,3
18039,4
18040,0
18041,1
18042,2
18043,1
18044,3
18045,4
18046,2
18047,4
18048,4
18049,3
18050,1
18051,2
18052,1
18053,0
18054,1
18055,4
18056,4
18057,2
18058,2
18059,0
18060,2
18061,2
18062,2
18063,2
18064,3
18065,2
18066,2
18067,2
18068,2
18069,1
18070,1
18071,0
18072,2
18073,3
18074,0
18075,1
18076,2
18077,3
18078,3
18079,1
18080,2
18081,2
18082,0
18083,2
18084,1
18085,1
18086,0
18087,3
18088,1
18089,1
18090,1
18091,3
18092,0
18093,0
18094,3
18095,0
18096,2
18097,3
18098,1
18099,4
18100,2
18101,3
18102,4
18103,1
18104,0
18105,4
18106,2
18107,4
18108,1
18109,2
18110,2
18111,3
18112,3
18113,1
18114,2
18115,3
18116,3
18117,1
18118,1
18119,1
18120,2
18121,4
18122,2
18123,2
18124,3
18125,0
18126,1
18127,0
18128,1
18129,3
18130,2
18131,3
18132,3
18133,4
18134,0
18135,1
18136,2
18137,4
18138,2
18139,1
18140,2
18141,3
18142,3
18143,4
18144,2
18145,3
18146,1
18147,4
18148,3
18149,0
18150,0
18151,0
18152,4
18153,0
18154,0
18155,0
18156,3
18157,2
18158,1
18159,0
18160,2
18161,2
18162,4
18163,3
18164,1
18165,2
18166,2
18167,3
18168,3
18169,0
18170,3
18171,4
18172,4
18173,0
18174,2
18175,1
18176,1
18177,1
18178,2
18179,3
18180,2
18181,0
18182,2
18183,1
18184,3
18185,1
18186,0
18187,4
18188,1
18189,2
18190,2
18191,4
18192,0
18193,2
18194,3
18195,3
18196,3
18197,3
18198,2
18199,1
18200,2
18201,4
18202,0
18203,2
18204,0
18205,2
18206,3
18207,0
18208,2
18209,0
18210,4
18211,3
18212,2
18213,1
18214,0
18215,2
18216,1
18217,1
18218,0
18219,3
18220,1
18221,3
18222,0
18223,3
18224,2
18225,3
18226,3
18227,3
18228,0
18229,3
18230,1
18231,3
18232,1
18233,2
18234,0
18235,0
18236,2
18237,4
18238,4
18239,2
18240,1
18241,0
18242,4
18243,1
18244,3
18245,4
18246,2
18247,4
18248,4
18249,3
18250,2
18251,1
18252,1
18253,1
18254,2
18255,3
18256,1
18257,2
18258,3
18259,2
18260,1
18261,3
18262,1
18263,1
18264,2
18265,1
18266,2
18267,0
18268,0
18269,4
18270,0
18271,4
18272,0
18273,1
18274,4
18275,1
18276,4
18277,1
18278,4
18279,4
18280,3
18281,3
18282,0
18283,1
18284,3
18285,1
18286,0
18287,3
18288,1
18289,4
18290,4
18291,2
18292,0
18293,4
18294,3
18295,2
18296,2
18297,4
18298,1
18299,4
18300,1
18301,1
18302,0
18303,0
18304,1
18305,0
18306,0
18307,0
18308,0
18309,3
18310,4
18311,0
18312,3
18313,0
18314,3
18315,3
18316,3
18317,0
18318,2
18319,3
18320,4
18321,3
18322,3
18323,4
18324,0
18325,4
18326,3
18327,0
18328,3
18329,3
18330,3
18331,2
18332,0
18333,3
18334,2
18335,4
18336,3
18337,1
18338,3
18339,4
18340,3
18341,2
18342,3
18343,2
18344,1
18345,2
18346,0
18347,3
18348,3
18349,2
18350,2
18351,0
18352,1
18353,3
18354,1
18355,4
18356,4
18357,2
18358,0
18359,2
18360,1
18361,1
18362,2
18363,0
18364,0
18365,3
18366,4
18367,0
18368,3
18369,1
18370,1
18371,1
18372,3
18373,2
18374,2
18375,0
18376,1
18377,3
18378,0
18379,4
18380,0
18381,1
18382,2
18383,0
18384,0
18385,1
18386,3
18387,2
18388,3
18389,1
18390,4
18391,2
18392,2
18393,3
18394,0
18395,0
18396,4
18397,4
18398,4
18399,3
18400,3
18401,0
18402,3
18403,2
18404,2
18405,2
18406,3
18407,3
18408,0
18409,1
18410,2
18411,4
18412,1
18413,3
18414,3
18415,3
18416,0
18417,1
18418,0
18419,1
18420,0
18421,2
18422,0
18423,0
18424,1
18425,1
18426,2
18427,1
18428,3
18429,0
18430,0
18431,4
18432,4
18433,4
18434,1
18435,3
18436,1
18437,0
18438,2
18439,3
18440,3
18441,3
18442,2
18443,4
18444,2
18445,0
18446,0
18447,0
18448,4
18449,0
18450,4
18451,1
18452,2
18453,1
18454,2
18455,0
18456,4
18457,2
18458,3
18459,0
18460,2
18461,2
18462,0
18463,2
18464,1
18465,1
18466,0
18467,2
18468,2
18469,2
18470,3
18471,3
18472,4
18473,3
18474,3
18475,3
18476,2
18477,3
18478,2
18479,2
18480,0
18481,0
18482,1
18483,2
18484,2
18485,1
18486,0
18487,3
18488,2
18489,0
18490,4
18491,1
18492,1
18493,2
18494,2
18495,0
18496,0
18497,2
18498,0
18499,3
18500,2
18501,1
18502,1
18503,1
18504,4
18505,2
18506,0
18507,0
18508,4
18509,3
18510,0
18511,0
18512,1
18513,4
18514,4
18515,1
18516,0
18517,1
18518,2
18519,4
18520,4
18521,0
18522,3
18523,3
18524,3
18525,4
18526,4
18527,4
18528,0
18529,1
18530,1
18531,1
18532,4
18533,1
18534,3
18535,0
18536,2
18537,2
18538,3
18539,0
18540,0
18541,2
18542,4
18543,3
18544,0
18545,0
18546,4
18547,0
18548,0
18549,0
18550,1
18551,1
18552,3
18553,2
18554,1
18555,1
18556,4
18557,0
18558,2
18559,1
18560,2
18561,0
18562,0
18563,2
18564,1
18565,2
18566,3
18567,3
18568,2
18569,4
18570,0
18571,2
18572,3
18573,2
18574,3
18575,4
18576,3
18577,3
18578,0
18579,1
18580,1
18581,1
18582,1
18583,0
18584,2
18585,2
18586,3
18587,0
18588,1
18589,0
18590,3
18591,4
18592,2
18593,2
18594,2
18595,2
18596,1
18597,4
18598,0
18599,0
18600,0
18601,1
18602,3
18603,2
18604,4
18605,3
18606,3
18607,1
18608,0
18609,3
18610,2
18611,4
18612,3
18613,0
18614,1
18615,1
18616,3
18617,2
18618,2
18619,0
18620,4
18621,2
18622,3
18623,2
18624,4
18625,2
18626,3
18627,4
18628,4
18629,2
18630,2
18631,2
18632,1
18633,3
18634,2
18635,3
18636,0
18637,2
18638,3
18639,2
18640,3
18641,0
18642,2
18643,1
18644,4
18645,0
18646,4
18647,0
18648,0
18649,2
18650,3
18651,3
18652,1
18653,2
18654,4
18655,1
18656,2
18657,3
18658,4
18659,3
18660,1
18661,4
18662,2
18663,1
18664,2
18665,0
18666,0
18667,1
18668,0
18669,1
18670,2
18671,4
18672,4
18673,4
18674,1
18675,1
18676,0
18677,2
18678,4
18679,3
18680,4
18681,2
18682,0
18683,2
18684,2
18685,0
18686,1
18687,0
18688,3
18689,2
18690,2
18691,1
18692,1
18693,2
18694,1
18695,0
18696,3
18697,2
18698,1
18699,3
18700,3
18701,2
18702,2
18703,3
18704,2
18705,1
18706,0
18707,2
18708,2
18709,0
18710,4
18711,1
18712,1
18713,3
18714,1
18715,4
18716,2
18717,0
18718,1
18719,1
18720,1
18721,3
18722,3
18723,3
18724,3
18725,2
18726,3
18727,1
18728,1
18729,2
18730,3
18731,1
18732,4
18733,3
18734,3
18735,2
18736,2
18737,3
18738,0
18739,0
18740,2
18741,2
18742,3
18743,2
18744,1
18745,2
18746,1
18747,2
18748,1
18749,3
18750,4
18751,1
18752,1
18753,0
18754,3
18755,0
18756,3
18757,3
18758,4
18759,4
18760,0
18761,0
18762,2
18763,2
18764,0
18765,1
18766,1
18767,2
18768,0
18769,2
18770,1
18771,1
18772,0
18773,1
18774,2
18775,0
18776,0
18777,3
18778,1
18779,0
18780,2
18781,1
18782,1
18783,3
18784,1
18785,4
18786,1
18787,2
18788,3
18789,3
18790,3
18791,0
18792,1
18793,2
18794,0
18795,2
18796,3
18797,1
18798,4
18799,1
18800,0
18801,1
18802,3
18803,3
18804,0
18805,1
18806,3
18807,0
18808,3
18809,0
18810,0
18811,0
18812,1
18813,3
18814,2
18815,3
18816,1
18817,1
18818,4
18819,4
18820,3
18821,1
18822,2
18823,1
18824,3
18825,1
18826,0
18827,4
18828,4
18829,0
18830,4
18831,4
18832,3
18833,2
18834,3
18835,2
18836,4
18837,1
18838,0
18839,3
18840,0
18841,1
18842,0
18843,1
18844,0
18845,4
18846,2
18847,0
18848,0
18849,3
18850,3
18851,1
18852,2
18853,0
18854,2
18855,3
18856,0
18857,1
18858,0
18859,1
18860,4
18861,2
18862,0
18863,3
18864,3
18865,3
18866,1
18867,3
18868,2
18869,3
18870,2
18871,1
18872,1
18873,3
18874,2
18875,3
18876,4
18877,2
18878,1
18879,0
18880,1
18881,2
18882,0
18883,4
18884,4
18885,1
18886,2
18887,1
18888,3
18889,1
18890,3
18891,4
18892,3
18893,4
18894,0
18895,1
18896,3
18897,0
18898,2
18899,1
18900,3
18901,2
18902,2
18903,2
18904,2
18905,4
18906,3
18907,3
18908,0
18909,1
18910,3
18911,1
18912,3
18913,2
18914,4
18915,1
18916,0
18917,4
18918,3
18919,2
18920,0
18921,1
18922,3
18923,0
18924,0
18925,1
18926,4
18927,0
18928,1
18929,2
18930,1
18931,1
18932,2
18933,2
18934,2
18935,3
18936,4
18937,4
18938,0
18939,1
18940,2
18941,1
18942,1
18943,4
18944,2
18945,0
18946,3
18947,0
18948,1
18949,3
18950,1
18951,4
18952,0
18953,0
18954,0
18955,2
18956,3
18957,2
18958,0
18959,3
18960,3
18961,1
18962,0
18963,1
18964,4
18965,1
18966,3
18967,1
18968,4
18969,1
18970,4
18971,0
18972,0
18973,2
18974,2
18975,3
18976,3
18977,1
18978,4
18979,2
18980,2
18981,0
18982,4
18983,0
18984,1
18985,1
18986,4
18987,4
18988,1
18989,1
18990,0
18991,1
18992,1
18993,3
18994,3
18995,0
18996,3
18997,3
18998,1
18999,3
19000,2
19001,3
19002,2
19003,1
19004,2
19005,3
19006,3
19007,4
19008,2
19009,0
19010,4
19011,0
19012,3
19013,0
19014,0
19015,1
19016,2
19017,0
19018,4
19019,4
19020,3
19021,2
19022,4
19023,2
19024,1
19025,1
19026,1
19027,0
19028,1
19029,0
19030,1
19031,3
19032,2
19033,1
19034,3
19035,1
19036,0
19037,1
19038,1
19039,0
19040,1
19041,0
19042,0
19043,1
19044,3
19045,2
19046,3
19047,4
19048,0
19049,1
19050,3
19051,3
19052,1
19053,4
19054,3
19055,4
19056,3
19057,2
19058,4
19059,0
19060,0
19061,4
19062,0
19063,0
19064,3
19065,3
19066,3
19067,1
19068,3
19069,3
19070,1
19071,2
19072,2
19073,1
19074,2
19075,1
19076,1
19077,1
19078,4
19079,3
19080,4
19081,2
19082,1
19083,2
19084,1
19085,4
19086,4
19087,4
19088,2
19089,2
19090,2
19091,0
19092,0
19093,1
19094,4
19095,1
19096,3
19097,2
19098,0
19099,3
19100,1
19101,2
19102,0
19103,0
19104,4
19105,1
19106,3
19107,2
19108,2
19109,1
19110,4
19111,1
19112,0
19113,0
19114,0
19115,3
19116,2
19117,3
19118,2
19119,4
19120,2
19121,1
19122,0
19123,1
19124,2
19125,2
19126,2
19127,3
19128,2
19129,4
19130,1
19131,0
19132,1
19133,2
19134,4
19135,0
19136,4
19137,2
19138,1
19139,3
19140,0
19141,4
19142,3
19143,0
19144,2
19145,2
19146,2
19147,0
19148,0
19149,1
19150,0
19151,2
19152,3
19153,4
19154,2
19155,1
19156,4
19157,1
19158,0
19159,2
19160,0
19161,2
19162,1
19163,0
19164,3
19165,1
19166,2
19167,2
19168,2
19169,4
19170,2
19171,0
19172,1
19173,4
19174,3
19175,2
19176,1
19177,4
19178,4
19179,4
19180,3
19181,3
19182,2
19183,1
19184,3
19185,0
19186,1
19187,4
19188,3
19189,4
19190,0
19191,1
19192,0
19193,0
19194,3
19195,1
19196,0
19197,1
19198,1
19199,4
19200,4
19201,3
19202,3
19203,0
19204,2
19205,1
19206,0
19207,2
19208,0
19209,0
19210,2
19211,1
19212,4
19213,3
19214,1
19215,2
19216,3
19217,0
19218,3
19219,4
19220,1
19221,4
19222,4
19223,2
19224,2
19225,1
19226,4
19227,2
19228,3
19229,1
19230,3
19231,0
19232,3
19233,0
19234,3
19235,2
19236,1
19237,4
19238,2
19239,2
19240,3
19241,3
19242,4
19243,3
19244,3
19245,1
19246,3
19247,1
19248,4
19249,2
19250,0
19251,2
19252,1
19253,4
19254,0
19255,2
19256,2
19257,2
19258,0
19259,1
19260,0
19261,0
19262,1
19263,4
19264,1
19265,2
19266,2
19267,4
19268,1
19269,4
19270,0
19271,2
19272,3
19273,0
19274,3
19275,1
19276,2
19277,3
19278,0
19279,1
19280,2
19281,1
19282,1
19283,0
19284,0
19285,3
19286,0
19287,2
19288,3
19289,0
19290,2
19291,0
19292,0
19293,3
19294,1
19295,2
19296,0
19297,0
19298,0
19299,4
19300,4
19301,4
19302,0
19303,0
19304,1
19305,1
19306,0
19307,2
19308,2
19309,4
19310,2
19311,3
19312,2
19313,0
19314,3
19315,0
19316,3
19317,2
19318,2
19319,2
19320,4
19321,1
19322,0
19323,0
19324,2
19325,2
19326,2
19327,2
19328,1
19329,0
19330,3
19331,3
19332,0
19333,2
19334,0
19335,2
19336,0
19337,2
19338,4
19339,4
19340,2
19341,2
19342,1
19343,1
19344,1
19345,0
19346,0
19347,4
19348,4
19349,0
19350,2
19351,0
19352,0
19353,1
19354,1
19355,4
19356,1
19357,4
19358,0
19359,2
19360,3
19361,4
19362,0
19363,4
19364,0
19365,1
19366,4
19367,1
19368,2
19369,2
19370,0
19371,1
19372,1
19373,1
19374,3
19375,4
19376,2
19377,0
19378,2
19379,4
19380,4
19381,1
19382,2
19383,3
19384,2
19385,1
19386,1
19387,2
19388,3
19389,0
19390,4
19391,3
19392,1
19393,4
19394,4
19395,0
19396,0
19397,0
19398,2
19399,2
19400,3
19401,1
19402,0
19403,4
19404,2
19405,0
19406,0
19407,4
19408,3
19409,1
19410,1
19411,3
19412,2
19413,2
19414,2
19415,1
19416,4
19417,3
19418,1
19419,2
19420,1
19421,3
19422,4
19423,0
19424,0
19425,0
19426,2
19427,3
19428,2
19429,3
19430,1
19431,0
19432,4
19433,2
19434,1
19435,2
19436,3
19437,4
19438,1
19439,0
19440,3
19441,2
19442,0
19443,4
19444,0
19445,3
19446,1
19447,2
19448,0
19449,4
19450,4
19451,2
19452,3
19453,1
19454,3
19455,3
19456,2
19457,1
19458,1
19459,0
19460,4
19461,1
19462,4
19463,3
19464,1
19465,0
19466,4
19467,4
19468,4
19469,0
19470,4
19471,1
19472,1
19473,0
19474,1
19475,3
19476,4
19477,1
19478,1
19479,3
19480,2
19481,2
19482,2
19483,4
19484,0
19485,3
19486,3
19487,3
19488,0
19489,1
19490,0
19491,1
19492,1
19493,4
19494,0
19495,0
19496,3
19497,0
19498,3
19499,2
19500,2
19501,2
19502,0
19503,0
19504,2
19505,3
19506,4
19507,1
19508,3
19509,2
19510,3
19511,0
19512,0
19513,2
19514,1
19515,4
19516,3
19517,0
19518,0
19519,2
19520,3
19521,1
19522,2
19523,1
19524,1
19525,2
19526,1
19527,4
19528,0
19529,3
19530,0
19531,4
19532,3
19533,0
19534,2
19535,2
19536,0
19537,3
19538,1
19539,0
19540,3
19541,2
19542,2
19543,3
19544,2
19545,0
19546,3
19547,1
19548,1
19549,2
19550,0
19551,0
19552,3
19553,3
19554,0
19555,3
19556,1
19557,3
19558,2
19559,2
19560,0
19561,1
19562,3
19563,2
19564,4
19565,1
19566,2
19567,0
19568,0
19569,0
19570,0
19571,2
19572,1
19573,2
19574,3
19575,2
19576,1
19577,0
19578,3
19579,2
19580,2
19581,0
19582,2
19583,0
19584,3
19585,1
19586,0
19587,2
19588,0
19589,4
19590,3
19591,1
19592,4
19593,0
19594,1
19595,2
19596,4
19597,4
19598,3
19599,1
19600,3
19601,2
19602,0
19603,0
19604,3
19605,2
19606,1
19607,4
19608,4
19609,4
19610,3
19611,3
19612,2
19613,0
19614,3
19615,4
19616,0
19617,4
19618,0
19619,3
19620,2
19621,4
19622,1
19623,0
19624,1
19625,4
19626,0
19627,1
19628,2
19629,0
19630,1
19631,0
19632,0
19633,1
19634,0
19635,0
19636,0
19637,2
19638,3
19639,0
19640,0
19641,2
19642,2
19643,2
19644,0
19645,4
19646,1
19647,3
19648,1
19649,0
19650,4
19651,2
19652,0
19653,3
19654,4
19655,4
19656,4
19657,3
19658,2
19659,2
19660,0
19661,2
19662,0
19663,2
19664,1
19665,0
19666,4
19667,3
19668,1
19669,3
19670,1
19671,2
19672,0
19673,0
19674,0
19675,3
19676,0
19677,4
19678,3
19679,3
19680,0
19681,0
19682,1
19683,2
19684,0
19685,1
19686,2
19687,2
19688,4
19689,4
19690,0
19691,2
19692,2
19693,3
19694,3
19695,0
19696,0
19697,0
19698,2
19699,2
19700,0
19701,0
19702,4
19703,4
19704,2
19705,1
19706,0
19707,2
19708,1
19709,3
19710,2
19711,2
19712,2
19713,0
19714,2
19715,1
19716,3
19717,3
19718,1
19719,1
19720,2
19721,4
19722,0
19723,1
19724,0
19725,0
19726,2
19727,3
19728,4
19729,3
19730,4
19731,4
19732,1
19733,0
19734,4
19735,3
19736,0
19737,2
19738,1
19739,2
19740,1
19741,0
19742,1
19743,0
19744,4
19745,1
19746,0
19747,0
19748,1
19749,0
19750,4
19751,1
19752,2
19753,2
19754,0
19755,1
19756,2
19757,2
19758,3
19759,2
19760,4
19761,0
19762,3
19763,2
19764,2
19765,0
19766,1
19767,4
19768,3
19769,3
19770,3
19771,2
19772,2
19773,2
19774,1
19775,4
19776,1
19777,1
19778,4
19779,2
19780,3
19781,0
19782,1
19783,1
19784,2
19785,4
19786,1
19787,0
19788,4
19789,0
19790,2
19791,2
19792,1
19793,2
19794,1
19795,3
19796,3
19797,2
19798,0
19799,1
19800,0
19801,0
19802,2
19803,0
19804,1
19805,4
19806,0
19807,0
19808,4
19809,2
19810,0
19811,2
19812,1
19813,0
19814,0
19815,4
19816,3
19817,3
19818,0
19819,2
19820,2
19821,1
19822,4
19823,3
19824,2
19825,2
19826,3
19827,1
19828,1
19829,2
19830,4
19831,2
19832,1
19833,1
19834,1
19835,0
19836,1
19837,1
19838,1
19839,3
19840,4
19841,0
19842,4
19843,3
19844,2
19845,4
19846,2
19847,3
19848,1
19849,1
19850,3
19851,1
19852,0
19853,4
19854,0
19855,4
19856,2
19857,3
19858,0
19859,2
19860,2
19861,2
19862,3
19863,1
19864,4
19865,1
19866,1
19867,4
19868,1
19869,3
19870,3
19871,0
19872,2
19873,0
19874,0
19875,3
19876,0
19877,4
19878,0
19879,4
19880,0
19881,0
19882,0
19883,0
19884,0
19885,2
19886,1
19887,1
19888,4
19889,0
19890,1
19891,1
19892,2
19893,3
19894,4
19895,1
19896,1
19897,1
19898,4
19899,2
19900,1
19901,1
19902,4
19903,1
19904,4
19905,0
19906,4
19907,1
19908,3
19909,2
19910,1
19911,1
19912,3
19913,4
19914,0
19915,3
19916,4
19917,1
19918,0
19919,0
19920,1
19921,4
19922,0
19923,2
19924,3
19925,4
19926,1
19927,3
19928,2
19929,0
19930,0
19931,1
19932,1
19933,2
19934,2
19935,0
19936,1
19937,0
19938,3
19939,1
19940,1
19941,3
19942,1
19943,0
19944,2
19945,3
19946,0
19947,2
19948,0
19949,1
19950,1
19951,3
19952,2
19953,2
19954,1
19955,0
19956,4
19957,3
19958,0
19959,0
19960,4
19961,2
19962,4
19963,2
19964,4
19965,4
19966,1
19967,0
19968,3
19969,2
19970,3
19971,0
19972,0
19973,1
19974,4
19975,2
19976,0
19977,0
19978,2
19979,1
19980,2
19981,4
19982,1
19983,4
19984,0
19985,1
19986,3
19987,3
19988,4
19989,2
19990,2
19991,0
19992,4
19993,1
19994,4
19995,0
19996,3
19997,1
19998,4
19999,0
20000,4
20001,0
20002,4
20003,1
20004,2
20005,4
20006,4
20007,0
20008,0
20009,3
20010,4
20011,0
20012,3
20013,2
20014,0
20015,0
20016,3
20017,0
20018,0
20019,3
20020,4
20021,3
20022,2
20023,4
20024,1
20025,1
20026,0
20027,4
20028,0
20029,0
20030,1
20031,1
20032,4
20033,4
20034,3
20035,4
20036,1
20037,0
20038,0
20039,2
20040,1
20041,3
20042,0
20043,4
20044,1
20045,3
20046,1
20047,1
20048,1
20049,1
20050,0
20051,0
20052,4
20053,0
20054,0
20055,3
20056,3
20057,3
20058,4
20059,2
20060,2
20061,4
20062,1
20063,4
20064,2
20065,4
20066,4
20067,3
20068,0
20069,4
20070,4
20071,0
20072,2
20073,1
20074,4
20075,4
20076,2
20077,2
20078,2
20079,0
20080,2
20081,3
20082,1
20083,0
20084,0
20085,1
20086,1
20087,0
20088,1
20089,2
20090,3
20091,2
20092,3
20093,1
20094,1
20095,0
20096,3
20097,1
20098,1
20099,3
20100,1
20101,4
20102,2
20103,2
20104,1
20105,4
20106,0
20107,0
20108,3
20109,3
20110,3
20111,0
20112,2
20113,3
20114,2
20115,0
20116,4
20117,1
20118,2
20119,2
20120,2
20121,2
20122,2
20123,4
20124,0
20125,0
20126,0
20127,2
20128,3
20129,2
20130,3
20131,4
20132,3
20133,0
20134,2
20135,3
20136,0
20137,4
20138,2
20139,4
20140,3
20141,2
20142,3
20143,4
20144,2
20145,0
20146,0
20147,3
20148,4
20149,1
20150,2
20151,4
20152,3
20153,1
20154,2
20155,1
20156,3
20157,2
20158,1
20159,0
20160,2
20161,3
20162,1
20163,2
20164,0
20165,0
20166,1
20167,2
20168,2
20169,3
20170,1
20171,2
20172,2
20173,2
20174,4
20175,3
20176,3
20177,0
20178,3
20179,3
20180,0
20181,1
20182,3
20183,3
20184,3
20185,0
20186,2
20187,1
20188,2
20189,0
20190,2
20191,0
20192,0
20193,4
20194,4
20195,1
20196,1
20197,3
20198,4
20199,3
20200,0
20201,0
20202,1
20203,3
20204,1
20205,3
20206,1
20207,0
20208,1
20209,3
20210,1
20211,2
20212,2
20213,4
20214,1
20215,4
20216,0
20217,3
20218,0
20219,2
20220,1
20221,2
20222,4
20223,2
20224,0
20225,3
20226,4
20227,0
20228,4
20229,2
20230,2
20231,2
20232,0
20233,3
20234,2
20235,3
20236,0
20237,1
20238,3
20239,2
20240,1
20241,1
20242,3
20243,1
20244,2
20245,0
20246,2
20247,2
20248,3
20249,0
20250,0
20251,0
20252,2
20253,1
20254,0
20255,2
20256,2
20257,2
20258,1
20259,1
20260,0
20261,2
20262,4
20263,4
20264,3
20265,2
20266,1
20267,2
20268,0
20269,2
20270,4
20271,2
20272,0
20273,2
20274,1
20275,2
20276,2
20277,2
20278,4
20279,3
20280,3
20281,0
20282,1
20283,3
20284,4
20285,1
20286,0
20287,2
20288,3
20289,0
20290,3
20291,0
20292,1
20293,3
20294,2
20295,2
20296,1
20297,2
20298,0
20299,4
20300,4
20301,1
20302,4
20303,0
20304,2
20305,4
20306,2
20307,0
20308,0
20309,0
20310,4
20311,2
20312,4
20313,4
20314,3
20315,1
20316,4
20317,0
20318,3
20319,1
20320,3
20321,2
20322,4
20323,1
20324,2
20325,2
20326,3
20327,3
20328,1
20329,2
20330,1
20331,2
20332,3
20333,2
20334,2
20335,0
20336,1
20337,3
20338,1
20339,3
20340,0
20341,2
20342,3
20343,1
20344,2
20345,0
20346,3
20347,0
20348,3
20349,4
20350,0
20351,0
20352,4
20353,3
20354,3
20355,1
20356,2
20357,2
20358,2
20359,1
20360,2
20361,4
20362,3
20363,2
20364,1
20365,0
20366,4
20367,3
20368,1
20369,3
20370,2
20371,2
20372,2
20373,3
20374,4
20375,1
20376,0
20377,0
20378,2
20379,1
20380,1
20381,1
20382,3
20383,2
20384,2
20385,0
20386,1
20387,1
20388,3
20389,2
20390,3
20391,0
20392,1
20393,4
20394,0
20395,1
20396,3
20397,4
20398,3
20399,3
20400,0
20401,1
20402,4
20403,3
20404,2
20405,0
20406,3
20407,0
20408,2
20409,2
20410,4
20411,4
20412,0
20413,0
20414,0
20415,0
20416,3
20417,0
20418,1
20419,0
20420,0
20421,4
20422,0
20423,4
20424,4
20425,1
20426,2
20427,1
20428,1
20429,2
20430,4
20431,0
20432,3
20433,1
20434,2
20435,1
20436,2
20437,1
20438,2
20439,1
20440,1
20441,2
20442,0
20443,4
20444,4
20445,0
20446,4
20447,2
20448,3
20449,3
20450,4
20451,3
20452,0
20453,3
20454,3
20455,3
20456,3
20457,2
20458,3
20459,4
20460,4
20461,3
20462,0
20463,0
20464,0
20465,2
20466,2
20467,3
20468,0
20469,1
20470,4
20471,2
20472,1
20473,4
20474,3
20475,2
20476,0
20477,3
20478,0
20479,4
20480,4
20481,2
20482,4
20483,0
20484,2
20485,2
20486,1
20487,2
20488,0
20489,0
20490,0
20491,2
20492,0
20493,3
20494,4
20495,0
20496,1
20497,4
20498,3
20499,0
20500,0
20501,3
20502,2
20503,1
20504,2
20505,1
20506,1
20507,3
20508,2
20509,2
20510,1
20511,4
20512,3
20513,1
20514,2
20515,2
20516,3
20517,2
20518,2
20519,0
20520,3
20521,4
20522,0
20523,0
20524,4
20525,4
20526,3
20527,4
20528,3
20529,3
20530,0
20531,1
20532,0
20533,2
20534,2
20535,2
20536,3
20537,1
20538,0
20539,3
20540,1
20541,2
20542,4
20543,1
20544,1
20545,4
20546,3
20547,0
20548,2
20549,0
20550,1
20551,2
20552,4
20553,2
20554,0
20555,2
20556,1
20557,3
20558,2
20559,0
20560,2
20561,3
20562,3
20563,2
20564,0
20565,1
20566,3
20567,1
20568,2
20569,1
20570,3
20571,4
20572,1
20573,1
20574,4
20575,0
20576,0
20577,0
20578,2
20579,0
20580,4
20581,0
20582,0
20583,2
20584,3
20585,3
20586,1
20587,1
20588,4
20589,2
20590,4
20591,4
20592,1
20593,3
20594,2
20595,3
20596,4
20597,4
20598,3
20599,0
20600,2
20601,0
20602,2
20603,4
20604,2
20605,0
20606,0
20607,2
20608,0
20609,4
20610,1
20611,4
20612,2
20613,1
20614,1
20615,1
20616,2
20617,1
20618,4
20619,0
20620,4
20621,3
20622,1
20623,4
20624,1
20625,2
20626,0
20627,1
20628,4
20629,0
20630,2
20631,2
20632,0
20633,3
20634,3
20635,3
20636,1
20637,0
20638,1
20639,4
20640,1
20641,4
20642,0
20643,4
20644,1
20645,0
20646,2
20647,4
20648,3
20649,2
20650,3
20651,3
20652,2
20653,1
20654,0
20655,0
20656,0
20657,3
20658,1
20659,0
20660,4
20661,0
20662,3
20663,4
20664,1
20665,2
20666,1
20667,3
20668,0
20669,2
20670,2
20671,2
20672,0
20673,3
20674,0
20675,1
20676,4
20677,3
20678,1
20679,0
20680,2
20681,1
20682,4
20683,2
20684,2
20685,1
20686,4
20687,1
20688,0
20689,3
20690,3
20691,0
20692,2
20693,2
20694,2
20695,3
20696,3
20697,2
20698,1
20699,0
20700,2
20701,2
20702,0
20703,3
20704,1
20705,0
20706,0
20707,0
20708,1
20709,2
20710,3
20711,2
20712,0
20713,4
20714,0
20715,1
20716,2
20717,2
20718,3
20719,2
20720,0
20721,4
20722,0
20723,4
20724,3
20725,3
20726,1
20727,2
20728,3
20729,1
20730,2
20731,4
20732,2
20733,1
20734,3
20735,0
20736,2
20737,0
20738,0
20739,0
20740,0
20741,3
20742,1
20743,0
20744,4
20745,2
20746,3
20747,2
20748,2
20749,2
20750,0
20751,3
20752,3
20753,4
20754,3
20755,1
20756,4
20757,1
20758,4
20759,2
20760,0
20761,4
20762,1
20763,4
20764,0
20765,0
20766,1
20767,3
20768,1
20769,3
20770,1
20771,4
20772,4
20773,3
20774,1
20775,2
20776,3
20777,3
20778,4
20779,4
20780,3
20781,3
20782,3
20783,3
20784,1
20785,0
20786,1
20787,2
20788,1
20789,2
20790,4
20791,0
20792,4
20793,1
20794,2
20795,2
20796,1
20797,4
20798,1
20799,3
20800,2
20801,0
20802,3
20803,3
20804,4
20805,4
20806,4
20807,4
20808,0
20809,3
20810,0
20811,0
20812,0
20813,1
20814,3
20815,4
20816,3
20817,0
20818,2
20819,4
20820,4
20821,3
20822,1
20823,1
20824,3
20825,4
20826,4
20827,1
20828,0
20829,3
20830,3
20831,1
20832,2
20833,2
20834,1
20835,1
20836,2
20837,3
20838,3
20839,4
20840,1
20841,4
20842,0
20843,0
20844,2
20845,0
20846,3
20847,1
20848,3
20849,0
20850,1
20851,1
20852,2
20853,2
20854,4
20855,4
20856,3
20857,4
20858,0
20859,4
20860,2
20861,2
20862,2
20863,3
20864,2
20865,3
20866,2
20867,3
20868,0
20869,2
20870,3
20871,2
20872,2
20873,2
20874,4
20875,4
20876,4
20877,0
20878,1
20879,4
20880,3
20881,2
20882,0
20883,4
20884,1
20885,2
20886,1
20887,3
20888,1
20889,1
20890,2
20891,3
20892,2
20893,0
20894,3
20895,2
20896,2
20897,2
20898,4
20899,0
20900,1
20901,2
20902,4
20903,4
20904,4
20905,1
20906,3
20907,1
20908,3
20909,2
20910,3
20911,0
20912,2
20913,4
20914,0
20915,1
20916,3
20917,1
20918,4
20919,2
20920,3
20921,4
20922,2
20923,1
20924,2
20925,4
20926,1
20927,3
20928,2
20929,2
20930,0
20931,2
20932,4
20933,0
20934,2
20935,4
20936,2
20937,4
20938,3
20939,4
20940,4
20941,0
20942,1
20943,0
20944,4
20945,2
20946,3
20947,1
20948,0
20949,1
20950,2
20951,0
20952,2
20953,1
20954,1
20955,4
20956,2
20957,2
20958,1
20959,1
20960,0
20961,0
20962,3
20963,1
20964,1
20965,3
20966,2
20967,3
20968,2
20969,2
20970,3
20971,2
20972,0
20973,0
20974,4
20975,2
20976,2
20977,0
20978,1
20979,3
20980,0
20981,4
20982,2
20983,2
20984,2
20985,1
20986,0
20987,1
20988,0
20989,0
20990,2
20991,2
20992,0
20993,1
20994,2
20995,0
20996,1
20997,1
20998,3
20999,3
21000,0
21001,2
21002,1
21003,0
21004,1
21005,1
21006,2
21007,3
21008,0
21009,3
21010,3
21011,4
21012,2
21013,0
21014,1
21015,3
21016,4
21017,4
21018,1
21019,2
21020,1
21021,4
21022,2
21023,1
21024,0
21025,4
21026,0
21027,2
21028,3
21029,0
21030,3
21031,1
21032,4
21033,3
21034,1
21035,0
21036,1
21037,4
21038,0
21039,2
21040,2
21041,2
21042,2
21043,2
21044,0
21045,0
21046,4
21047,0
21048,0
21049,3
21050,4
21051,1
21052,3
21053,4
21054,0
21055,3
21056,4
21057,1
21058,2
21059,1
21060,3
21061,0
21062,1
21063,1
21064,4
21065,2
21066,2
21067,2
21068,4
21069,2
21070,0
21071,2
21072,2
21073,1
21074,3
21075,0
21076,4
21077,3
21078,4
21079,1
21080,0
21081,0
21082,0
21083,3
21084,3
21085,3
21086,1
21087,1
21088,3
21089,4
21090,1
21091,3
21092,3
21093,2
21094,3
21095,3
21096,1
21097,0
21098,4
21099,0
21100,1
21101,4
21102,2
21103,4
21104,4
21105,0
21106,1
21107,4
21108,1
21109,3
21110,2
21111,4
21112,4
21113,0
21114,0
21115,4
21116,4
21117,3
21118,3
21119,3
21120,2
21121,4
21122,4
21123,1
21124,3
21125,0
21126,2
21127,4
21128,2
21129,1
21130,2
21131,3
21132,1
21133,4
21134,0
21135,2
21136,2
21137,4
21138,3
21139,3
21140,2
21141,0
21142,1
21143,1
21144,2
21145,1
21146,0
21147,1
21148,1
21149,4
21150,3
21151,4
21152,2
21153,3
21154,2
21155,2
21156,2
21157,3
21158,3
21159,2
21160,3
21161,4
21162,0
21163,0
21164,4
21165,0
21166,1
21167,4
21168,1
21169,3
21170,2
21171,3
21172,0
21173,0
21174,2
21175,1
21176,1
21177,3
21178,0
21179,4
21180,0
21181,4
21182,0
21183,0
21184,4
21185,2
21186,2
21187,4
21188,3
21189,1
21190,3
21191,0
21192,2
21193,2
21194,1
21195,3
21196,2
21197,2
21198,2
21199,4
21200,3
21201,1
21202,4
21203,1
21204,2
21205,4
21206,4
21207,2
21208,4
21209,3
21210,1
21211,0
21212,4
21213,1
21214,1
21215,2
21216,2
21217,4
21218,0
21219,4
21220,1
21221,1
21222,4
21223,0
21224,3
21225,3
21226,1
21227,3
21228,1
21229,2
21230,0
21231,0
21232,4
21233,1
21234,1
21235,4
21236,1
21237,0
21238,1
21239,2
21240,2
21241,3
21242,0
21243,2
21244,3
21245,1
21246,0
21247,0
21248,2
21249,3
21250,4
21251,4
21252,0
21253,1
21254,1
21255,1
21256,4
21257,4
21258,3
21259,0
21260,0
21261,4
21262,2
21263,2
21264,2
21265,0
21266,2
21267,1
21268,2
21269,1
21270,3
21271,0
21272,3
21273,1
21274,2
21275,0
21276,1
21277,4
21278,0
21279,1
21280,1
21281,1
21282,3
21283,0
21284,1
21285,2
21286,4
21287,4
21288,2
21289,4
21290,3
21291,2
21292,0
21293,4
21294,0
21295,0
21296,2
21297,4
21298,2
21299,3
21300,3
21301,4
21302,1
21303,4
21304,2
21305,2
21306,4
21307,4
21308,2
21309,4
21310,0
21311,1
21312,1
21313,1
21314,1
21315,4
21316,3
21317,3
21318,2
21319,4
21320,2
21321,1
21322,4
21323,1
21324,2
21325,1
21326,2
21327,0
21328,2
21329,4
21330,3
21331,2
21332,3
21333,0
21334,2
21335,3
21336,0
21337,3
21338,0
21339,1
21340,2
21341,0
21342,3
21343,4
21344,1
21345,0
21346,2
21347,3
21348,4
21349,0
21350,0
21351,3
21352,2
21353,1
21354,3
21355,3
21356,2
21357,1
21358,0
21359,3
21360,3
21361,3
21362,3
21363,3
21364,1
21365,0
21366,1
21367,0
21368,3
21369,4
21370,2
21371,0
21372,3
21373,1
21374,0
21375,2
21376,3
21377,2
21378,4
21379,1
21380,3
21381,3
21382,1
21383,2
21384,3
21385,2
21386,0
21387,2
21388,1
21389,3
21390,0
21391,1
21392,3
21393,0
21394,2
21395,1
21396,0
21397,0
21398,0
21399,1
21400,3
21401,1
21402,0
21403,3
21404,1
21405,2
21406,1
21407,3
21408,2
21409,2
21410,3
21411,1
21412,1
21413,0
21414,3
21415,4
21416,0
21417,0
21418,1
21419,2
21420,3
21421,0
21422,4
21423,1
21424,0
21425,0
21426,0
21427,1
21428,1
21429,1
21430,2
21431,3
21432,0
21433,0
21434,3
21435,0
21436,0
21437,1
21438,2
21439,1
21440,2
21441,4
21442,4
21443,2
21444,3
21445,0
21446,4
21447,1
21448,1
21449,3
21450,3
21451,2
21452,0
21453,0
21454,2
21455,0
21456,1
21457,2
21458,0
21459,4
21460,0
21461,3
21462,3
21463,3
21464,3
21465,4
21466,0
21467,1
21468,1
21469,0
21470,3
21471,3
21472,2
21473,2
21474,0
21475,3
21476,1
21477,1
21478,2
21479,0
21480,1
21481,3
21482,2
21483,0
21484,1
21485,0
21486,1
21487,0
21488,1
21489,3
21490,0
21491,2
21492,1
21493,1
21494,3
21495,3
21496,2
21497,4
21498,4
21499,0
21500,3
21501,4
21502,3
21503,0
21504,1
21505,1
21506,4
21507,4
21508,0
21509,0
21510,4
21511,3
21512,1
21513,4
21514,2
21515,0
21516,1
21517,3
21518,0
21519,1
21520,2
21521,0
21522,0
21523,3
21524,4
21525,4
21526,4
21527,0
21528,2
21529,3
21530,2
21531,2
21532,4
21533,0
21534,4
21535,4
21536,0
21537,0
21538,2
21539,2
21540,0
21541,0
21542,1
21543,2
21544,2
21545,2
21546,3
21547,2
21548,0
21549,3
21550,1
21551,1
21552,3
21553,1
21554,1
21555,2
21556,1
21557,1
21558,0
21559,2
21560,2
21561,2
21562,3
21563,0
21564,1
21565,0
21566,2
21567,3
21568,3
21569,0
21570,2
21571,4
21572,0
21573,0
21574,4
21575,1
21576,4
21577,1
21578,2
21579,0
21580,4
21581,0
21582,4
21583,4
21584,1
21585,1
21586,0
21587,1
21588,0
21589,4
21590,3
21591,4
21592,0
21593,4
21594,0
21595,2
21596,3
21597,0
21598,3
21599,0
21600,3
21601,2
21602,2
21603,1
21604,1
21605,3
21606,2
21607,4
21608,4
21609,0
21610,0
21611,4
21612,3
21613,0
21614,4
21615,1
21616,3
21617,4
21618,2
21619,3
21620,3
21621,1
21622,2
21623,0
21624,2
21625,1
21626,0
21627,4
21628,0
21629,4
21630,0
21631,0
21632,0
21633,1
21634,2
21635,2
21636,0
21637,4
21638,1
21639,4
21640,1
21641,2
21642,4
21643,2
21644,4
21645,3
21646,3
21647,3
21648,0
21649,0
21650,2
21651,1
21652,4
21653,0
21654,2
21655,1
21656,1
21657,3
21658,4
21659,4
21660,3
21661,0
21662,0
21663,1
21664,0
21665,2
21666,3
21667,4
21668,4
21669,0
21670,1
21671,1
21672,2
21673,2
21674,1
21675,4
21676,4
21677,1
21678,1
21679,2
21680,0
21681,1
21682,1
21683,1
21684,2
21685,3
21686,4
21687,1
21688,1
21689,3
21690,2
21691,1
21692,0
21693,1
21694,2
21695,2
21696,1
21697,2
21698,1
21699,0
21700,3
21701,0
21702,3
21703,0
21704,2
21705,2
21706,3
21707,2
21708,4
21709,3
21710,4
21711,1
21712,3
21713,2
21714,4
21715,4
21716,1
21717,1
21718,0
21719,4
21720,1
21721,0
21722,4
21723,3
21724,3
21725,2
21726,2
21727,2
21728,1
21729,4
21730,4
21731,1
21732,4
21733,1
21734,1
21735,1
21736,4
21737,2
21738,0
21739,4
21740,0
21741,3
21742,4
21743,4
21744,3
21745,3
21746,4
21747,3
21748,0
21749,2
21750,2
21751,0
21752,3
21753,1
21754,2
21755,2
21756,3
21757,1
21758,4
21759,0
21760,0
21761,0
21762,2
21763,1
21764,0
21765,4
21766,0
21767,3
21768,0
21769,0
21770,1
21771,2
21772,2
21773,0
21774,0
21775,0
21776,1
21777,4
21778,2
21779,2
21780,0
21781,3
21782,3
21783,0
21784,1
21785,4
21786,2
21787,2
21788,0
21789,2
21790,4
21791,1
21792,0
21793,4
21794,2
21795,0
21796,1
21797,3
21798,0
21799,1
21800,2
21801,0
21802,3
21803,3
21804,3
21805,4
21806,3
21807,3
21808,0
21809,1
21810,1
21811,1
21812,4
21813,0
21814,1
21815,2
21816,4
21817,1
21818,4
21819,3
21820,4
21821,0
21822,0
21823,3
21824,0
21825,0
21826,3
21827,2
21828,2
21829,4
21830,2
21831,2
21832,3
21833,4
21834,4
21835,3
21836,1
21837,4
21838,0
21839,2
21840,3
21841,2
21842,0
21843,1
21844,3
21845,2
21846,4
21847,0
21848,1
21849,2
21850,4
21851,1
21852,4
21853,2
21854,3
21855,2
21856,4
21857,0
21858,2
21859,2
21860,0
21861,1
21862,3
21863,4
21864,4
21865,2
21866,3
21867,1
21868,4
21869,0
21870,0
21871,4
21872,0
21873,3
21874,0
21875,0
21876,1
21877,1
21878,1
21879,0
21880,0
21881,3
21882,3
21883,4
21884,3
21885,0
21886,3
21887,1
21888,3
21889,2
21890,2
21891,0
21892,2
21893,4
21894,0
21895,2
21896,3
21897,3
21898,1
21899,1
21900,2
21901,3
21902,1
21903,1
21904,1
21905,0
21906,4
21907,3
21908,0
21909,1
21910,3
21911,4
21912,3
21913,1
21914,2
21915,1
21916,0
21917,2
21918,3
21919,0
21920,0
21921,2
21922,0
21923,1
21924,4
21925,4
21926,2
21927,1
21928,1
21929,2
21930,0
21931,2
21932,1
21933,0
21934,1
21935,0
21936,3
21937,2
21938,3
21939,0
21940,3
21941,0
21942,2
21943,0
21944,1
21945,2
21946,4
21947,2
21948,4
21949,3
21950,3
21951,0
21952,4
21953,0
21954,4
21955,1
21956,2
21957,3
21958,4
21959,1
21960,0
21961,0
21962,1
21963,0
21964,4
21965,1
21966,0
21967,1
21968,0
21969,3
21970,0
21971,0
21972,1
21973,4
21974,1
21975,1
21976,2
21977,4
21978,0
21979,0
21980,0
21981,0
21982,2
21983,3
21984,0
21985,1
21986,1
21987,1
21988,2
21989,0
21990,1
21991,3
21992,3
21993,3
21994,2
21995,1
21996,3
21997,2
21998,1
21999,0
22000,2
22001,1
22002,0
22003,1
22004,2
22005,2
22006,2
22007,2
22008,4
22009,0
22010,3
22011,2
22012,4
22013,4
22014,1
22015,0
22016,1
22017,0
22018,0
22019,2
22020,0
22021,2
22022,3
22023,3
22024,4
22025,0
22026,1
22027,2
22028,3
22029,3
22030,4
22031,2
22032,4
22033,4
22034,0
22035,3
22036,1
22037,1
22038,3
22039,4
22040,1
22041,1
22042,1
22043,2
22044,1
22045,0
22046,1
22047,3
22048,2
22049,0
22050,0
22051,0
22052,4
22053,0
22054,2
22055,3
22056,2
22057,0
22058,1
22059,1
22060,2
22061,4
22062,4
22063,0
22064,0
22065,0
22066,4
22067,4
22068,4
22069,0
22070,0
22071,1
22072,0
22073,4
22074,3
22075,3
22076,0
22077,1
22078,2
22079,2
22080,1
22081,4
22082,4
22083,1
22084,3
22085,2
22086,3
22087,0
22088,0
22089,1
22090,4
22091,1
22092,2
22093,3
22094,0
22095,1
22096,4
22097,1
22098,2
22099,1
22100,2
22101,1
22102,0
22103,2
22104,4
22105,3
22106,2
22107,1
22108,4
22109,0
22110,1
22111,2
22112,3
22113,4
22114,0
22115,2
22116,1
22117,3
22118,4
22119,3
22120,3
22121,2
22122,4
22123,3
22124,3
22125,3
22126,0
22127,3
22128,4
22129,0
22130,0
22131,2
22132,3
22133,0
22134,0
22135,0
22136,4
22137,2
22138,1
22139,2
22140,3
22141,1
22142,4
22143,4
22144,3
22145,3
22146,1
22147,4
22148,3
22149,0
22150,2
22151,3
22152,2
22153,0
22154,2
22155,3
22156,4
22157,2
22158,3
22159,2
22160,0
22161,4
22162,0
22163,0
22164,3
22165,1
22166,4
22167,3
22168,1
22169,3
22170,0
22171,0
22172,0
22173,1
22174,0
22175,2
22176,0
22177,3
22178,4
22179,4
22180,0
22181,2
22182,2
22183,0
22184,0
22185,3
22186,1
22187,3
22188,4
22189,2
22190,2
22191,4
22192,0
22193,2
22194,1
22195,1
22196,1
22197,0
22198,2
22199,3
22200,4
22201,4
22202,4
22203,0
22204,3
22205,1
22206,1
22207,2
22208,2
22209,3
22210,2
22211,4
22212,2
22213,1
22214,4
22215,0
22216,0
22217,3
22218,2
22219,2
22220,1
22221,3
22222,1
22223,0
22224,4
22225,2
22226,1
22227,0
22228,0
22229,1
22230,0
22231,1
22232,0
22233,4
22234,2
22235,0
22236,0
22237,1
22238,1
22239,0
22240,3
22241,3
22242,0
22243,2
22244,2
22245,2
22246,3
22247,4
22248,0
22249,2
22250,2
22251,0
22252,1
22253,2
22254,3
22255,0
22256,0
22257,3
22258,2
22259,2
22260,1
22261,2
22262,3
22263,2
22264,1
22265,3
22266,4
22267,2
22268,0
22269,3
22270,4
22271,4
22272,3
22273,3
22274,1
22275,4
22276,2
22277,2
22278,1
22279,2
22280,4
22281,0
22282,2
22283,0
22284,2
22285,2
22286,3
22287,0
22288,2
22289,3
22290,3
22291,4
22292,2
22293,4
22294,1
22295,1
22296,1
22297,4
22298,0
22299,2
22300,2
22301,0
22302,4
22303,0
22304,3
22305,3
22306,3
22307,1
22308,2
22309,0
22310,4
22311,0
22312,2
22313,3
22314,0
22315,0
22316,0
22317,0
22318,4
22319,1
22320,0
22321,0
22322,0
22323,0
22324,3
22325,4
22326,0
22327,1
22328,0
22329,1
22330,3
22331,3
22332,0
22333,0
22334,0
22335,4
22336,3
22337,3
22338,0
22339,3
22340,4
22341,0
22342,0
22343,1
22344,0
22345,1
22346,2
22347,4
22348,3
22349,2
22350,0
22351,0
22352,4
22353,0
22354,1
22355,0
22356,3
22357,4
22358,1
22359,1
22360,3
22361,3
22362,4
22363,1
22364,1
22365,2
22366,1
22367,2
22368,1
22369,0
22370,4
22371,2
22372,4
22373,1
22374,1
22375,0
22376,1
22377,3
22378,2
22379,2
22380,4
22381,2
22382,3
22383,3
22384,1
22385,0
22386,3
22387,1
22388,4
22389,0
22390,0
22391,1
22392,0
22393,3
22394,4
22395,4
22396,0
22397,1
22398,0
22399,0
22400,1
22401,0
22402,4
22403,3
22404,2
22405,0
22406,0
22407,0
22408,2
22409,0
22410,0
22411,4
22412,3
22413,3
22414,1
22415,2
22416,1
22417,4
22418,2
22419,1
22420,4
22421,0
22422,2
22423,2
22424,3
22425,4
22426,4
22427,0
22428,0
22429,4
22430,3
22431,0
22432,0
22433,0
22434,3
22435,0
22436,3
22437,2
22438,4
22439,0
22440,1
22441,3
22442,3
22443,4
22444,0
22445,3
22446,1
22447,1
22448,0
22449,2
22450,0
22451,2
22452,2
22453,2
22454,0
22455,4
22456,4
22457,1
22458,2
22459,2
22460,3
22461,2
22462,2
22463,0
22464,1
22465,0
22466,1
22467,3
22468,2
22469,0
22470,4
22471,2
22472,0
22473,1
22474,4
22475,1
22476,2
22477,3
22478,1
22479,0
22480,0
22481,4
22482,3
22483,4
22484,2
22485,0
22486,0
22487,0
22488,1
22489,1
22490,3
22491,1
22492,2
22493,2
22494,2
22495,1
22496,2
22497,0
22498,1
22499,0
22500,0
22501,1
22502,0
22503,4
22504,2
22505,2
22506,1
22507,2
22508,3
22509,3
22510,0
22511,1
22512,1
22513,3
22514,4
22515,0
22516,0
22517,1
22518,0
22519,4
22520,1
22521,1
22522,0
22523,2
22524,3
22525,4
22526,2
22527,3
22528,2
22529,4
22530,3
22531,2
22532,3
22533,4
22534,0
22535,1
22536,0
22537,0
22538,1
22539,1
22540,4
22541,0
22542,3
22543,0
22544,0
22545,0
22546,2
22547,1
22548,0
22549,2
22550,3
22551,0
22552,4
22553,2
22554,2
22555,4
22556,4
22557,0
22558,4
22559,2
22560,2
22561,1
22562,1
22563,0
22564,1
22565,1
22566,1
22567,3
22568,0
22569,2
22570,4
22571,0
22572,1
22573,3
22574,1
22575,1
22576,4
22577,3
22578,4
22579,2
22580,2
22581,3
22582,1
22583,0
22584,3
22585,2
22586,3
22587,3
22588,4
22589,1
22590,3
22591,2
22592,2
22593,1
22594,2
22595,2
22596,1
22597,0
22598,1
22599,0
22600,1
22601,4
22602,3
22603,0
22604,3
22605,4
22606,0
22607,2
22608,0
22609,3
22610,3
22611,0
22612,0
22613,2
22614,4
22615,0
22616,3
22617,1
22618,2
22619,4
22620,2
22621,2
22622,3
22623,4
22624,3
22625,4
22626,1
22627,3
22628,4
22629,4
22630,3
22631,3
22632,0
22633,1
22634,0
22635,0
22636,2
22637,1
22638,1
22639,2
22640,0
22641,4
22642,4
22643,4
22644,2
22645,4
22646,0
22647,2
22648,0
22649,0
22650,4
22651,2
22652,3
22653,3
22654,4
22655,2
22656,2
22657,3
22658,3
22659,0
22660,2
22661,3
22662,3
22663,1
22664,0
22665,1
22666,3
22667,3
22668,0
22669,1
22670,3
22671,3
22672,3
22673,4
22674,3
22675,0
22676,3
22677,1
22678,0
22679,2
22680,1
22681,3
22682,1
22683,4
22684,2
22685,1
22686,4
22687,1
22688,0
22689,1
22690,3
22691,0
22692,1
22693,3
22694,2
22695,1
22696,2
22697,4
22698,0
22699,4
22700,3
22701,0
22702,0
22703,4
22704,3
22705,1
22706,0
22707,0
22708,0
22709,4
22710,4
22711,0
22712,1
22713,3
22714,2
22715,3
22716,2
22717,2
22718,0
22719,0
22720,1
22721,1
22722,0
22723,2
22724,3
22725,0
22726,0
22727,3
22728,1
22729,0
22730,2
22731,2
22732,3
22733,0
22734,3
22735,3
22736,0
22737,4
22738,3
22739,0
22740,4
22741,0
22742,3
22743,4
22744,4
22745,3
22746,0
22747,2
22748,1
22749,1
22750,0
22751,4
22752,0
22753,1
22754,3
22755,1
22756,4
22757,2
22758,1
22759,1
22760,2
22761,1
22762,0
22763,2
22764,2
22765,3
22766,4
22767,1
22768,3
22769,3
22770,0
22771,3
22772,3
22773,3
22774,0
22775,3
22776,4
22777,0
22778,3
22779,3
22780,1
22781,3
22782,1
22783,3
22784,2
22785,0
22786,0
22787,3
22788,3
22789,3
22790,4
22791,0
22792,1
22793,2
22794,4
22795,1
22796,3
22797,2
22798,1
22799,3
22800,3
22801,0
22802,2
22803,0
22804,0
22805,0
22806,2
22807,0
22808,1
22809,4
22810,0
22811,3
22812,0
22813,4
22814,3
22815,0
22816,0
22817,1
22818,2
22819,2
22820,1
22821,2
22822,3
22823,4
22824,2
22825,0
22826,0
22827,3
22828,1
22829,3
22830,0
22831,4
22832,1
22833,1
22834,1
22835,0
22836,3
22837,2
22838,1
22839,2
22840,2
22841,0
22842,3
22843,1
22844,2
22845,2
22846,1
22847,3
22848,0
22849,4
22850,3
22851,1
22852,2
22853,1
22854,0
22855,1
22856,3
22857,0
22858,4
22859,1
22860,3
22861,4
22862,0
22863,1
22864,4
22865,2
22866,1
22867,1
22868,3
22869,3
22870,0
22871,3
22872,0
22873,0
22874,1
22875,1
22876,2
22877,3
22878,1
22879,1
22880,0
22881,3
22882,1
22883,4
22884,3
22885,4
22886,4
22887,0
22888,4
22889,3
22890,3
22891,0
22892,0
22893,4
22894,3
22895,0
22896,0
22897,0
22898,1
22899,2
22900,2
22901,3
22902,4
22903,1
22904,0
22905,2
22906,3
22907,4
22908,2
22909,3
22910,3
22911,0
22912,0
22913,1
22914,3
22915,2
22916,1
22917,1
22918,4
22919,3
22920,4
22921,2
22922,4
22923,0
22924,1
22925,1
22926,1
22927,1
22928,0
22929,1
22930,4
22931,2
22932,4
22933,0
22934,2
22935,3
22936,1
22937,2
22938,1
22939,4
22940,1
22941,2
22942,3
22943,4
22944,0
22945,3
22946,4
22947,4
22948,2
22949,3
22950,2
22951,3
22952,1
22953,1
22954,1
22955,4
22956,0
22957,3
22958,4
22959,3
22960,4
22961,1
22962,1
22963,4
22964,1
22965,2
22966,2
22967,0
22968,2
22969,1
22970,0
22971,1
22972,4
22973,0
22974,4
22975,2
22976,1
22977,0
22978,2
22979,1
22980,0
22981,0
22982,2
22983,1
22984,3
22985,1
22986,3
22987,1
22988,1
22989,0
22990,1
22991,0
22992,4
22993,3
22994,1
22995,4
22996,2
22997,3
22998,2
22999,0
23000,2
23001,0
23002,1
23003,2
23004,1
23005,4
23006,2
23007,0
23008,1
23009,0
23010,0
23011,2
23012,4
23013,1
23014,3
23015,3
23016,1
23017,1
23018,2
23019,0
23020,1
23021,3
23022,2
23023,0
23024,1
23025,1
23026,2
23027,0
23028,4
23029,0
23030,1
23031,2
23032,0
23033,1
23034,3
23035,0
23036,2
23037,1
23038,1
23039,2
23040,1
23041,2
23042,3
23043,1
23044,2
23045,1
23046,3
23047,0
23048,2
23049,3
23050,2
23051,3
23052,1
23053,3
23054,4
23055,0
23056,2
23057,3
23058,1
23059,2
23060,0
23061,2
23062,3
23063,2
23064,1
23065,1
23066,1
23067,1
23068,2
23069,2
23070,1
23071,2
23072,2
23073,3
23074,4
23075,4
23076,3
23077,1
23078,3
23079,4
23080,0
23081,3
23082,0
23083,3
23084,1
23085,4
23086,1
23087,1
23088,4
23089,4
23090,1
23091,3
23092,0
23093,1
23094,0
23095,1
23096,1
23097,2
23098,2
23099,2
23100,2
23101,2
23102,4
23103,4
23104,0
23105,1
23106,3
23107,3
23108,4
23109,4
23110,3
23111,2
23112,0
23113,1
23114,1
23115,0
23116,3
23117,0
23118,3
23119,2
23120,1
23121,0
23122,1
23123,4
23124,0
23125,2
23126,3
23127,2
23128,1
23129,4
23130,0
23131,1
23132,4
23133,0
23134,2
23135,2
23136,2
23137,1
23138,4
23139,1
23140,1
23141,3
23142,0
23143,3
23144,3
23145,3
23146,3
23147,2
23148,1
23149,2
23150,3
23151,1
23152,3
23153,3
23154,1
23155,4
23156,0
23157,2
23158,2
23159,3
23160,1
23161,4
23162,0
23163,2
23164,1
23165,0
23166,3
23167,0
23168,3
23169,3
23170,2
23171,1
23172,0
23173,2
23174,3
23175,1
23176,0
23177,0
23178,0
23179,1
23180,4
23181,0
23182,0
23183,1
23184,1
23185,3
23186,1
23187,0
23188,3
23189,2
23190,2
23191,2
23192,4
23193,2
23194,3
23195,2
23196,1
23197,3
23198,3
23199,0
23200,2
23201,3
23202,3
23203,4
23204,1
23205,3
23206,4
23207,1
23208,0
23209,1
23210,3
23211,0
23212,0
23213,1
23214,3
23215,2
23216,4
23217,0
23218,1
23219,4
23220,4
23221,3
23222,3
23223,0
23224,0
23225,2
23226,1
23227,0
23228,3
23229,4
23230,4
23231,0
23232,4
23233,4
23234,1
23235,1
23236,2
23237,0
23238,1
23239,3
23240,4
23241,1
23242,1
23243,0
23244,0
23245,0
23246,4
23247,0
23248,3
23249,4
23250,3
23251,4
23252,2
23253,4
23254,0
23255,1
23256,1
23257,3
23258,3
23259,2
23260,3
23261,3
23262,3
23263,0
23264,2
23265,2
23266,0
23267,1
23268,2
23269,1
23270,4
23271,2
23272,3
23273,2
23274,3
23275,2
23276,1
23277,0
23278,4
23279,0
23280,1
23281,0
23282,1
23283,0
23284,1
23285,0
23286,3
23287,3
23288,3
23289,4
23290,1
23291,1
23292,2
23293,4
23294,0
23295,4
23296,1
23297,4
23298,2
23299,1
23300,2
23301,3
23302,4
23303,0
23304,1
23305,0
23306,4
23307,2
23308,1
23309,0
23310,2
23311,1
23312,4
23313,0
23314,0
23315,2
23316,1
23317,1
23318,4
23319,1
23320,0
23321,4
23322,4
23323,3
23324,4
23325,2
23326,3
23327,3
23328,1
23329,2
23330,2
23331,4
23332,2
23333,3
23334,3
23335,0
23336,0
23337,2
23338,3
23339,1
23340,0
23341,3
23342,1
23343,3
23344,2
23345,0
23346,2
23347,1
23348,2
23349,1
23350,0
23351,0
23352,1
23353,0
23354,1
23355,2
23356,2
23357,2
23358,1
23359,0
23360,4
23361,1
23362,0
23363,0
23364,1
23365,2
23366,0
23367,3
23368,2
23369,3
23370,0
23371,2
23372,2
23373,2
23374,0
23375,3
23376,4
23377,3
23378,1
23379,1
23380,3
23381,3
23382,0
23383,2
23384,4
23385,2
23386,1
23387,0
23388,0
23389,4
23390,4
23391,0
23392,1
23393,4
23394,1
23395,3
23396,3
23397,2
23398,3
23399,4
23400,3
23401,0
23402,2
23403,1
23404,2
23405,2
23406,1
23407,1
23408,1
23409,4
23410,2
23411,4
23412,2
23413,1
23414,3
23415,1
23416,0
23417,1
23418,3
23419,0
23420,1
23421,1
23422,2
23423,3
23424,3
23425,1
23426,3
23427,3
23428,2
23429,2
23430,0
23431,3
23432,0
23433,1
23434,2
23435,2
23436,0
23437,2
23438,0
23439,2
23440,4
23441,4
23442,3
23443,2
23444,1
23445,1
23446,3
23447,1
23448,0
23449,0
23450,0
23451,0
23452,4
23453,2
23454,2
23455,1
23456,2
23457,1
23458,0
23459,0
23460,1
23461,1
23462,1
23463,0
23464,3
23465,4
23466,0
23467,1
23468,2
23469,1
23470,4
23471,1
23472,3
23473,2
23474,3
23475,0
23476,1
23477,0
23478,2
23479,2
23480,3
23481,2
23482,0
23483,4
23484,1
23485,0
23486,2
23487,3
23488,3
23489,0
23490,1
23491,3
23492,0
23493,1
23494,4
23495,3
23496,1
23497,4
23498,3
23499,2
23500,3
23501,2
23502,4
23503,1
23504,1
23505,0
23506,1
23507,4
23508,1
23509,1
23510,2
23511,2
23512,3
23513,3
23514,0
23515,0
23516,2
23517,3
23518,0
23519,4
23520,3
23521,1
23522,3
23523,2
23524,3
23525,0
23526,0
23527,3
23528,0
23529,2
23530,2
23531,2
23532,2
23533,1
23534,1
23535,4
23536,0
23537,4
23538,3
23539,1
23540,2
23541,3
23542,2
23543,0
23544,2
23545,1
23546,3
23547,4
23548,1
23549,2
23550,0
23551,1
23552,0
23553,3
23554,0
23555,2
23556,3
23557,0
23558,0
23559,0
23560,0
23561,4
23562,0
23563,1
23564,1
23565,4
23566,4
23567,2
23568,3
23569,4
23570,2
23571,1
23572,4
23573,2
23574,4
23575,1
23576,0
23577,3
23578,0
23579,1
23580,0
23581,1
23582,1
23583,3
23584,0
23585,3
23586,3
23587,2
23588,4
23589,3
23590,4
23591,1
23592,0
23593,1
23594,1
23595,4
23596,0
23597,0
23598,2
23599,4
23600,4
23601,1
23602,4
23603,1
23604,3
23605,1
23606,3
23607,1
23608,2
23609,0
23610,1
23611,4
23612,2
23613,2
23614,0
23615,3
23616,2
23617,3
23618,2
23619,1
23620,3
23621,0
23622,1
23623,1
23624,0
23625,0
23626,3
23627,0
23628,3
23629,4
23630,0
23631,0
23632,1
23633,0
23634,4
23635,2
23636,2
23637,4
23638,1
23639,3
23640,0
23641,4
23642,3
23643,2
23644,2
23645,1
23646,1
23647,0
23648,2
23649,3
23650,3
23651,0
23652,3
23653,0
23654,4
23655,1
23656,3
23657,4
23658,0
23659,4
23660,3
23661,2
23662,0
23663,2
23664,2
23665,1
23666,1
23667,3
23668,3
23669,4
23670,4
23671,2
23672,1
23673,4
23674,0
23675,3
23676,0
23677,4
23678,1
23679,0
23680,0
23681,3
23682,0
23683,2
23684,3
23685,1
23686,2
23687,0
23688,1
23689,0
23690,2
23691,3
23692,2
23693,1
23694,4
23695,2
23696,1
23697,2
23698,1
23699,3
23700,3
23701,0
23702,4
23703,4
23704,3
23705,3
23706,0
23707,2
23708,0
23709,3
23710,1
23711,2
23712,0
23713,2
23714,3
23715,2
23716,3
23717,1
23718,2
23719,2
23720,0
23721,4
23722,0
23723,2
23724,1
23725,1
23726,1
23727,4
23728,0
23729,3
23730,2
23731,2
23732,2
23733,0
23734,3
23735,3
23736,2
23737,0
23738,4
23739,2
23740,0
23741,4
23742,3
23743,3
23744,0
23745,2
23746,4
23747,1
23748,3
23749,1
23750,1
23751,0
23752,4
23753,2
23754,4
23755,3
23756,3
23757,3
23758,0
23759,1
23760,2
23761,2
23762,2
23763,4
23764,1
23765,1
23766,0
23767,0
23768,2
23769,1
23770,0
23771,4
23772,0
23773,2
23774,1
23775,1
23776,4
23777,0
23778,1
23779,4
23780,4
23781,1
23782,0
23783,4
23784,0
23785,1
23786,0
23787,1
23788,4
23789,2
23790,0
23791,0
23792,1
23793,1
23794,4
23795,3
23796,2
23797,2
23798,0
23799,4
23800,2
23801,0
23802,0
23803,2
23804,2
23805,2
23806,3
23807,1
23808,0
23809,4
23810,1
23811,4
23812,3
23813,4
23814,1
23815,4
23816,0
23817,0
23818,0
23819,2
23820,2
23821,4
23822,2
23823,2
23824,0
23825,0
23826,3
23827,1
23828,0
23829,0
23830,3
23831,2
23832,0
23833,1
23834,4
23835,1
23836,4
23837,1
23838,2
23839,1
23840,0
23841,0
23842,2
23843,1
23844,0
23845,0
23846,0
23847,1
23848,3
23849,3
23850,0
23851,1
23852,4
23853,3
23854,2
23855,0
23856,3
23857,3
23858,2
23859,2
23860,3
23861,0
23862,0
23863,4
23864,1
23865,0
23866,2
23867,0
23868,4
23869,1
23870,4
23871,0
23872,3
23873,1
23874,3
23875,1
23876,1
23877,4
23878,3
23879,0
23880,3
23881,4
23882,2
23883,2
23884,1
23885,0
23886,2
23887,4
23888,1
23889,3
23890,0
23891,2
23892,2
23893,4
23894,2
23895,0
23896,2
23897,1
23898,0
23899,1
23900,2
23901,3
23902,4
23903,3
23904,2
23905,0
23906,1
23907,3
23908,4
23909,2
23910,1
23911,0
23912,0
23913,1
23914,2
23915,1
23916,4
23917,1
23918,2
23919,3
23920,2
23921,4
23922,2
23923,0
23924,3
23925,2
23926,1
23927,1
23928,3
23929,3
23930,2
23931,1
23932,3
23933,2
23934,1
23935,4
23936,2
23937,4
23938,2
23939,4
23940,2
23941,3
23942,1
23943,2
23944,0
23945,1
23946,2
23947,0
23948,1
23949,1
23950,3
23951,0
23952,3
23953,0
23954,3
23955,2
23956,0
23957,3
23958,0
23959,0
23960,1
23961,2
23962,2
23963,2
23964,1
23965,3
23966,3
23967,1
23968,1
23969,1
23970,3
23971,4
23972,3
23973,2
23974,0
23975,3
23976,3
23977,1
23978,2
23979,0
23980,1
23981,2
23982,0
23983,0
23984,2
23985,2
23986,4
23987,3
23988,4
23989,4
23990,3
23991,0
23992,2
23993,4
23994,0
23995,2
23996,2
23997,1
23998,1
23999,3
24000,4
24001,1
24002,1
24003,1
24004,0
24005,2
24006,1
24007,2
24008,0
24009,3
24010,3
24011,2
24012,2
24013,1
24014,2
24015,1
24016,1
24017,1
24018,0
24019,2
24020,2
24021,2
24022,2
24023,3
24024,1
24025,1
24026,1
24027,4
24028,4
24029,3
24030,1
24031,1
24032,1
24033,3
24034,3
24035,3
24036,3
24037,4
24038,2
24039,3
24040,3
24041,0
24042,0
24043,1
24044,4
24045,3
24046,2
24047,2
24048,1
24049,2
24050,0
24051,1
24052,1
24053,3
24054,3
24055,2
24056,1
24057,3
24058,3
24059,1
24060,2
24061,4
24062,2
24063,2
24064,0
24065,0
24066,3
24067,2
24068,4
24069,3
24070,4
24071,2
24072,1
24073,3
24074,2
24075,3
24076,1
24077,1
24078,3
24079,1
24080,4
24081,2
24082,4
24083,1
24084,2
24085,3
24086,3
24087,4
24088,2
24089,4
24090,1
24091,3
24092,0
24093,2
24094,1
24095,4
24096,0
24097,2
24098,2
24099,4
24100,0
24101,4
24102,0
24103,1
24104,1
24105,2
24106,1
24107,1
24108,0
24109,3
24110,0
24111,3
24112,3
24113,2
24114,2
24115,4
24116,0
24117,0
24118,3
24119,0
24120,3
24121,3
24122,1
24123,4
24124,3
24125,1
24126,3
24127,2
24128,2
24129,3
24130,2
24131,3
24132,1
24133,2
24134,4
24135,4
24136,3
24137,2
24138,4
24139,3
24140,1
24141,1
24142,1
24143,4
24144,2
24145,0
24146,4
24147,2
24148,2
24149,4
24150,4
24151,3
24152,0
24153,0
24154,2
24155,2
24156,3
24157,0
24158,1
24159,3
24160,1
24161,1
24162,0
24163,1
24164,1
24165,1
24166,2
24167,3
24168,3
24169,2
24170,4
24171,2
24172,4
24173,0
24174,2
24175,4
24176,0
24177,1
24178,2
24179,1
24180,3
24181,4
24182,0
24183,2
24184,3
24185,1
24186,1
24187,2
24188,1
24189,4
24190,0
24191,0
24192,0
24193,4
24194,1
24195,2
24196,4
24197,3
24198,0
24199,0
24200,1
24201,0
24202,0
24203,3
24204,0
24205,2
24206,0
24207,3
24208,4
24209,3
24210,4
24211,2
24212,3
24213,4
24214,1
24215,3
24216,0
24217,1
24218,4
24219,0
24220,3
24221,2
24222,4
24223,2
24224,1
24225,0
24226,1
24227,0
24228,2
24229,4
24230,0
24231,0
24232,3
24233,1
24234,1
24235,4
24236,1
24237,1
24238,2
24239,3
24240,4
24241,3
24242,2
24243,4
24244,2
24245,1
24246,0
24247,4
24248,1
24249,4
24250,2
24251,3
24252,0
24253,1
24254,2
24255,4
24256,0
24257,2
24258,1
24259,4
24260,0
24261,2
24262,2
24263,3
24264,1
24265,1
24266,2
24267,4
24268,4
24269,4
24270,2
24271,2
24272,1
24273,2
24274,0
24275,3
24276,1
24277,2
24278,0
24279,3
24280,3
24281,0
24282,2
24283,2
24284,1
24285,0
24286,4
24287,2
24288,2
24289,2
24290,4
24291,0
24292,3
24293,0
24294,2
24295,4
24296,2
24297,2
24298,0
24299,0
24300,0
24301,2
24302,1
24303,3
24304,1
24305,0
24306,3
24307,1
24308,0
24309,1
24310,0
24311,1
24312,3
24313,2
24314,2
24315,2
24316,3
24317,3
24318,0
24319,3
24320,2
24321,3
24322,4
24323,1
24324,0
24325,1
24326,3
24327,0
24328,1
24329,0
24330,0
24331,1
24332,3
24333,2
24334,1
24335,1
24336,2
24337,4
24338,3
24339,2
24340,2
24341,1
24342,1
24343,4
24344,0
24345,1
24346,2
24347,0
24348,1
24349,0
24350,4
24351,2
24352,2
24353,1
24354,0
24355,2
24356,1
24357,4
24358,1
24359,2
24360,3
24361,4
24362,0
24363,0
24364,2
24365,0
24366,3
24367,4
24368,2
24369,1
24370,0
24371,2
24372,1
24373,3
24374,2
24375,3
24376,3
24377,4
24378,2
24379,0
24380,3
24381,0
24382,0
24383,0
24384,2
24385,0
24386,2
24387,1
24388,0
24389,0
24390,0
24391,4
24392,0
24393,1
24394,0
24395,4
24396,3
24397,0
24398,1
24399,3
24400,3
24401,4
24402,2
24403,2
24404,4
24405,2
24406,3
24407,0
24408,2
24409,1
24410,3
24411,4
24412,4
24413,3
24414,1
24415,3
24416,1
24417,1
24418,4
24419,0
24420,2
24421,1
24422,4
24423,1
24424,4
24425,0
24426,3
24427,2
24428,0
24429,4
24430,0
24431,3
24432,0
24433,3
24434,1
24435,2
24436,3
24437,2
24438,3
24439,4
24440,2
24441,1
24442,4
24443,0
24444,0
24445,1
24446,3
24447,4
24448,4
24449,4
24450,4
24451,0
24452,0
24453,1
24454,4
24455,0
24456,3
24457,0
24458,1
24459,4
24460,2
24461,3
24462,0
24463,2
24464,4
24465,3
24466,3
24467,2
24468,4
24469,0
24470,2
24471,2
24472,1
24473,2
24474,2
24475,0
24476,2
24477,4
24478,3
24479,1
24480,0
24481,0
24482,0
24483,4
24484,4
24485,4
24486,1
24487,4
24488,0
24489,1
24490,2
24491,4
24492,4
24493,4
24494,2
24495,2
24496,2
24497,2
24498,4
24499,0
24500,2
24501,1
24502,3
24503,1
24504,0
24505,2
24506,2
24507,0
24508,2
24509,2
24510,0
24511,2
24512,0
24513,0
24514,1
24515,2
24516,3
24517,2
24518,2
24519,0
24520,3
24521,1
24522,3
24523,1
24524,1
24525,1
24526,2
24527,3
24528,4
24529,3
24530,4
24531,0
24532,2
24533,2
24534,1
24535,1
24536,4
24537,4
24538,2
24539,3
24540,1
24541,2
24542,1
24543,1
24544,4
24545,1
24546,1
24547,2
24548,0
24549,2
24550,1
24551,1
24552,4
24553,2
24554,4
24555,4
24556,1
24557,0
24558,2
24559,1
24560,3
24561,2
24562,1
24563,2
24564,4
24565,3
24566,3
24567,2
24568,2
24569,3
24570,0
24571,3
24572,2
24573,1
24574,1
24575,4
24576,4
24577,4
24578,2
24579,4
24580,0
24581,4
24582,3
24583,1
24584,1
24585,0
24586,0
24587,4
24588,3
24589,3
24590,4
24591,2
24592,2
24593,2
24594,0
24595,0
24596,4
24597,3
24598,0
24599,4
24600,2
24601,3
24602,3
24603,0
24604,3
24605,1
24606,0
24607,4
24608,1
24609,4
24610,3
24611,2
24612,1
24613,3
24614,3
24615,0
24616,1
24617,0
24618,0
24619,2
24620,0
24621,3
24622,1
24623,0
24624,1
24625,0
24626,4
24627,3
24628,1
24629,2
24630,1
24631,2
24632,3
24633,0
24634,1
24635,0
24636,3
24637,1
24638,0
24639,3
24640,0
24641,1
24642,1
24643,2
24644,4
24645,3
24646,0
24647,3
24648,0
24649,1
24650,0
24651,3
24652,2
24653,0
24654,0
24655,1
24656,1
24657,3
24658,4
24659,3
24660,1
24661,2
24662,2
24663,3
24664,3
24665,2
24666,2
24667,1
24668,2
24669,0
24670,4
24671,4
24672,1
24673,2
24674,1
24675,4
24676,1
24677,4
24678,2
24679,3
24680,2
24681,3
24682,1
24683,0
24684,3
24685,0
24686,4
24687,2
24688,3
24689,1
24690,0
24691,2
24692,4
24693,0
24694,2
24695,2
24696,4
24697,0
24698,0
24699,0
24700,1
24701,0
24702,1
24703,3
24704,2
24705,0
24706,0
24707,4
24708,0
24709,4
24710,0
24711,3
24712,2
24713,1
24714,0
24715,1
24716,2
24717,4
24718,2
24719,1
24720,0
24721,3
24722,3
24723,0
24724,1
24725,3
24726,4
24727,4
24728,2
24729,4
24730,4
24731,4
24732,2
24733,2
24734,1
24735,0
24736,3
24737,4
24738,0
24739,1
24740,0
24741,1
24742,1
24743,0
24744,3
24745,1
24746,2
24747,3
24748,2
24749,2
24750,1
24751,4
24752,2
24753,0
24754,2
24755,3
24756,2
24757,0
24758,0
24759,3
24760,3
24761,0
24762,1
24763,0
24764,0
24765,2
24766,1
24767,3
24768,0
24769,0
24770,0
24771,1
24772,2
24773,4
24774,2
24775,2
24776,4
24777,3
24778,0
24779,2
24780,2
24781,0
24782,1
24783,0
24784,2
24785,4
24786,3
24787,3
24788,2
24789,2
24790,1
24791,1
24792,2
24793,2
24794,3
24795,0
24796,3
24797,4
24798,1
24799,4
24800,2
24801,3
24802,1
24803,1
24804,0
24805,2
24806,4
24807,0
24808,0
24809,4
24810,2
24811,0
24812,3
24813,3
24814,1
24815,0
24816,1
24817,4
24818,1
24819,0
24820,0
24821,2
24822,3
24823,4
24824,3
24825,3
24826,3
24827,0
24828,2
24829,0
24830,3
24831,1
24832,2
24833,4
24834,0
24835,0
24836,3
24837,2
24838,4
24839,1
24840,0
24841,2
24842,4
24843,1
24844,0
24845,4
24846,0
24847,3
24848,1
24849,3
24850,3
24851,0
24852,1
24853,4
24854,1
24855,2
24856,3
24857,0
24858,2
24859,2
24860,2
24861,2
24862,1
24863,4
24864,2
24865,0
24866,1
24867,2
24868,0
24869,3
24870,1
24871,0
24872,0
24873,0
24874,1
24875,1
24876,0
24877,2
24878,2
24879,3
24880,0
24881,3
24882,0
24883,1
24884,0
24885,1
24886,1
24887,0
24888,0
24889,1
24890,1
24891,2
24892,1
24893,0
24894,3
24895,3
24896,2
24897,0
24898,2
24899,3
24900,0
24901,0
24902,2
24903,3
24904,0
24905,2
24906,4
24907,4
24908,4
24909,3
24910,4
24911,3
24912,0
24913,3
24914,3
24915,3
24916,2
24917,3
24918,2
24919,1
24920,0
24921,3
24922,1
24923,0
24924,0
24925,2
24926,2
24927,4
24928,0
24929,0
24930,0
24931,0
24932,4
24933,1
24934,4
24935,3
24936,3
24937,3
24938,4
24939,1
24940,2
24941,2
24942,0
24943,3
24944,3
24945,1
24946,1
24947,0
24948,1
24949,4
24950,1
24951,3
24952,1
24953,3
24954,4
24955,0
24956,1
24957,3
24958,3
24959,2
24960,0
24961,4
24962,3
24963,3
24964,4
24965,0
24966,0
24967,2
24968,0
24969,0
24970,3
24971,3
24972,4
24973,1
24974,4
24975,4
24976,4
24977,1
24978,0
24979,2
24980,1
24981,3
24982,2
24983,2
24984,2
24985,2
24986,4
24987,1
24988,0
24989,1
24990,0
24991,4
24992,0
24993,1
24994,2
24995,2
24996,3
24997,3
24998,3
24999,2
25000,1
25001,4
25002,0
25003,4
25004,0
25005,3
25006,4
25007,4
25008,0
25009,2
25010,0
25011,2
25012,0
25013,1
25014,1
25015,2
25016,3
25017,1
25018,2
25019,1
25020,0
25021,0
25022,1
25023,2
25024,2
25025,0
25026,1
25027,3
25028,2
25029,1
25030,0
25031,4
25032,3
25033,4
25034,2
25035,0
25036,2
25037,2
25038,2
25039,2
25040,2
25041,2
25042,2
25043,1
25044,1
25045,4
25046,2
25047,2
25048,4
25049,1
25050,0
25051,0
25052,0
25053,0
25054,2
25055,4
25056,1
25057,2
25058,1
25059,2
25060,4
25061,0
25062,3
25063,4
25064,4
25065,2
25066,0
25067,2
25068,1
25069,2
25070,2
25071,4
25072,0
25073,2
25074,0
25075,0
25076,4
25077,3
25078,1
25079,0
25080,3
25081,4
25082,2
25083,2
25084,2
25085,3
25086,2
25087,3
25088,1
25089,0
25090,2
25091,4
25092,0
25093,1
25094,0
25095,2
25096,3
25097,1
25098,3
25099,4
25100,2
25101,2
25102,0
25103,3
25104,3
25105,3
25106,4
25107,0
25108,2
25109,0
25110,4
25111,1
25112,3
25113,0
25114,2
25115,4
25116,2
25117,3
25118,1
25119,2
25120,3
25121,1
25122,4
25123,0
25124,3
25125,0
25126,4
25127,0
25128,2
25129,4
25130,2
25131,1
25132,2
25133,3
25134,1
25135,1
25136,1
25137,3
25138,1
25139,1
25140,2
25141,4
25142,1
25143,0
25144,3
25145,2
25146,1
25147,4
25148,0
25149,1
25150,1
25151,0
25152,1
25153,4
25154,1
25155,1
25156,1
25157,4
25158,4
25159,2
25160,2
25161,4
25162,1
25163,3
25164,4
25165,1
25166,1
25167,2
25168,0
25169,4
25170,3
25171,0
25172,2
25173,4
25174,0
25175,1
25176,0
25177,3
25178,1
25179,0
25180,4
25181,2
25182,3
25183,2
25184,1
25185,2
25186,0
25187,3
25188,2
25189,3
25190,1
25191,2
25192,1
25193,4
25194,1
25195,0
25196,3
25197,0
25198,3
25199,3
25200,3
25201,0
25202,2
25203,1
25204,1
25205,2
25206,0
25207,1
25208,1
25209,3
25210,1
25211,0
25212,1
25213,1
25214,0
25215,2
25216,2
25217,0
25218,2
25219,1
25220,4
25221,0
25222,3
25223,1
25224,3
25225,3
25226,3
25227,1
25228,2
25229,4
25230,3
25231,3
25232,2
25233,4
25234,0
25235,3
25236,0
25237,3
25238,0
25239,1
25240,3
25241,1
25242,1
25243,0
25244,2
25245,2
25246,4
25247,2
25248,3
25249,4
25250,4
25251,2
25252,3
25253,1
25254,0
25255,3
25256,3
25257,0
25258,1
25259,1
25260,3
25261,0
25262,0
25263,4
25264,4
25265,4
25266,1
25267,2
25268,2
25269,1
25270,0
25271,0
25272,1
25273,1
25274,1
25275,2
25276,2
25277,0
25278,2
25279,2
25280,4
25281,4
25282,0
25283,3
25284,0
25285,1
25286,2
25287,3
25288,0
25289,4
25290,1
25291,3
25292,0
25293,2
25294,3
25295,0
25296,2
25297,0
25298,0
25299,3
25300,1
25301,2
25302,2
25303,1
25304,3
25305,3
25306,2
25307,2
25308,3
25309,3
25310,4
25311,0
25312,0
25313,1
25314,2
25315,2
25316,4
25317,4
25318,0
25319,1
25320,0
25321,1
25322,4
25323,0
25324,3
25325,1
25326,4
25327,3
25328,1
25329,3
25330,1
25331,2
25332,2
25333,0
25334,1
25335,3
25336,3
25337,4
25338,1
25339,0
25340,1
25341,2
25342,0
25343,3
25344,2
25345,1
25346,4
25347,2
25348,0
25349,4
25350,0
25351,1
25352,2
25353,2
25354,0
25355,1
25356,4
25357,4
25358,1
25359,4
25360,0
25361,0
25362,2
25363,4
25364,2
25365,4
25366,4
25367,4
25368,1
25369,0
25370,1
25371,2
25372,3
25373,3
25374,1
25375,0
25376,0
25377,0
25378,0
25379,0
25380,1
25381,3
25382,4
25383,3
25384,2
25385,1
25386,1
25387,3
25388,0
25389,4
25390,0
25391,1
25392,1
25393,2
25394,4
25395,0
25396,0
25397,0
25398,4
25399,3
25400,0
25401,3
25402,1
25403,2
25404,3
25405,4
25406,4
25407,4
25408,3
25409,0
25410,3
25411,4
25412,0
25413,1
25414,3
25415,1
25416,1
25417,0
25418,2
25419,0
25420,2
25421,1
25422,4
25423,2
25424,0
25425,4
25426,4
25427,4
25428,0
25429,3
25430,0
25431,0
25432,4
25433,0
25434,4
25435,3
25436,2
25437,1
25438,3
25439,0
25440,0
25441,2
25442,1
25443,4
25444,4
25445,3
25446,4
25447,3
25448,0
25449,0
25450,0
25451,2
25452,2
25453,3
25454,0
25455,0
25456,2
25457,1
25458,0
25459,2
25460,1
25461,3
25462,0
25463,1
25464,4
25465,1
25466,1
25467,3
25468,4
25469,3
25470,3
25471,3
25472,3
25473,2
25474,2
25475,0
25476,1
25477,3
25478,0
25479,2
25480,2
25481,0
25482,3
25483,4
25484,3
25485,1
25486,3
25487,2
25488,1
25489,4
25490,2
25491,2
25492,3
25493,0
25494,3
25495,0
25496,4
25497,3
25498,1
25499,4
25500,2
25501,0
25502,0
25503,2
25504,1
25505,1
25506,3
25507,2
25508,0
25509,0
25510,0
25511,0
25512,1
25513,0
25514,1
25515,3
25516,3
25517,3
25518,4
25519,0
25520,0
25521,2
25522,1
25523,1
25524,3
25525,2
25526,2
25527,2
25528,2
25529,4
25530,0
25531,3
25532,4
25533,1
25534,4
25535,4
25536,2
25537,2
25538,0
25539,3
25540,1
25541,2
25542,2
25543,3
25544,2
25545,1
25546,2
25547,2
25548,0
25549,3
25550,0
25551,3
25552,0
25553,2
25554,0
25555,2
25556,3
25557,2
25558,1
25559,3
25560,0
25561,3
25562,4
25563,1
25564,2
25565,1
25566,2
25567,1
25568,4
25569,0
25570,1
25571,2
25572,2
25573,0
25574,4
25575,4
25576,3
25577,1
25578,4
25579,4
25580,1
25581,2
25582,3
25583,0
25584,0
25585,2
25586,2
25587,0
25588,1
25589,3
25590,2
25591,3
25592,2
25593,1
25594,3
25595,2
25596,2
25597,2
25598,0
25599,4
25600,0
25601,1
25602,2
25603,3
25604,0
25605,0
25606,4
25607,4
25608,0
25609,4
25610,0
25611,2
25612,1
25613,2
25614,3
25615,1
25616,0
25617,0
25618,1
25619,3
25620,3
25621,4
25622,1
25623,2
25624,2
25625,1
25626,0
25627,2
25628,4
25629,0
25630,1
25631,2
25632,1
25633,1
25634,4
25635,2
25636,0
25637,1
25638,4
25639,0
25640,1
25641,0
25642,1
25643,1
25644,3
25645,1
25646,3
25647,2
25648,2
25649,2
25650,2
25651,0
25652,1
25653,0
25654,1
25655,4
25656,1
25657,4
25658,1
25659,0
25660,3
25661,2
25662,4
25663,2
25664,1
25665,3
25666,2
25667,1
25668,1
25669,1
25670,2
25671,3
25672,2
25673,1
25674,1
25675,0
25676,3
25677,1
25678,2
25679,0
25680,3
25681,4
25682,2
25683,0
25684,2
25685,3
25686,1
25687,1
25688,2
25689,2
25690,1
25691,3
25692,4
25693,2
25694,0
25695,0
25696,1
25697,4
25698,2
25699,4
25700,0
25701,4
25702,2
25703,0
25704,0
25705,3
25706,0
25707,3
25708,0
25709,3
25710,2
25711,0
25712,1
25713,3
25714,4
25715,3
25716,4
25717,0
25718,1
25719,4
25720,4
25721,1
25722,4
25723,1
25724,4
25725,0
25726,3
25727,3
25728,0
25729,2
25730,2
25731,3
25732,4
25733,0
25734,4
25735,1
25736,4
25737,2
25738,1
25739,2
25740,2
25741,2
25742,4
25743,2
25744,3
25745,4
25746,2
25747,4
25748,3
25749,0
25750,1
25751,0
25752,0
25753,1
25754,4
25755,1
25756,0
25757,4
25758,0
25759,0
25760,1
25761,1
25762,1
25763,4
25764,2
25765,1
25766,3
25767,4
25768,0
25769,0
25770,2
25771,1
25772,2
25773,3
25774,1
25775,3
25776,0
25777,4
25778,0
25779,3
25780,4
25781,1
25782,1
25783,2
25784,0
25785,0
25786,0
25787,1
25788,1
25789,2
25790,3
25791,2
25792,0
25793,4
25794,3
25795,0
25796,2
25797,0
25798,1
25799,2
25800,4
25801,0
25802,2
25803,3
25804,3
25805,0
25806,1
25807,3
25808,1
25809,1
25810,3
25811,2
25812,2
25813,1
25814,2
25815,1
25816,3
25817,4
25818,3
25819,1
25820,2
25821,2
25822,3
25823,3
25824,3
25825,3
25826,2
25827,3
25828,1
25829,4
25830,2
25831,4
25832,2
25833,0
25834,3
25835,3
25836,0
25837,0
25838,1
25839,0
25840,1
25841,3
25842,3
25843,0
25844,4
25845,2
25846,4
25847,3
25848,0
25849,4
25850,4
25851,4
25852,0
25853,4
25854,2
25855,2
25856,1
25857,0
25858,1
25859,4
25860,2
25861,2
25862,2
25863,4
25864,2
25865,0
25866,4
25867,0
25868,0
25869,0
25870,4
25871,4
25872,2
25873,1
25874,2
25875,2
25876,2
25877,3
25878,1
25879,2
25880,2
25881,0
25882,0
25883,3
25884,0
25885,0
25886,0
25887,2
25888,0
25889,3
25890,2
25891,4
25892,0
25893,4
25894,3
25895,1
25896,4
25897,1
25898,4
25899,4
25900,0
25901,3
25902,1
25903,4
25904,0
25905,0
25906,2
25907,0
25908,0
25909,0
25910,0
25911,4
25912,0
25913,2
25914,3
25915,0
25916,4
25917,3
25918,0
25919,0
25920,1
25921,1
25922,1
25923,2
25924,0
25925,0
25926,0
25927,0
25928,0
25929,0
25930,0
25931,3
25932,3
25933,3
25934,0
25935,1
25936,0
25937,0
25938,0
25939,4
25940,4
25941,3
25942,2
25943,3
25944,0
25945,0
25946,1
25947,1
25948,0
25949,0
25950,3
25951,4
25952,3
25953,0
25954,1
25955,1
25956,1
25957,2
25958,1
25959,0
25960,1
25961,3
25962,4
25963,1
25964,4
25965,0
25966,3
25967,4
25968,3
25969,0
25970,0
25971,1
25972,1
25973,1
25974,2
25975,0
25976,1
25977,2
25978,3
25979,0
25980,4
25981,4
25982,2
25983,3
25984,3
25985,0
25986,3
25987,2
25988,3
25989,2
25990,4
25991,2
25992,3
25993,2
25994,1
25995,0
25996,3
25997,3
25998,1
25999,4
26000,2
26001,1
26002,1
26003,2
26004,0
26005,3
26006,1
26007,2
26008,3
26009,4
26010,2
26011,2
26012,4
26013,2
26014,0
26015,0
26016,4
26017,1
26018,1
26019,3
26020,1
26021,2
26022,3
26023,0
26024,1
26025,2
26026,3
26027,2
26028,1
26029,2
26030,1
26031,4
26032,1
26033,0
26034,0
26035,2
26036,3
26037,2
26038,0
26039,1
26040,0
26041,4
26042,3
26043,2
26044,4
26045,2
26046,1
26047,1
26048,1
26049,0
26050,1
26051,2
26052,1
26053,3
26054,1
26055,1
26056,2
26057,3
26058,1
26059,1
26060,4
26061,1
26062,0
26063,4
26064,2
26065,3
26066,1
26067,0
26068,1
26069,2
26070,0
26071,0
26072,3
26073,2
26074,2
26075,2
26076,1
26077,3
26078,4
26079,0
26080,4
26081,1
26082,3
26083,1
26084,1
26085,3
26086,3
26087,0
26088,0
26089,2
26090,3
26091,3
26092,2
26093,4
26094,0
26095,3
26096,1
26097,3
26098,2
26099,1
26100,0
26101,3
26102,1
26103,0
26104,1
26105,1
26106,3
26107,4
26108,1
26109,2
26110,4
26111,4
26112,2
26113,3
26114,0
26115,2
26116,2
26117,1
26118,2
26119,1
26120,0
26121,1
26122,2
26123,0
26124,4
26125,1
26126,3
26127,1
26128,1
26129,2
26130,3
26131,1
26132,3
26133,4
26134,1
26135,0
26136,2
26137,2
26138,2
26139,0
26140,0
26141,1
26142,2
26143,0
26144,0
26145,3
26146,4
26147,3
26148,4
26149,1
26150,3
26151,4
26152,1
26153,1
26154,2
26155,4
26156,4
26157,0
26158,0
26159,1
26160,0
26161,1
26162,0
26163,1
26164,1
26165,2
26166,3
26167,2
26168,3
26169,2
26170,0
26171,2
26172,2
26173,4
26174,0
26175,3
26176,2
26177,2
26178,2
26179,2
26180,2
26181,1
26182,1
26183,0
26184,4
26185,1
26186,3
26187,3
26188,4
26189,0
26190,0
26191,1
26192,2
26193,1
26194,1
26195,2
26196,2
26197,0
26198,0
26199,2
26200,2
26201,0
26202,1
26203,2
26204,4
26205,1
26206,0
26207,2
26208,4
26209,2
26210,0
26211,1
26212,2
26213,0
26214,4
26215,2
26216,3
26217,0
26218,1
26219,3
26220,4
26221,0
26222,1
26223,3
26224,0
26225,3
26226,1
26227,2
26228,4
26229,2
26230,1
26231,1
26232,3
26233,1
26234,0
26235,0
26236,0
26237,3
26238,1
26239,3
26240,2
26241,0
26242,0
26243,0
26244,2
26245,0
26246,3
26247,3
26248,1
26249,1
26250,0
26251,0
26252,4
26253,1
26254,4
26255,1
26256,3
26257,2
26258,4
26259,0
26260,1
26261,0
26262,2
26263,4
26264,1
26265,3
26266,1
26267,0
26268,1
26269,1
26270,1
26271,0
26272,4
26273,3
26274,3
26275,1
26276,1
26277,1
26278,1
26279,2
26280,0
26281,1
26282,4
26283,1
26284,0
26285,1
26286,0
26287,3
26288,2
26289,1
26290,1
26291,3
26292,4
26293,0
26294,0
26295,1
26296,0
26297,0
26298,1
26299,3
26300,1
26301,4
26302,2
26303,3
26304,0
26305,3
26306,4
26307,4
26308,0
26309,3
26310,2
26311,1
26312,3
26313,1
26314,1
26315,3
26316,1
26317,3
26318,3
26319,3
26320,2
26321,3
26322,2
26323,0
26324,2
26325,1
26326,3
26327,2
26328,3
26329,4
26330,4
26331,1
26332,4
26333,3
26334,4
26335,3
26336,0
26337,0
26338,2
26339,4
26340,2
26341,1
26342,0
26343,0
26344,0
26345,3
26346,1
26347,0
26348,3
26349,1
26350,0
26351,1
26352,1
26353,0
26354,2
26355,0
26356,0
26357,3
26358,4
26359,4
26360,1
26361,1
26362,2
26363,2
26364,1
26365,0
26366,4
26367,0
26368,0
26369,1
26370,0
26371,4
26372,3
26373,3
26374,1
26375,1
26376,4
26377,3
26378,4
26379,0
26380,4
26381,3
26382,3
26383,0
26384,3
26385,1
26386,3
26387,1
26388,2
26389,3
26390,2
26391,1
26392,1
26393,0
26394,1
26395,0
26396,1
26397,3
26398,3
26399,4
26400,1
26401,0
26402,3
26403,2
26404,2
26405,2
26406,4
26407,0
26408,3
26409,2
26410,2
26411,4
26412,3
26413,2
26414,0
26415,4
26416,1
26417,4
26418,0
26419,0
26420,3
26421,1
26422,1
26423,3
26424,0
26425,0
26426,1
26427,3
26428,0
26429,2
26430,0
26431,1
26432,3
26433,2
26434,4
26435,3
26436,4
26437,2
26438,2
26439,1
26440,1
26441,1
26442,4
26443,4
26444,3
26445,1
26446,2
26447,3
26448,0
26449,3
26450,0
26451,1
26452,0
26453,3
26454,3
26455,3
26456,3
26457,2
26458,2
26459,1
26460,4
26461,3
26462,3
26463,3
26464,3
26465,0
26466,0
26467,0
26468,0
26469,4
26470,1
26471,4
26472,4
26473,0
26474,1
26475,0
26476,2
26477,1
26478,3
26479,4
26480,2
26481,0
26482,0
26483,2
26484,0
26485,1
26486,1
26487,2
26488,0
26489,0
26490,0
26491,1
26492,2
26493,0
26494,0
26495,3
26496,3
26497,4
26498,3
26499,0
26500,2
26501,2
26502,2
26503,1
26504,1
26505,0
26506,0
26507,4
26508,4
26509,0
26510,1
26511,2
26512,4
26513,3
26514,0
26515,2
26516,2
26517,1
26518,4
26519,3
26520,3
26521,4
26522,4
26523,4
26524,3
26525,2
26526,3
26527,4
26528,0
26529,2
26530,0
26531,3
26532,3
26533,0
26534,0
26535,0
26536,0
26537,2
26538,0
26539,4
26540,0
26541,1
26542,2
26543,3
26544,0
26545,1
26546,2
26547,1
26548,3
26549,4
26550,0
26551,0
26552,3
26553,2
26554,0
26555,1
26556,0
26557,4
26558,2
26559,2
26560,0
26561,0
26562,1
26563,3
26564,1
26565,1
26566,0
26567,3
26568,3
26569,1
26570,0
26571,3
26572,1
26573,3
26574,0
26575,3
26576,0
26577,2
26578,2
26579,2
26580,4
26581,0
26582,4
26583,0
26584,4
26585,3
26586,1
26587,2
26588,4
26589,4
26590,2
26591,2
26592,1
26593,3
26594,2
26595,1
26596,0
26597,0
26598,0
26599,2
26600,1
26601,1
26602,4
26603,3
26604,1
26605,2
26606,2
26607,2
26608,1
26609,4
26610,4
26611,3
26612,2
26613,3
26614,1
26615,1
26616,3
26617,2
26618,0
26619,1
26620,4
26621,2
26622,2
26623,4
26624,3
26625,4
26626,2
26627,2
26628,4
26629,1
26630,1
26631,1
26632,1
26633,1
26634,0
26635,3
26636,3
26637,2
26638,2
26639,4
26640,2
26641,1
26642,0
26643,0
26644,0
26645,1
26646,4
26647,2
26648,4
26649,2
26650,0
26651,2
26652,0
26653,3
26654,4
26655,4
26656,1
26657,2
26658,2
26659,2
26660,1
26661,4
26662,2
26663,0
26664,0
26665,1
26666,1
26667,1
26668,2
26669,4
26670,0
26671,3
26672,3
26673,3
26674,3
26675,4
26676,1
26677,4
26678,2
26679,0
26680,2
26681,1
26682,0
26683,1
26684,3
26685,4
26686,2
26687,2
26688,1
26689,0
26690,4
26691,2
26692,3
26693,1
26694,1
26695,2
26696,0
26697,0
26698,4
26699,2
26700,2
26701,3
26702,4
26703,3
26704,0
26705,2
26706,0
26707,1
26708,1
26709,3
26710,4
26711,4
26712,2
26713,0
26714,2
26715,4
26716,0
26717,3
26718,2
26719,3
26720,2
26721,1
26722,3
26723,2
26724,4
26725,1
26726,2
26727,2
26728,4
26729,4
26730,2
26731,4
26732,0
26733,0
26734,1
26735,2
26736,2
26737,3
26738,2
26739,3
26740,4
26741,3
26742,0
26743,4
26744,0
26745,3
26746,3
26747,2
26748,0
26749,1
26750,4
26751,4
26752,0
26753,2
26754,4
26755,3
26756,3
26757,2
26758,4
26759,0
26760,2
26761,0
26762,0
26763,0
26764,4
26765,4
26766,3
26767,1
26768,2
26769,4
26770,1
26771,1
26772,4
26773,1
26774,1
26775,2
26776,2
26777,4
26778,0
26779,0
26780,4
26781,2
26782,2
26783,0
26784,4
26785,0
26786,4
26787,2
26788,2
26789,3
26790,0
26791,3
26792,3
26793,2
26794,2
26795,2
26796,4
26797,0
26798,3
26799,3
26800,2
26801,1
26802,2
26803,2
26804,0
26805,4
26806,0
26807,3
26808,2
26809,1
26810,3
26811,4
26812,4
26813,2
26814,3
26815,2
26816,4
26817,0
26818,2
26819,1
26820,0
26821,2
26822,0
26823,4
26824,1
26825,3
26826,3
26827,2
26828,3
26829,3
26830,1
26831,1
26832,3
26833,1
26834,2
26835,3
26836,0
26837,4
26838,2
26839,3
26840,2
26841,1
26842,3
26843,1
26844,0
26845,1
26846,2
26847,3
26848,1
26849,0
26850,3
26851,2
26852,0
26853,0
26854,1
26855,0
26856,3
26857,0
26858,2
26859,3
26860,3
26861,0
26862,0
26863,0
26864,1
26865,1
26866,1
26867,4
26868,1
26869,2
26870,3
26871,1
26872,3
26873,3
26874,3
26875,3
26876,1
26877,3
26878,4
26879,3
26880,3
26881,3
26882,2
26883,3
26884,2
26885,3
26886,1
26887,4
26888,3
26889,3
26890,1
26891,1
26892,1
26893,3
26894,1
26895,3
26896,1
26897,2
26898,0
26899,3
26900,1
26901,3
26902,0
26903,2
26904,3
26905,1
26906,1
26907,0
26908,3
26909,0
26910,0
26911,2
26912,3
26913,4
26914,3
26915,1
26916,1
26917,2
26918,1
26919,1
26920,0
26921,3
26922,1
26923,4
26924,3
26925,4
26926,4
26927,2
26928,0
26929,1
26930,1
26931,0
26932,4
26933,0
26934,2
26935,4
26936,1
26937,1
26938,1
26939,1
26940,2
26941,3
26942,4
26943,4
26944,0
26945,1
26946,2
26947,1
26948,1
26949,0
26950,1
26951,1
26952,4
26953,2
26954,2
26955,4
26956,3
26957,3
26958,0
26959,2
26960,1
26961,0
26962,1
26963,3
26964,0
26965,0
26966,2
26967,2
26968,2
26969,2
26970,2
26971,4
26972,2
26973,3
26974,0
26975,2
26976,4
26977,3
26978,0
26979,3
26980,1
26981,2
26982,1
26983,3
26984,0
26985,3
26986,4
26987,2
26988,3
26989,1
26990,2
26991,1
26992,3
26993,3
26994,2
26995,4
26996,1
26997,1
26998,4
26999,4
27000,4
27001,2
27002,2
27003,0
27004,0
27005,1
27006,3
27007,4
27008,4
27009,0
27010,3
27011,4
27012,0
27013,2
27014,3
27015,0
27016,3
27017,0
27018,4
27019,3
27020,3
27021,0
27022,3
27023,1
27024,4
27025,1
27026,1
27027,4
27028,1
27029,2
27030,0
27031,4
27032,3
27033,0
27034,4
27035,2
27036,1
27037,3
27038,1
27039,2
27040,2
27041,2
27042,1
27043,0
27044,1
27045,1
27046,0
27047,2
27048,0
27049,1
27050,2
27051,2
27052,3
27053,0
27054,3
27055,2
27056,2
27057,0
27058,2
27059,2
27060,3
27061,1
27062,0
27063,1
27064,3
27065,1
27066,2
27067,4
27068,4
27069,3
27070,4
27071,0
27072,3
27073,0
27074,1
27075,3
27076,0
27077,3
27078,1
27079,0
27080,0
27081,2
27082,0
27083,4
27084,3
27085,1
27086,4
27087,4
27088,3
27089,4
27090,1
27091,1
27092,3
27093,0
27094,4
27095,0
27096,2
27097,4
27098,3
27099,0
27100,0
27101,4
27102,2
27103,4
27104,1
27105,4
27106,3
27107,2
27108,4
27109,4
27110,2
27111,1
27112,3
27113,0
27114,1
27115,2
27116,0
27117,4
27118,3
27119,2
27120,1
27121,1
27122,0
27123,3
27124,1
27125,0
27126,4
27127,2
27128,1
27129,4
27130,0
27131,3
27132,2
27133,3
27134,4
27135,2
27136,2
27137,3
27138,4
27139,0
27140,3
27141,1
27142,3
27143,0
27144,3
27145,0
27146,0
27147,0
27148,2
27149,0
27150,0
27151,1
27152,3
27153,3
27154,0
27155,2
27156,0
27157,2
27158,0
27159,2
27160,3
27161,2
27162,0
27163,2
27164,0
27165,1
27166,0
27167,0
27168,0
27169,4
27170,1
27171,1
27172,0
27173,3
27174,3
27175,3
27176,4
27177,1
27178,4
27179,3
27180,3
27181,1
27182,2
27183,4
27184,0
27185,2
27186,0
27187,3
27188,2
27189,3
27190,1
27191,2
27192,2
27193,4
27194,0
27195,0
27196,1
27197,3
27198,3
27199,0
27200,1
27201,2
27202,3
27203,4
27204,0
27205,0
27206,3
27207,1
27208,3
27209,3
27210,3
27211,3
27212,3
27213,2
27214,1
27215,2
27216,3
27217,3
27218,0
27219,3
27220,3
27221,2
27222,2
27223,3
27224,3
27225,0
27226,1
27227,2
27228,1
27229,3
27230,4
27231,1
27232,2
27233,3
27234,0
27235,4
27236,4
27237,4
27238,3
27239,1
27240,3
27241,1
27242,0
27243,3
27244,3
27245,1
27246,0
27247,3
27248,4
27249,4
27250,2
27251,4
27252,3
27253,2
27254,1
27255,0
27256,4
27257,2
27258,4
27259,3
27260,0
27261,4
27262,3
27263,4
27264,4
27265,2
27266,0
27267,2
27268,2
27269,0
27270,4
27271,2
27272,4
27273,0
27274,1
27275,2
27276,0
27277,3
27278,3
27279,2
27280,1
27281,2
27282,1
27283,3
27284,3
27285,0
27286,2
27287,0
27288,2
27289,3
27290,1
27291,4
27292,1
27293,3
27294,3
27295,0
27296,4
27297,3
27298,0
27299,0
27300,3
27301,3
27302,0
27303,4
27304,0
27305,2
27306,1
27307,0
27308,3
27309,0
27310,3
27311,0
27312,1
27313,0
27314,0
27315,0
27316,2
27317,1
27318,3
27319,1
27320,1
27321,1
27322,0
27323,1
27324,0
27325,2
27326,3
27327,2
27328,0
27329,2
27330,3
27331,3
27332,1
27333,1
27334,3
27335,2
27336,2
27337,1
27338,2
27339,3
27340,3
27341,1
27342,0
27343,2
27344,0
27345,1
27346,4
27347,1
27348,1
27349,0
27350,4
27351,3
27352,4
27353,1
27354,2
27355,0
27356,0
27357,2
27358,2
27359,3
27360,2
27361,4
27362,2
27363,0
27364,2
27365,1
27366,1
27367,0
27368,1
27369,3
27370,1
27371,3
27372,4
27373,2
27374,1
27375,2
27376,0
27377,3
27378,3
27379,1
27380,2
27381,3
27382,1
27383,0
27384,0
27385,2
27386,1
27387,2
27388,3
27389,2
27390,1
27391,3
27392,1
27393,1
27394,1
27395,3
27396,0
27397,4
27398,2
27399,1
27400,4
27401,4
27402,2
27403,1
27404,4
27405,1
27406,3
27407,1
27408,3
27409,4
27410,4
27411,0
27412,0
27413,3
27414,0
27415,0
27416,1
27417,4
27418,1
27419,1
27420,1
27421,4
27422,2
27423,1
27424,0
27425,3
27426,3
27427,2
27428,2
27429,0
27430,0
27431,4
27432,3
27433,2
27434,2
27435,3
27436,2
27437,2
27438,0
27439,3
27440,3
27441,3
27442,0
27443,0
27444,1
27445,2
27446,2
27447,4
27448,3
27449,3
27450,4
27451,3
27452,1
27453,3
27454,0
27455,3
27456,0
27457,3
27458,4
27459,3
27460,0
27461,1
27462,2
27463,3
27464,4
27465,0
27466,1
27467,1
27468,1
27469,3
27470,1
27471,4
27472,0
27473,4
27474,2
27475,3
27476,3
27477,1
27478,0
27479,2
27480,2
27481,3
27482,1
27483,2
27484,0
27485,3
27486,0
27487,2
27488,2
27489,1
27490,2
27491,1
27492,4
27493,4
27494,1
27495,0
27496,1
27497,4
27498,1
27499,4
27500,3
27501,2
27502,3
27503,0
27504,0
27505,0
27506,1
27507,2
27508,1
27509,1
27510,2
27511,2
27512,1
27513,1
27514,2
27515,0
27516,2
27517,2
27518,3
27519,2
27520,1
27521,3
27522,3
27523,0
27524,0
27525,2
27526,3
27527,4
27528,1
27529,0
27530,1
27531,0
27532,3
27533,0
27534,0
27535,3
27536,3
27537,1
27538,0
27539,1
27540,0
27541,3
27542,3
27543,3
27544,3
27545,1
27546,1
27547,0
27548,0
27549,3
27550,2
27551,3
27552,4
27553,1
27554,4
27555,0
27556,3
27557,4
27558,1
27559,4
27560,3
27561,0
27562,3
27563,0
27564,3
27565,2
27566,0
27567,0
27568,1
27569,0
27570,4
27571,3
27572,4
27573,3
27574,0
27575,0
27576,3
27577,3
27578,0
27579,1
27580,0
27581,0
27582,1
27583,2
27584,3
27585,1
27586,4
27587,4
27588,4
27589,0
27590,3
27591,3
27592,1
27593,2
27594,2
27595,3
27596,0
27597,1
27598,2
27599,2
27600,0
27601,1
27602,2
27603,1
27604,3
27605,3
27606,2
27607,4
27608,0
27609,1
27610,1
27611,3
27612,2
27613,3
27614,1
27615,2
27616,3
27617,3
27618,0
27619,0
27620,2
27621,1
27622,4
27623,0
27624,0
27625,2
27626,4
27627,1
27628,3
27629,2
27630,3
27631,2
27632,3
27633,4
27634,0
27635,2
27636,0
27637,4
27638,0
27639,4
27640,3
27641,0
27642,0
27643,2
27644,1
27645,0
27646,3
27647,3
27648,1
27649,1
27650,2
27651,3
27652,0
27653,3
27654,2
27655,3
27656,4
27657,1
27658,1
27659,2
27660,3
27661,3
27662,3
27663,4
27664,4
27665,4
27666,2
27667,0
27668,2
27669,1
27670,0
27671,3
27672,2
27673,4
27674,2
27675,3
27676,4
27677,1
27678,4
27679,2
27680,4
27681,1
27682,2
27683,1
27684,4
27685,2
27686,0
27687,3
27688,4
27689,2
27690,4
27691,2
27692,1
27693,4
27694,0
27695,1
27696,2
27697,0
27698,3
27699,4
27700,4
27701,0
27702,2
27703,3
27704,2
27705,2
27706,0
27707,1
27708,0
27709,0
27710,0
27711,2
27712,2
27713,1
27714,3
27715,4
27716,0
27717,2
27718,1
27719,0
27720,3
27721,1
27722,1
27723,2
27724,1
27725,2
27726,3
27727,3
27728,1
27729,3
27730,0
27731,2
27732,1
27733,2
27734,3
27735,2
27736,0
27737,3
27738,3
27739,0
27740,4
27741,2
27742,1
27743,3
27744,1
27745,3
27746,1
27747,1
27748,4
27749,4
27750,4
27751,1
27752,2
27753,2
27754,4
27755,0
27756,1
27757,4
27758,1
27759,0
27760,2
27761,1
27762,1
27763,3
27764,1
27765,0
27766,3
27767,2
27768,3
27769,1
27770,2
27771,3
27772,0
27773,4
27774,3
27775,1
27776,1
27777,3
27778,1
27779,3
27780,3
27781,2
27782,2
27783,1
27784,1
27785,0
27786,0
27787,2
27788,2
27789,0
27790,1
27791,4
27792,2
27793,3
27794,2
27795,1
27796,0
27797,3
27798,1
27799,4
27800,2
27801,0
27802,2
27803,3
27804,0
27805,3
27806,1
27807,2
27808,2
27809,3
27810,1
27811,4
27812,0
27813,1
27814,1
27815,0
27816,1
27817,4
27818,4
27819,2
27820,4
27821,3
27822,4
27823,3
27824,1
27825,3
27826,2
27827,3
27828,0
27829,2
27830,0
27831,2
27832,0
27833,0
27834,3
27835,0
27836,2
27837,0
27838,1
27839,1
27840,0
27841,2
27842,3
27843,2
27844,3
27845,1
27846,3
27847,3
27848,1
27849,0
27850,4
27851,2
27852,2
27853,1
27854,1
27855,0
27856,2
27857,0
27858,2
27859,1
27860,1
27861,0
27862,2
27863,1
27864,4
27865,4
27866,4
27867,1
27868,2
27869,2
27870,3
27871,2
27872,3
27873,1
27874,2
27875,4
27876,0
27877,1
27878,3
27879,2
27880,0
27881,3
27882,0
27883,1
27884,4
27885,4
27886,2
27887,2
27888,2
27889,1
27890,2
27891,4
27892,0
27893,2
27894,0
27895,2
27896,3
27897,1
27898,4
27899,0
27900,3
27901,3
27902,1
27903,3
27904,1
27905,0
27906,2
27907,1
27908,2
27909,0
27910,4
27911,0
27912,2
27913,4
27914,2
27915,1
27916,3
27917,0
27918,3
27919,3
27920,1
27921,1
27922,0
27923,1
27924,3
27925,2
27926,0
27927,3
27928,3
27929,4
27930,3
27931,0
27932,2
27933,3
27934,1
27935,1
27936,1
27937,3
27938,4
27939,3
27940,1
27941,0
27942,4
27943,1
27944,2
27945,2
27946,4
27947,3
27948,4
27949,0
27950,0
27951,3
27952,1
27953,2
27954,4
27955,4
27956,2
27957,4
27958,0
27959,0
27960,0
27961,0
27962,0
27963,2
27964,3
27965,3
27966,0
27967,0
27968,4
27969,4
27970,0
27971,3
27972,3
27973,1
27974,2
27975,2
27976,1
27977,0
27978,4
27979,3
27980,0
27981,3
27982,1
27983,3
27984,2
27985,1
27986,2
27987,1
27988,2
27989,0
27990,2
27991,3
27992,0
27993,4
27994,0
27995,4
27996,3
27997,3
27998,4
27999,3
28000,0
28001,2
28002,0
28003,3
28004,1
28005,0
28006,0
28007,1
28008,4
28009,4
28010,2
28011,3
28012,3
28013,3
28014,4
28015,2
28016,4
28017,2
28018,0
28019,2
28020,1
28021,4
28022,1
28023,2
28024,4
28025,4
28026,1
28027,3
28028,3
28029,0
28030,2
28031,3
28032,2
28033,1
28034,2
28035,0
28036,4
28037,3
28038,3
28039,0
28040,3
28041,3
28042,3
28043,0
28044,3
28045,3
28046,0
28047,2
28048,4
28049,2
28050,4
28051,0
28052,4
28053,2
28054,2
28055,4
28056,0
28057,4
28058,0
28059,1
28060,0
28061,2
28062,0
28063,2
28064,1
28065,3
28066,0
28067,3
28068,0
28069,1
28070,0
28071,1
28072,2
28073,2
28074,4
28075,4
28076,0
28077,0
28078,1
28079,2
28080,0
28081,2
28082,0
28083,4
28084,0
28085,1
28086,0
28087,2
28088,1
28089,0
28090,4
28091,0
28092,1
28093,4
28094,3
28095,1
28096,2
28097,1
28098,2
28099,4
28100,1
28101,3
28102,2
28103,2
28104,2
28105,0
28106,2
28107,2
28108,3
28109,2
28110,0
28111,3
28112,4
28113,0
28114,2
28115,2
28116,2
28117,0
28118,3
28119,1
28120,0
28121,1
28122,4
28123,4
28124,0
28125,2
28126,2
28127,4
28128,0
28129,2
28130,3
28131,3
28132,2
28133,3
28134,2
28135,3
28136,3
28137,1
28138,0
28139,1
28140,1
28141,2
28142,0
28143,3
28144,1
28145,1
28146,4
28147,1
28148,3
28149,3
28150,1
28151,2
28152,2
28153,1
28154,4
28155,4
28156,1
28157,1
28158,0
28159,3
28160,0
28161,1
28162,4
28163,1
28164,3
28165,3
28166,2
28167,0
28168,0
28169,2
28170,2
28171,2
28172,3
28173,1
28174,3
28175,1
28176,1
28177,4
28178,0
28179,4
28180,3
28181,2
28182,2
28183,4
28184,2
28185,3
28186,3
28187,4
28188,2
28189,3
28190,2
28191,2
28192,4
28193,2
28194,3
28195,3
28196,0
28197,1
28198,3
28199,2
28200,4
28201,1
28202,2
28203,4
28204,2
28205,2
28206,0
28207,1
28208,3
28209,2
28210,0
28211,2
28212,4
28213,3
28214,1
28215,1
28216,4
28217,1
28218,2
28219,2
28220,2
28221,2
28222,4
28223,1
28224,0
28225,3
28226,3
28227,2
28228,3
28229,2
28230,0
28231,1
28232,4
28233,3
28234,2
28235,0
28236,3
28237,0
28238,2
28239,0
28240,0
28241,1
28242,0
28243,2
28244,0
28245,1
28246,4
28247,0
28248,4
28249,4
28250,2
28251,3
28252,1
28253,4
28254,0
28255,1
28256,4
28257,4
28258,0
28259,0
28260,2
28261,2
28262,4
28263,3
28264,2
28265,2
28266,2
28267,0
28268,3
28269,0
28270,2
28271,4
28272,4
28273,3
28274,0
28275,2
28276,4
28277,2
28278,0
28279,2
28280,2
28281,0
28282,4
28283,0
28284,0
28285,4
28286,3
28287,3
28288,1
28289,3
28290,1
28291,3
28292,0
28293,4
28294,1
28295,3
28296,0
28297,4
28298,0
28299,0
28300,2
28301,3
28302,3
28303,2
28304,3
28305,2
28306,2
28307,2
28308,2
28309,0
28310,3
28311,2
28312,1
28313,4
28314,2
28315,4
28316,1
28317,4
28318,2
28319,1
28320,2
28321,4
28322,0
28323,2
28324,4
28325,0
28326,1
28327,2
28328,3
28329,3
28330,3
28331,0
28332,0
28333,0
28334,1
28335,2
28336,1
28337,3
28338,4
28339,2
28340,2
28341,1
28342,0
28343,4
28344,4
28345,0
28346,2
28347,1
28348,1
28349,4
28350,0
28351,0
28352,4
28353,1
28354,2
28355,2
28356,2
28357,2
28358,0
28359,4
28360,2
28361,0
28362,1
28363,3
28364,0
28365,1
28366,3
28367,1
28368,4
28369,3
28370,1
28371,1
28372,0
28373,0
28374,0
28375,0
28376,0
28377,3
28378,4
28379,4
28380,0
28381,1
28382,0
28383,2
28384,2
28385,0
28386,4
28387,0
28388,4
28389,0
28390,3
28391,1
28392,2
28393,4
28394,0
28395,4
28396,0
28397,4
28398,4
28399,2
28400,2
28401,1
28402,3
28403,4
28404,0
28405,0
28406,1
28407,3
28408,0
28409,1
28410,3
28411,3
28412,2
28413,0
28414,2
28415,1
28416,2
28417,0
28418,3
28419,0
28420,3
28421,1
28422,2
28423,2
28424,1
28425,3
28426,1
28427,2
28428,0
28429,0
28430,2
28431,3
28432,1
28433,3
28434,3
28435,3
28436,1
28437,1
28438,0
28439,0
28440,0
28441,1
28442,2
28443,1
28444,2
28445,1
28446,0
28447,4
28448,1
28449,0
28450,3
28451,2
28452,3
28453,0
28454,1
28455,0
28456,4
28457,1
28458,4
28459,2
28460,2
28461,4
28462,1
28463,0
28464,4
28465,2
28466,3
28467,2
28468,2
28469,1
28470,0
28471,1
28472,1
28473,3
28474,1
28475,0
28476,1
28477,4
28478,4
28479,3
28480,3
28481,4
28482,1
28483,0
28484,2
28485,3
28486,4
28487,2
28488,3
28489,1
28490,2
28491,3
28492,4
28493,0
28494,0
28495,1
28496,4
28497,1
28498,3
28499,0
28500,1
28501,1
28502,0
28503,0
28504,3
28505,0
28506,1
28507,1
28508,1
28509,0
28510,2
28511,1
28512,0
28513,3
28514,3
28515,3
28516,3
28517,3
28518,1
28519,2
28520,2
28521,1
28522,2
28523,4
28524,2
28525,1
28526,0
28527,1
28528,4
28529,4
28530,0
28531,3
28532,0
28533,2
28534,3
28535,2
28536,2
28537,1
28538,4
28539,4
28540,1
28541,1
28542,3
28543,4
28544,4
28545,0
28546,0
28547,0
28548,0
28549,4
28550,4
28551,0
28552,2
28553,3
28554,3
28555,4
28556,1
28557,2
28558,4
28559,2
28560,1
28561,4
28562,4
28563,0
28564,3
28565,1
28566,1
28567,3
28568,1
28569,0
28570,3
28571,4
28572,3
28573,1
28574,3
28575,1
28576,4
28577,2
28578,1
28579,1
28580,2
28581,1
28582,0
28583,3
28584,2
28585,4
28586,2
28587,1
28588,2
28589,0
28590,2
28591,4
28592,1
28593,2
28594,4
28595,0
28596,0
28597,2
28598,2
28599,2
28600,1
28601,3
28602,2
28603,1
28604,1
28605,0
28606,1
28607,3
28608,4
28609,4
28610,3
28611,0
28612,1
28613,1
28614,3
28615,4
28616,1
28617,0
28618,3
28619,4
28620,2
28621,0
28622,2
28623,2
28624,2
28625,4
28626,1
28627,1
28628,0
28629,2
28630,1
28631,1
28632,4
28633,0
28634,4
28635,2
28636,1
28637,0
28638,3
28639,1
28640,2
28641,2
28642,2
28643,2
28644,0
28645,3
28646,0
28647,4
28648,0
28649,1
28650,0
28651,3
28652,1
28653,3
28654,0
28655,0
28656,0
28657,3
28658,2
28659,2
28660,2
28661,3
28662,1
28663,3
28664,4
28665,1
28666,0
28667,0
28668,3
28669,0
28670,2
28671,4
28672,0
28673,0
28674,3
28675,4
28676,1
28677,1
28678,4
28679,2
28680,2
28681,3
28682,1
28683,3
28684,0
28685,4
28686,3
28687,0
28688,0
28689,0
28690,1
28691,2
28692,4
28693,1
28694,3
28695,1
28696,1
28697,4
28698,1
28699,2
28700,1
28701,1
28702,2
28703,0
28704,1
28705,3
28706,2
28707,1
28708,4
28709,2
28710,3
28711,2
28712,0
28713,1
28714,0
28715,0
28716,1
28717,2
28718,3
28719,1
28720,0
28721,3
28722,0
28723,4
28724,2
28725,0
28726,1
28727,0
28728,1
28729,0
28730,1
28731,1
28732,4
28733,0
28734,1
28735,0
28736,0
28737,1
28738,2
28739,0
28740,3
28741,0
28742,2
28743,3
28744,0
28745,3
28746,1
28747,3
28748,4
28749,4
28750,1
28751,4
28752,1
28753,4
28754,3
28755,2
28756,3
28757,3
28758,1
28759,2
28760,3
28761,1
28762,0
28763,2
28764,2
28765,2
28766,1
28767,4
28768,2
28769,3
28770,1
28771,3
28772,0
28773,0
28774,0
28775,3
28776,3
28777,1
28778,1
28779,0
28780,3
28781,0
28782,2
28783,1
28784,4
28785,0
28786,2
28787,4
28788,1
28789,1
28790,1
28791,1
28792,1
28793,3
28794,4
28795,2
28796,4
28797,3
28798,3
28799,0
28800,4
28801,3
28802,1
28803,4
28804,1
28805,3
28806,4
28807,1
28808,4
28809,2
28810,1
28811,2
28812,1
28813,0
28814,3
28815,1
28816,2
28817,0
28818,1
28819,3
28820,2
28821,0
28822,0
28823,1
28824,4
28825,4
28826,2
28827,1
28828,2
28829,0
28830,1
28831,4
28832,4
28833,1
28834,2
28835,2
28836,0
28837,1
28838,0
28839,1
28840,0
28841,0
28842,0
28843,3
28844,0
28845,2
28846,2
28847,2
28848,1
28849,1
28850,2
28851,1
28852,1
28853,4
28854,0
28855,3
28856,1
28857,3
28858,2
28859,1
28860,3
28861,0
28862,1
28863,2
28864,2
28865,2
28866,4
28867,2
28868,1
28869,3
28870,0
28871,0
28872,2
28873,1
28874,2
28875,4
28876,3
28877,2
28878,2
28879,3
28880,1
28881,1
28882,0
28883,1
28884,0
28885,2
28886,1
28887,4
28888,3
28889,0
28890,4
28891,4
28892,1
28893,1
28894,0
28895,4
28896,4
28897,1
28898,4
28899,4
28900,0
28901,3
28902,3
28903,0
28904,4
28905,2
28906,3
28907,1
28908,4
28909,2
28910,2
28911,1
28912,4
28913,2
28914,4
28915,3
28916,4
28917,2
28918,4
28919,4
28920,0
28921,1
28922,4
28923,0
28924,1
28925,3
28926,2
28927,2
28928,3
28929,2
28930,1
28931,0
28932,1
28933,3
28934,0
28935,3
28936,0
28937,2
28938,2
28939,2
28940,1
28941,2
28942,4
28943,3
28944,3
28945,1
28946,3
28947,1
28948,4
28949,2
28950,3
28951,1
28952,3
28953,0
28954,1
28955,0
28956,1
28957,4
28958,3
28959,4
28960,4
28961,1
28962,4
28963,3
28964,2
28965,3
28966,2
28967,2
28968,1
28969,4
28970,1
28971,4
28972,2
28973,0
28974,3
28975,0
28976,1
28977,1
28978,3
28979,1
28980,4
28981,1
28982,0
28983,0
28984,2
28985,2
28986,1
28987,0
28988,1
28989,2
28990,1
28991,3
28992,3
28993,2
28994,1
28995,3
28996,4
28997,1
28998,0
28999,0
29000,1
29001,4
29002,1
29003,4
29004,0
29005,3
29006,0
29007,2
29008,2
29009,0
29010,1
29011,3
29012,2
29013,3
29014,0
29015,3
29016,2
29017,2
29018,4
29019,1
29020,1
29021,3
29022,1
29023,1
29024,2
29025,2
29026,3
29027,2
29028,1
29029,0
29030,0
29031,2
29032,2
29033,2
29034,4
29035,4
29036,0
29037,3
29038,4
29039,3
29040,1
29041,3
29042,2
29043,0
29044,3
29045,2
29046,2
29047,3
29048,4
29049,4
29050,2
29051,1
29052,3
29053,2
29054,4
29055,0
29056,3
29057,2
29058,1
29059,0
29060,2
29061,0
29062,1
29063,0
29064,4
29065,2
29066,2
29067,3
29068,2
29069,1
29070,2
29071,1
29072,2
29073,0
29074,1
29075,0
29076,1
29077,3
29078,0
29079,1
29080,0
29081,2
29082,0
29083,2
29084,3
29085,3
29086,3
29087,2
29088,3
29089,0
29090,1
29091,3
29092,2
29093,2
29094,2
29095,4
29096,2
29097,0
29098,0
29099,3
29100,3
29101,4
29102,0
29103,4
29104,4
29105,0
29106,0
29107,1
29108,2
29109,4
29110,1
29111,4
29112,2
29113,1
29114,3
29115,2
29116,1
29117,3
29118,2
29119,4
29120,3
29121,2
29122,0
29123,3
29124,1
29125,3
29126,0
29127,0
29128,4
29129,1
29130,0
29131,3
29132,1
29133,2
29134,1
29135,3
29136,1
29137,0
29138,1
29139,2
29140,0
29141,3
29142,2
29143,0
29144,3
29145,1
29146,4
29147,2
29148,4
29149,2
29150,4
29151,1
29152,0
29153,2
29154,0
29155,1
29156,1
29157,2
29158,2
29159,4
29160,2
29161,1
29162,0
29163,2
29164,2
29165,4
29166,1
29167,1
29168,3
29169,2
29170,2
29171,0
29172,4
29173,2
29174,3
29175,0
29176,4
29177,0
29178,0
29179,2
29180,1
29181,1
29182,1
29183,3
29184,0
29185,0
29186,1
29187,2
29188,2
29189,2
29190,1
29191,2
29192,1
29193,3
29194,0
29195,2
29196,2
29197,4
29198,4
29199,0
29200,4
29201,1
29202,2
29203,4
29204,1
29205,2
29206,1
29207,1
29208,3
29209,2
29210,2
29211,2
29212,1
29213,1
29214,0
29215,0
29216,2
29217,2
29218,1
29219,2
29220,3
29221,3
29222,1
29223,3
29224,2
29225,0
29226,1
29227,1
29228,2
29229,2
29230,4
29231,4
29232,3
29233,0
29234,1
29235,1
29236,4
29237,2
29238,0
29239,4
29240,2
29241,4
29242,1
29243,2
29244,3
29245,1
29246,1
29247,0
29248,2
29249,3
29250,3
29251,2
29252,4
29253,0
29254,0
29255,3
29256,0
29257,0
29258,3
29259,3
29260,3
29261,3
29262,0
29263,1
29264,2
29265,1
29266,0
29267,1
29268,1
29269,1
29270,0
29271,2
29272,4
29273,3
29274,2
29275,0
29276,3
29277,0
29278,4
29279,0
29280,3
29281,0
29282,4
29283,2
29284,0
29285,4
29286,2
29287,2
29288,1
29289,1
29290,3
29291,2
29292,4
29293,2
29294,0
29295,4
29296,0
29297,0
29298,3
29299,3
29300,2
29301,0
29302,4
29303,0
29304,2
29305,2
29306,2
29307,3
29308,0
29309,1
29310,2
29311,2
29312,3
29313,4
29314,4
29315,3
29316,2
29317,1
29318,2
29319,4
29320,1
29321,3
29322,0
29323,4
29324,2
29325,1
29326,4
29327,2
29328,0
29329,1
29330,0
29331,4
29332,1
29333,4
29334,0
29335,1
29336,0
29337,3
29338,1
29339,3
29340,2
29341,1
29342,4
29343,3
29344,1
29345,1
29346,0
29347,0
29348,3
29349,0
29350,4
29351,0
29352,0
29353,0
29354,2
29355,2
29356,2
29357,3
29358,1
29359,3
29360,1
29361,3
29362,1
29363,4
29364,0
29365,3
29366,3
29367,3
29368,1
29369,3
29370,0
29371,4
29372,4
29373,2
29374,1
29375,1
29376,3
29377,0
29378,0
29379,1
29380,1
29381,1
29382,0
29383,0
29384,3
29385,2
29386,2
29387,0
29388,1
29389,1
29390,0
29391,4
29392,1
29393,2
29394,2
29395,3
29396,3
29397,3
29398,4
29399,2
29400,3
29401,0
29402,2
29403,0
29404,1
29405,3
29406,2
29407,4
29408,2
29409,3
29410,0
29411,0
29412,4
29413,0
29414,4
29415,0
29416,2
29417,1
29418,4
29419,0
29420,1
29421,2
29422,4
29423,0
29424,2
29425,3
29426,1
29427,4
29428,1
29429,2
29430,3
29431,1
29432,4
29433,1
29434,1
29435,2
29436,3
29437,0
29438,0
29439,2
29440,4
29441,3
29442,1
29443,1
29444,3
29445,4
29446,0
29447,0
29448,1
29449,3
29450,2
29451,3
29452,1
29453,3
29454,4
29455,4
29456,2
29457,2
29458,1
29459,1
29460,0
29461,0
29462,2
29463,3
29464,4
29465,4
29466,0
29467,3
29468,1
29469,0
29470,0
29471,1
29472,3
29473,4
29474,0
29475,0
29476,1
29477,0
29478,3
29479,3
29480,1
29481,1
29482,2
29483,2
29484,4
29485,4
29486,0
29487,2
29488,2
29489,2
29490,1
29491,0
29492,0
29493,3
29494,1
29495,1
29496,3
29497,0
29498,4
29499,2
29500,2
29501,0
29502,0
29503,0
29504,2
29505,4
29506,4
29507,3
29508,2
29509,3
29510,0
29511,1
29512,1
29513,1
29514,2
29515,1
29516,2
29517,0
29518,4
29519,3
29520,4
29521,2
29522,3
29523,0
29524,1
29525,2
29526,2
29527,3
29528,0
29529,4
29530,4
29531,0
29532,0
29533,0
29534,2
29535,4
29536,2
29537,0
29538,2
29539,0
29540,1
29541,4
29542,3
29543,3
29544,2
29545,4
29546,3
29547,4
29548,2
29549,4
29550,2
29551,3
29552,3
29553,1
29554,2
29555,3
29556,2
29557,1
29558,4
29559,1
29560,2
29561,0
29562,4
29563,4
29564,3
29565,0
29566,2
29567,2
29568,2
29569,4
29570,2
29571,4
29572,3
29573,4
29574,1
29575,2
29576,1
29577,1
29578,3
29579,1
29580,4
29581,2
29582,2
29583,3
29584,3
29585,1
29586,3
29587,3
29588,3
29589,1
29590,2
29591,4
29592,3
29593,4
29594,3
29595,3
29596,3
29597,0
29598,0
29599,4
29600,3
29601,4
29602,4
29603,1
29604,3
29605,4
29606,4
29607,1
29608,3
29609,1
29610,1
29611,2
29612,0
29613,1
29614,4
29615,2
29616,2
29617,0
29618,2
29619,2
29620,0
29621,2
29622,3
29623,4
29624,4
29625,0
29626,1
29627,3
29628,4
29629,0
29630,2
29631,3
29632,1
29633,3
29634,4
29635,4
29636,4
29637,4
29638,1
29639,0
29640,2
29641,1
29642,0
29643,2
29644,3
29645,4
29646,1
29647,2
29648,1
29649,2
29650,0
29651,2
29652,1
29653,0
29654,4
29655,2
29656,2
29657,0
29658,2
29659,3
29660,0
29661,4
29662,3
29663,4
29664,0
29665,3
29666,0
29667,3
29668,4
29669,2
29670,1
29671,2
29672,2
29673,1
29674,2
29675,4
29676,1
29677,3
29678,3
29679,4
29680,1
29681,4
29682,3
29683,0
29684,3
29685,3
29686,0
29687,2
29688,4
29689,2
29690,3
29691,0
29692,3
29693,0
29694,0
29695,2
29696,0
29697,0
29698,4
29699,3
29700,4
29701,2
29702,0
29703,2
29704,0
29705,0
29706,1
29707,1
29708,1
29709,3
29710,1
29711,1
29712,3
29713,0
29714,3
29715,2
29716,4
29717,1
29718,1
29719,4
29720,0
29721,3
29722,2
29723,1
29724,1
29725,2
29726,3
29727,4
29728,2
29729,1
29730,3
29731,1
29732,1
29733,1
29734,3
29735,2
29736,2
29737,0
29738,3
29739,3
29740,4
29741,3
29742,2
29743,4
29744,1
29745,0
29746,1
29747,0
29748,1
29749,0
29750,2
29751,2
29752,1
29753,0
29754,0
29755,4
29756,0
29757,3
29758,1
29759,3
29760,2
29761,0
29762,4
29763,2
29764,3
29765,0
29766,0
29767,2
29768,0
29769,1
29770,4
29771,2
29772,3
29773,4
29774,1
29775,4
29776,2
29777,4
29778,0
29779,2
29780,3
29781,3
29782,0
29783,2
29784,4
29785,4
29786,0
29787,0
29788,3
29789,4
29790,4
29791,2
29792,0
29793,1
29794,3
29795,4
29796,2
29797,3
29798,3
29799,4
29800,1
29801,2
29802,3
29803,2
29804,4
29805,1
29806,3
29807,1
29808,1
29809,1
29810,4
29811,3
29812,4
29813,2
29814,3
29815,3
29816,0
29817,4
29818,3
29819,4
29820,4
29821,0
29822,2
29823,3
29824,2
29825,1
29826,2
29827,3
29828,3
29829,3
29830,1
29831,0
29832,4
29833,0
29834,0
29835,0
29836,3
29837,1
29838,0
29839,3
29840,4
29841,2
29842,1
29843,3
29844,0
29845,2
29846,4
29847,3
29848,2
29849,2
29850,4
29851,1
29852,3
29853,4
29854,2
29855,0
29856,3
29857,0
29858,1
29859,1
29860,0
29861,2
29862,1
29863,2
29864,4
29865,1
29866,0
29867,2
29868,0
29869,3
29870,0
29871,2
29872,0
29873,1
29874,0
29875,3
29876,2
29877,4
29878,2
29879,2
29880,2
29881,1
29882,4
29883,3
29884,3
29885,3
29886,3
29887,0
29888,2
29889,0
29890,0
29891,2
29892,1
29893,2
29894,2
29895,0
29896,1
29897,4
29898,3
29899,0
29900,2
29901,4
29902,1
29903,4
29904,3
29905,3
29906,1
29907,1
29908,4
29909,2
29910,4
29911,0
29912,0
29913,3
29914,0
29915,4
29916,3
29917,1
29918,0
29919,0
29920,3
29921,2
29922,4
29923,4
29924,0
29925,2
29926,1
29927,2
29928,0
29929,0
29930,3
29931,4
29932,0
29933,2
29934,1
29935,0
29936,1
29937,0
29938,4
29939,4
29940,2
29941,2
29942,0
29943,0
29944,4
29945,4
29946,0
29947,1
29948,2
29949,3
29950,3
29951,3
29952,0
29953,1
29954,0
29955,2
29956,2
29957,1
29958,1
29959,2
29960,2
29961,2
29962,2
29963,1
29964,0
29965,1
29966,1
29967,3
29968,1
29969,2
29970,2
29971,3
29972,0
29973,4
29974,3
29975,0
29976,4
29977,2
29978,4
29979,2
29980,3
29981,0
29982,2
29983,1
29984,4
29985,4
29986,1
29987,0
29988,1
29989,4
29990,1
29991,4
29992,3
29993,0
29994,4
29995,3
29996,1
29997,4
29998,4
29999,0
30000,2
30001,3
30002,4
30003,2
30004,1
30005,0
30006,1
30007,4
30008,3
30009,4
30010,4
30011,0
30012,1
30013,0
30014,2
30015,1
30016,1
30017,2
30018,2
30019,2
30020,4
30021,2
30022,4
30023,4
30024,1
30025,0
30026,0
30027,1
30028,3
30029,0
30030,2
30031,4
30032,4
30033,4
30034,1
30035,1
30036,0
30037,1
30038,1
30039,3
30040,2
30041,1
30042,1
30043,0
30044,2
30045,1
30046,3
30047,2
30048,0
30049,4
30050,0
30051,4
30052,1
30053,0
30054,4
30055,2
30056,1
30057,0
30058,3
30059,4
30060,0
30061,2
30062,0
30063,4
30064,1
30065,1
30066,3
30067,0
30068,0
30069,1
30070,4
30071,2
30072,3
30073,4
30074,0
30075,0
30076,2
30077,1
30078,1
30079,2
30080,4
30081,0
30082,3
30083,0
30084,0
30085,4
30086,2
30087,1
30088,2
30089,1
30090,4
30091,3
30092,3
30093,2
30094,3
30095,2
30096,2
30097,4
30098,3
30099,4
30100,4
30101,3
30102,4
30103,1
30104,1
30105,0
30106,3
30107,0
30108,1
30109,3
30110,1
30111,1
30112,3
30113,2
30114,4
30115,2
30116,4
30117,1
30118,4
30119,2
30120,3
30121,1
30122,3
30123,3
30124,1
30125,1
30126,0
30127,0
30128,2
30129,1
30130,1
30131,0
30132,0
30133,3
30134,1
30135,1
30136,0
30137,1
30138,2
30139,4
30140,0
30141,4
30142,4
30143,0
30144,2
30145,1
30146,1
30147,4
30148,3
30149,4
30150,0
30151,3
30152,2
30153,2
30154,1
30155,1
30156,2
30157,3
30158,2
30159,0
30160,1
30161,1
30162,0
30163,3
30164,1
30165,1
30166,3
30167,3
30168,4
30169,1
30170,2
30171,3
30172,2
30173,4
30174,2
30175,2
30176,4
30177,0
30178,3
30179,1
30180,0
30181,0
30182,4
30183,4
30184,2
30185,0
30186,4
30187,4
30188,4
30189,3
30190,1
30191,2
30192,2
30193,1
30194,2
30195,0
30196,3
30197,1
30198,0
30199,1
30200,4
30201,2
30202,3
30203,4
30204,3
30205,2
30206,2
30207,4
30208,4
30209,3
30210,3
30211,0
30212,4
30213,2
30214,0
30215,3
30216,3
30217,3
30218,2
30219,3
30220,1
30221,1
30222,0
30223,2
30224,0
30225,3
30226,2
30227,4
30228,4
30229,4
30230,3
30231,2
30232,0
30233,3
30234,3
30235,4
30236,3
30237,2
30238,2
30239,2
30240,2
30241,2
30242,0
30243,3
30244,1
30245,0
30246,4
30247,2
30248,1
30249,0
30250,3
30251,0
30252,4
30253,3
30254,1
30255,3
30256,2
30257,2
30258,2
30259,2
30260,4
30261,4
30262,1
30263,0
30264,2
30265,3
30266,0
30267,2
30268,4
30269,3
30270,1
30271,2
30272,0
30273,3
30274,4
30275,0
30276,3
30277,3
30278,3
30279,3
30280,1
30281,0
30282,0
30283,0
30284,3
30285,3
30286,3
30287,2
30288,1
30289,4
30290,2
30291,2
30292,4
30293,0
30294,3
30295,4
30296,3
30297,2
30298,1
30299,4
30300,0
30301,2
30302,2
30303,0
30304,4
30305,4
30306,4
30307,3
30308,1
30309,0
30310,3
30311,3
30312,1
30313,1
30314,3
30315,0
30316,4
30317,4
30318,3
30319,2
30320,1
30321,1
30322,3
30323,2
30324,2
30325,1
30326,1
30327,4
30328,2
30329,1
30330,0
30331,2
30332,4
30333,0
30334,3
30335,1
30336,1
30337,3
30338,1
30339,2
30340,2
30341,2
30342,2
30343,4
30344,1
30345,0
30346,2
30347,2
30348,1
30349,0
30350,3
30351,3
30352,1
30353,0
30354,2
30355,3
30356,0
30357,0
30358,4
30359,3
30360,1
30361,2
30362,1
30363,1
30364,1
30365,2
30366,2
30367,4
30368,1
30369,0
30370,4
30371,0
30372,3
30373,0
30374,4
30375,0
30376,3
30377,3
30378,0
30379,0
30380,1
30381,2
30382,0
30383,1
30384,2
30385,1
30386,0
30387,2
30388,1
30389,0
30390,1
30391,0
30392,2
30393,3
30394,1
30395,3
30396,2
30397,2
30398,1
30399,1
30400,4
30401,1
30402,3
30403,2
30404,0
30405,3
30406,1
30407,2
30408,2
30409,4
30410,1
30411,2
30412,1
30413,4
30414,3
30415,1
30416,2
30417,0
30418,1
30419,3
30420,1
30421,1
30422,1
30423,1
30424,0
30425,2
30426,4
30427,1
30428,0
30429,1
30430,0
30431,1
30432,3
30433,3
30434,4
30435,2
30436,2
30437,0
30438,2
30439,3
30440,4
30441,1
30442,0
30443,2
30444,2
30445,0
30446,4
30447,4
30448,4
30449,1
30450,3
30451,3
30452,0
30453,2
30454,1
30455,0
30456,4
30457,1
30458,0
30459,0
30460,4
30461,4
30462,3
30463,0
30464,3
30465,1
30466,2
30467,2
30468,3
30469,2
30470,3
30471,4
30472,3
30473,3
30474,4
30475,4
30476,3
30477,3
30478,0
30479,1
30480,4
30481,0
30482,2
30483,4
30484,3
30485,1
30486,0
30487,1
30488,0
30489,2
30490,0
30491,4
30492,4
30493,4
30494,0
30495,1
30496,3
30497,2
30498,4
30499,1
30500,0
30501,2
30502,1
30503,2
30504,0
30505,3
30506,1
30507,3
30508,4
30509,1
30510,2
30511,0
30512,2
30513,1
30514,1
30515,4
30516,2
30517,3
30518,1
30519,3
30520,4
30521,1
30522,3
30523,0
30524,3
30525,4
30526,2
30527,2
30528,2
30529,4
30530,3
30531,4
30532,0
30533,3
30534,4
30535,0
30536,0
30537,0
30538,4
30539,0
30540,0
30541,4
30542,4
30543,3
30544,1
30545,4
30546,1
30547,4
30548,1
30549,0
30550,0
30551,4
30552,0
30553,0
30554,1
30555,0
30556,4
30557,2
30558,1
30559,2
30560,4
30561,4
30562,3
30563,3
30564,3
30565,0
30566,4
30567,2
30568,0
30569,0
30570,2
30571,0
30572,2
30573,1
30574,3
30575,0
30576,0
30577,1
30578,4
30579,1
30580,0
30581,3
30582,1
30583,2
30584,1
30585,1
30586,3
30587,2
30588,0
30589,0
30590,1
30591,0
30592,0
30593,1
30594,0
30595,1
30596,4
30597,0
30598,3
30599,4
30600,4
30601,1
30602,3
30603,2
30604,0
30605,0
30606,2
30607,4
30608,2
30609,1
30610,2
30611,3
30612,0
30613,1
30614,0
30615,3
30616,1
30617,4
30618,1
30619,3
30620,1
30621,1
30622,0
30623,1
30624,3
30625,2
30626,1
30627,4
30628,2
30629,0
30630,0
30631,3
30632,4
30633,0
30634,0
30635,2
30636,1
30637,1
30638,3
30639,0
30640,4
30641,3
30642,0
30643,2
30644,3
30645,4
30646,3
30647,2
30648,3
30649,4
30650,1
30651,1
30652,1
30653,0
30654,3
30655,1
30656,1
30657,4
30658,0
30659,4
30660,4
30661,1
30662,3
30663,4
30664,1
30665,4
30666,2
30667,2
30668,2
30669,1
30670,1
30671,1
30672,2
30673,1
30674,1
30675,0
30676,0
30677,0
30678,4
30679,0
30680,1
30681,3
30682,0
30683,2
30684,0
30685,2
30686,4
30687,0
30688,3
30689,1
30690,3
30691,2
30692,0
30693,1
30694,0
30695,4
30696,4
30697,1
30698,3
30699,2
30700,4
30701,3
30702,0
30703,0
30704,1
30705,2
30706,4
30707,2
30708,2
30709,0
30710,1
30711,2
30712,0
30713,0
30714,0
30715,4
30716,3
30717,2
30718,2
30719,4
30720,1
30721,0
30722,0
30723,2
30724,0
30725,1
30726,1
30727,2
30728,1
30729,2
30730,0
30731,1
30732,2
30733,1
30734,0
30735,0
30736,0
30737,4
30738,1
30739,0
30740,2
30741,1
30742,3
30743,2
30744,4
30745,0
30746,3
30747,4
30748,2
30749,0
30750,4
30751,4
30752,2
30753,0
30754,4
30755,1
30756,4
30757,0
30758,4
30759,3
30760,3
30761,0
30762,2
30763,3
30764,2
30765,0
30766,1
30767,2
30768,3
30769,2
30770,0
30771,2
30772,0
30773,3
30774,0
30775,3
30776,3
30777,3
30778,2
30779,1
30780,4
30781,2
30782,1
30783,4
30784,1
30785,1
30786,4
30787,3
30788,2
30789,0
30790,2
30791,1
30792,4
30793,3
30794,1
30795,1
30796,0
30797,1
30798,2
30799,1
30800,0
30801,0
30802,4
30803,4
30804,0
30805,2
30806,4
30807,0
30808,2
30809,3
30810,3
30811,4
30812,4
30813,0
30814,3
30815,0
30816,0
30817,2
30818,4
30819,1
30820,4
30821,3
30822,4
30823,0
30824,3
30825,3
30826,2
30827,2
30828,2
30829,3
30830,4
30831,0
30832,2
30833,0
30834,0
30835,2
30836,3
30837,2
30838,2
30839,2
30840,1
30841,2
30842,2
30843,3
30844,0
30845,4
30846,2
30847,2
30848,1
30849,2
30850,3
30851,2
30852,2
30853,0
30854,3
30855,0
30856,4
30857,4
30858,2
30859,1
30860,2
30861,1
30862,3
30863,0
30864,3
30865,0
30866,4
30867,3
30868,2
30869,3
30870,4
30871,1
30872,3
30873,1
30874,3
30875,1
30876,0
30877,2
30878,0
30879,2
30880,0
30881,4
30882,1
30883,2
30884,0
30885,0
30886,3
30887,2
30888,2
30889,1
30890,0
30891,2
30892,0
30893,2
30894,2
30895,1
30896,0
30897,1
30898,3
30899,3
30900,4
30901,0
30902,3
30903,4
30904,2
30905,4
30906,0
30907,2
30908,1
30909,3
30910,3
30911,2
30912,1
30913,1
30914,1
30915,1
30916,0
30917,2
30918,1
30919,1
30920,4
30921,1
30922,3
30923,1
30924,0
30925,0
30926,3
30927,0
30928,0
30929,3
30930,4
30931,3
30932,2
30933,2
30934,4
30935,0
30936,2
30937,3
30938,1
30939,1
30940,2
30941,0
30942,3
30943,1
30944,1
30945,0
30946,2
30947,0
30948,2
30949,3
30950,4
30951,1
30952,2
30953,1
30954,2
30955,2
30956,1
30957,1
30958,4
30959,3
30960,3
30961,0
30962,1
30963,2
30964,2
30965,4
30966,3
30967,2
30968,3
30969,0
30970,1
30971,2
30972,3
30973,3
30974,0
30975,3
30976,4
30977,2
30978,4
30979,4
30980,3
30981,2
30982,0
30983,1
30984,4
30985,3
30986,2
30987,3
30988,0
30989,2
30990,3
30991,1
30992,3
30993,1
30994,1
30995,0
30996,4
30997,3
30998,3
30999,1
31000,2
31001,1
31002,2
31003,2
31004,4
31005,0
31006,3
31007,4
31008,1
31009,2
31010,3
31011,2
31012,4
31013,2
31014,3
31015,1
31016,3
31017,3
31018,0
31019,3
31020,0
31021,3
31022,0
31023,3
31024,3
31025,3
31026,2
31027,0
31028,3
31029,0
31030,1
31031,2
31032,0
31033,3
31034,4
31035,4
31036,0
31037,1
31038,4
31039,3
31040,1
31041,2
31042,1
31043,2
31044,1
31045,0
31046,2
31047,0
31048,2
31049,2
31050,4
31051,3
31052,1
31053,1
31054,2
31055,0
31056,2
31057,4
31058,3
31059,1
31060,4
31061,0
31062,0
31063,2
31064,0
31065,4
31066,4
31067,1
31068,1
31069,1
31070,1
31071,3
31072,2
31073,2
31074,2
31075,2
31076,0
31077,1
31078,1
31079,3
31080,2
31081,4
31082,0
31083,2
31084,0
31085,0
31086,1
31087,0
31088,4
31089,3
31090,0
31091,2
31092,4
31093,3
31094,0
31095,4
31096,1
31097,0
31098,3
31099,3
31100,0
31101,2
31102,2
31103,2
31104,3
31105,2
31106,0
31107,3
31108,2
31109,1
31110,0
31111,4
31112,4
31113,1
31114,1
31115,4
31116,2
31117,0
31118,4
31119,1
31120,4
31121,2
31122,2
31123,0
31124,4
31125,0
31126,2
31127,1
31128,3
31129,0
31130,1
31131,1
31132,4
31133,2
31134,0
31135,3
31136,0
31137,2
31138,2
31139,4
31140,0
31141,4
31142,2
31143,3
31144,3
31145,0
31146,0
31147,4
31148,3
31149,4
31150,4
31151,1
31152,0
31153,1
31154,4
31155,4
31156,0
31157,0
31158,2
31159,1
31160,2
31161,3
31162,1
31163,0
31164,4
31165,4
31166,3
31167,2
31168,1
31169,3
31170,2
31171,3
31172,1
31173,0
31174,3
31175,3
31176,3
31177,2
31178,1
31179,3
31180,2
31181,3
31182,4
31183,1
31184,4
31185,4
31186,3
31187,0
31188,3
31189,2
31190,3
31191,1
31192,2
31193,4
31194,4
31195,4
31196,0
31197,1
31198,4
31199,4
31200,0
31201,1
31202,0
31203,1
31204,2
31205,4
31206,1
31207,2
31208,1
31209,1
31210,0
31211,4
31212,4
31213,3
31214,3
31215,3
31216,2
31217,4
31218,4
31219,1
31220,3
31221,1
31222,0
31223,2
31224,3
31225,1
31226,2
31227,1
31228,0
31229,0
31230,2
31231,1
31232,1
31233,3
31234,2
31235,3
31236,2
31237,3
31238,2
31239,1
31240,2
31241,1
31242,1
31243,0
31244,0
31245,4
31246,4
31247,3
31248,3
31249,1
31250,4
31251,0
31252,3
31253,0
31254,2
31255,0
31256,3
31257,0
31258,3
31259,3
31260,1
31261,4
31262,3
31263,4
31264,0
31265,0
31266,3
31267,0
31268,0
31269,1
31270,4
31271,1
31272,3
31273,3
31274,1
31275,1
31276,1
31277,1
31278,4
31279,1
31280,1
31281,0
31282,1
31283,0
31284,2
31285,4
31286,2
31287,3
31288,4
31289,3
31290,3
31291,3
31292,3
31293,3
31294,2
31295,0
31296,3
31297,0
31298,3
31299,3
31300,0
31301,2
31302,1
31303,0
31304,1
31305,3
31306,1
31307,3
31308,0
31309,0
31310,3
31311,4
31312,3
31313,2
31314,2
31315,3
31316,2
31317,1
31318,0
31319,2
31320,0
31321,0
31322,3
31323,4
31324,4
31325,3
31326,4
31327,4
31328,4
31329,0
31330,2
31331,1
31332,1
31333,1
31334,4
31335,2
31336,0
31337,0
31338,4
31339,1
31340,1
31341,1
31342,1
31343,2
31344,0
31345,1
31346,2
31347,1
31348,1
31349,0
31350,4
31351,1
31352,1
31353,1
31354,4
31355,3
31356,4
31357,1
31358,0
31359,2
31360,1
31361,0
31362,0
31363,2
31364,2
31365,4
31366,0
31367,2
31368,1
31369,1
31370,0
31371,3
31372,4
31373,1
31374,1
31375,1
31376,2
31377,2
31378,3
31379,1
31380,1
31381,0
31382,1
31383,4
31384,3
31385,0
31386,2
31387,1
31388,2
31389,2
31390,1
31391,3
31392,0
31393,3
31394,2
31395,0
31396,1
31397,0
31398,2
31399,0
31400,0
31401,2
31402,4
31403,0
31404,3
31405,2
31406,4
31407,4
31408,4
31409,3
31410,4
31411,2
31412,3
31413,4
31414,2
31415,1
31416,3
31417,0
31418,1
31419,3
31420,2
31421,1
31422,2
31423,2
31424,1
31425,1
31426,1
31427,3
31428,3
31429,2
31430,4
31431,2
31432,4
31433,1
31434,2
31435,4
31436,3
31437,1
31438,3
31439,1
31440,0
31441,1
31442,1
31443,3
31444,1
31445,2
31446,3
31447,2
31448,1
31449,4
31450,1
31451,2
31452,1
31453,2
31454,0
31455,1
31456,2
31457,2
31458,0
31459,0
31460,0
31461,2
31462,3
31463,1
31464,1
31465,1
31466,2
31467,4
31468,3
31469,1
31470,4
31471,4
31472,2
31473,2
31474,2
31475,2
31476,4
31477,1
31478,1
31479,4
31480,2
31481,2
31482,3
31483,3
31484,0
31485,3
31486,1
31487,0
31488,0
31489,0
31490,2
31491,4
31492,2
31493,0
31494,4
31495,3
31496,2
31497,4
31498,3
31499,0
31500,1
31501,3
31502,4
31503,3
31504,0
31505,3
31506,0
31507,2
31508,2
31509,1
31510,3
31511,1
31512,4
31513,2
31514,4
31515,3
31516,4
31517,0
31518,1
31519,4
31520,2
31521,0
31522,4
31523,0
31524,3
31525,1
31526,1
31527,3
31528,0
31529,1
31530,2
31531,4
31532,1
31533,1
31534,2
31535,3
31536,4
31537,1
31538,4
31539,4
31540,1
31541,2
31542,3
31543,2
31544,2
31545,3
31546,2
31547,1
31548,0
31549,1
31550,3
31551,4
31552,3
31553,1
31554,1
31555,0
31556,0
31557,2
31558,1
31559,0
31560,4
31561,1
31562,1
31563,1
31564,2
31565,1
31566,1
31567,4
31568,1
31569,3
31570,3
31571,1
31572,2
31573,2
31574,1
31575,0
31576,4
31577,3
31578,3
31579,2
31580,4
31581,4
31582,1
31583,3
31584,2
31585,1
31586,0
31587,3
31588,4
31589,3
31590,0
31591,1
31592,0
31593,2
31594,0
31595,0
31596,2
31597,1
31598,1
31599,0
31600,0
31601,0
31602,4
31603,3
31604,4
31605,3
31606,0
31607,0
31608,2
31609,1
31610,2
31611,4
31612,0
31613,3
31614,2
31615,3
31616,2
31617,1
31618,2
31619,1
31620,4
31621,2
31622,1
31623,2
31624,4
31625,2
31626,0
31627,3
31628,2
31629,1
31630,4
31631,3
31632,1
31633,0
31634,2
31635,0
31636,2
31637,0
31638,2
31639,0
31640,3
31641,4
31642,3
31643,4
31644,1
31645,1
31646,1
31647,4
31648,2
31649,0
31650,2
31651,1
31652,2
31653,2
31654,4
31655,0
31656,0
31657,1
31658,4
31659,4
31660,4
31661,1
31662,1
31663,3
31664,0
31665,1
31666,4
31667,1
31668,2
31669,4
31670,1
31671,3
31672,2
31673,1
31674,3
31675,3
31676,1
31677,1
31678,4
31679,4
31680,4
31681,2
31682,4
31683,1
31684,3
31685,2
31686,3
31687,3
31688,0
31689,3
31690,0
31691,0
31692,4
31693,1
31694,2
31695,0
31696,1
31697,4
31698,0
31699,1
31700,3
31701,1
31702,1
31703,0
31704,0
31705,4
31706,1
31707,1
31708,1
31709,2
31710,4
31711,1
31712,1
31713,3
31714,1
31715,3
31716,2
31717,0
31718,0
31719,1
31720,4
31721,2
31722,4
31723,3
31724,2
31725,1
31726,2
31727,3
31728,0
31729,2
31730,2
31731,4
31732,3
31733,4
31734,0
31735,1
31736,2
31737,0
31738,2
31739,0
31740,2
31741,2
31742,0
31743,4
31744,2
31745,0
31746,2
31747,2
31748,2
31749,4
31750,4
31751,1
31752,1
31753,1
31754,3
31755,2
31756,4
31757,1
31758,0
31759,4
31760,2
31761,3
31762,3
31763,2
31764,0
31765,3
31766,3
31767,2
31768,3
31769,1
31770,2
31771,2
31772,2
31773,0
31774,0
31775,1
31776,2
31777,2
31778,2
31779,4
31780,0
31781,2
31782,4
31783,3
31784,1
31785,1
31786,1
31787,4
31788,4
31789,1
31790,1
31791,2
31792,3
31793,1
31794,3
31795,4
31796,3
31797,3
31798,4
31799,3
31800,1
31801,3
31802,1
31803,1
31804,0
31805,0
31806,2
31807,1
31808,2
31809,1
31810,3
31811,1
31812,4
31813,1
31814,2
31815,0
31816,3
31817,4
31818,1
31819,1
31820,2
31821,3
31822,1
31823,0
31824,4
31825,0
31826,0
31827,0
31828,1
31829,0
31830,0
31831,1
31832,1
31833,1
31834,3
31835,1
31836,0
31837,4
31838,0
31839,0
31840,3
31841,2
31842,3
31843,1
31844,3
31845,3
31846,3
31847,3
31848,3
31849,3
31850,2
31851,3
31852,1
31853,0
31854,3
31855,0
31856,3
31857,4
31858,3
31859,0
31860,1
31861,1
31862,0
31863,1
31864,0
31865,4
31866,2
31867,0
31868,3
31869,3
31870,0
31871,2
31872,1
31873,3
31874,1
31875,0
31876,2
31877,0
31878,2
31879,4
31880,1
31881,3
31882,1
31883,3
31884,0
31885,0
31886,3
31887,1
31888,2
31889,3
31890,1
31891,0
31892,3
31893,1
31894,2
31895,0
31896,4
31897,3
31898,1
31899,2
31900,0
31901,3
31902,1
31903,0
31904,1
31905,4
31906,2
31907,2
31908,4
31909,2
31910,1
31911,2
31912,0
31913,1
31914,2
31915,4
31916,1
31917,0
31918,4
31919,0
31920,0
31921,2
31922,0
31923,3
31924,3
31925,2
31926,1
31927,3
31928,1
31929,2
31930,4
31931,2
31932,1
31933,4
31934,0
31935,3
31936,4
31937,1
31938,4
31939,4
31940,2
31941,2
31942,3
31943,4
31944,1
31945,0
31946,4
31947,1
31948,3
31949,4
31950,3
31951,2
31952,0
31953,0
31954,0
31955,0
31956,3
31957,0
31958,0
31959,0
31960,2
31961,3
31962,1
31963,1
31964,0
31965,1
31966,2
31967,2
31968,2
31969,1
31970,1
31971,1
31972,4
31973,0
31974,1
31975,4
31976,4
31977,1
31978,1
31979,3
31980,1
31981,2
31982,0
31983,1
31984,0
31985,0
31986,0
31987,3
31988,0
31989,3
31990,3
31991,1
31992,2
31993,3
31994,1
31995,4
31996,4
31997,1
31998,2
31999,4
32000,1
32001,3
32002,2
32003,1
32004,4
32005,1
32006,1
32007,2
32008,2
32009,3
32010,1
32011,4
32012,2
32013,1
32014,0
32015,4
32016,3
32017,0
32018,4
32019,0
32020,0
32021,0
32022,0
32023,2
32024,0
32025,3
32026,2
32027,1
32028,1
32029,3
32030,1
32031,0
32032,2
32033,4
32034,2
32035,0
32036,2
32037,0
32038,1
32039,4
32040,1
32041,0
32042,1
32043,4
32044,0
32045,3
32046,3
32047,2
32048,2
32049,2
32050,1
32051,4
32052,3
32053,3
32054,1
32055,3
32056,1
32057,0
32058,3
32059,3
32060,4
32061,2
32062,0
32063,2
32064,2
32065,0
32066,4
32067,1
32068,2
32069,0
32070,1
32071,0
32072,4
32073,2
32074,0
32075,0
32076,1
32077,3
32078,1
32079,2
32080,1
32081,0
32082,1
32083,1
32084,1
32085,3
32086,2
32087,1
32088,3
32089,3
32090,3
32091,2
32092,3
32093,3
32094,0
32095,2
32096,3
32097,4
32098,2
32099,1
32100,4
32101,4
32102,4
32103,4
32104,4
32105,1
32106,0
32107,2
32108,0
32109,1
32110,2
32111,1
32112,2
32113,1
32114,3
32115,4
32116,3
32117,3
32118,1
32119,1
32120,0
32121,1
32122,3
32123,1
32124,3
32125,3
32126,1
32127,3
32128,4
32129,3
32130,4
32131,1
32132,2
32133,1
32134,3
32135,4
32136,1
32137,1
32138,1
32139,4
32140,4
32141,1
32142,4
32143,2
32144,2
32145,3
32146,1
32147,1
32148,3
32149,2
32150,1
32151,1
32152,4
32153,4
32154,2
32155,2
32156,0
32157,0
32158,1
32159,4
32160,3
32161,1
32162,2
32163,0
32164,3
32165,1
32166,4
32167,0
32168,4
32169,0
32170,0
32171,4
32172,1
32173,0
32174,0
32175,2
32176,1
32177,0
32178,4
32179,3
32180,4
32181,3
32182,0
32183,1
32184,1
32185,1
32186,0
32187,2
32188,0
32189,0
32190,3
32191,3
32192,2
32193,1
32194,0
32195,0
32196,2
32197,2
32198,4
32199,0
32200,2
32201,0
32202,4
32203,4
32204,0
32205,0
32206,0
32207,1
32208,0
32209,4
32210,2
32211,1
32212,3
32213,4
32214,3
32215,0
32216,1
32217,2
32218,2
32219,3
32220,1
32221,1
32222,2
32223,2
32224,0
32225,3
32226,1
32227,1
32228,1
32229,2
32230,4
32231,4
32232,3
32233,4
32234,3
32235,3
32236,0
32237,0
32238,2
32239,2
32240,2
32241,1
32242,3
32243,1
32244,4
32245,3
32246,0
32247,2
32248,1
32249,2
32250,1
32251,2
32252,4
32253,2
32254,4
32255,0
32256,2
32257,2
32258,1
32259,2
32260,3
32261,4
32262,1
32263,1
32264,4
32265,2
32266,2
32267,2
32268,0
32269,0
32270,1
32271,0
32272,4
32273,2
32274,3
32275,1
32276,2
32277,1
32278,0
32279,1
32280,3
32281,4
32282,2
32283,3
32284,2
32285,3
32286,1
32287,4
32288,4
32289,1
32290,0
32291,1
32292,3
32293,0
32294,1
32295,3
32296,2
32297,0
32298,3
32299,3
32300,3
32301,2
32302,4
32303,0
32304,0
32305,2
32306,1
32307,0
32308,4
32309,0
32310,1
32311,3
32312,4
32313,0
32314,2
32315,1
32316,3
32317,4
32318,2
32319,1
32320,3
32321,0
32322,4
32323,2
32324,1
32325,2
32326,4
32327,2
32328,3
32329,0
32330,2
32331,4
32332,3
32333,0
32334,2
32335,1
32336,4
32337,1
32338,2
32339,3
32340,0
32341,0
32342,4
32343,3
32344,1
32345,1
32346,2
32347,4
32348,2
32349,0
32350,0
32351,1
32352,2
32353,1
32354,3
32355,0
32356,2
32357,1
32358,0
32359,4
32360,2
32361,4
32362,4
32363,1
32364,4
32365,3
32366,3
32367,4
32368,1
32369,0
32370,2
32371,4
32372,2
32373,2
32374,0
32375,2
32376,4
32377,0
32378,3
32379,1
32380,0
32381,0
32382,3
32383,2
32384,3
32385,0
32386,1
32387,1
32388,3
32389,0
32390,4
32391,4
32392,4
32393,3
32394,1
32395,0
32396,0
32397,0
32398,1
32399,1
32400,1
32401,0
32402,1
32403,1
32404,2
32405,0
32406,2
32407,3
32408,1
32409,2
32410,2
32411,1
32412,2
32413,2
32414,3
32415,0
32416,1
32417,1
32418,0
32419,4
32420,0
32421,1
32422,4
32423,3
32424,0
32425,0
32426,3
32427,2
32428,1
32429,3
32430,2
32431,1
32432,2
32433,4
32434,0
32435,0
32436,1
32437,3
32438,0
32439,2
32440,3
32441,1
32442,0
32443,0
32444,2
32445,2
32446,4
32447,2
32448,3
32449,0
32450,0
32451,4
32452,0
32453,0
32454,4
32455,2
32456,0
32457,2
32458,3
32459,3
32460,3
32461,0
32462,0
32463,4
32464,1
32465,0
32466,4
32467,3
32468,1
32469,3
32470,4
32471,0
32472,2
32473,1
32474,0
32475,2
32476,1
32477,1
32478,3
32479,2
32480,4
32481,4
32482,0
32483,3
32484,0
32485,1
32486,2
32487,1
32488,0
32489,4
32490,2
32491,0
32492,3
32493,4
32494,2
32495,0
32496,3
32497,4
32498,1
32499,1
32500,4
32501,1
32502,2
32503,2
32504,0
32505,1
32506,0
32507,0
32508,2
32509,1
32510,4
32511,0
32512,2
32513,3
32514,3
32515,0
32516,4
32517,0
32518,2
32519,3
32520,2
32521,1
32522,0
32523,0
32524,1
32525,0
32526,1
32527,4
32528,0
32529,2
32530,3
32531,1
32532,2
32533,2
32534,2
32535,3
32536,2
32537,1
32538,4
32539,4
32540,1
32541,1
32542,4
32543,4
32544,0
32545,2
32546,4
32547,1
32548,4
32549,0
32550,2
32551,0
32552,4
32553,0
32554,4
32555,1
32556,4
32557,1
32558,3
32559,3
32560,4
32561,0
32562,0
32563,2
32564,0
32565,3
32566,0
32567,0
32568,1
32569,2
32570,1
32571,0
32572,4
32573,0
32574,3
32575,2
32576,3
32577,1
32578,3
32579,2
32580,0
32581,2
32582,1
32583,3
32584,1
32585,1
32586,0
32587,0
32588,3
32589,4
32590,2
32591,1
32592,2
32593,0
32594,2
32595,2
32596,0
32597,1
32598,1
32599,2
32600,1
32601,3
32602,0
32603,3
32604,4
32605,2
32606,0
32607,3
32608,0
32609,1
32610,1
32611,0
32612,4
32613,3
32614,1
32615,2
32616,1
32617,2
32618,2
32619,1
32620,3
32621,1
32622,1
32623,3
32624,3
32625,2
32626,4
32627,0
32628,2
32629,1
32630,3
32631,4
32632,0
32633,2
32634,3
32635,2
32636,3
32637,0
32638,1
32639,1
32640,4
32641,1
32642,0
32643,1
32644,1
32645,1
32646,0
32647,2
32648,0
32649,3
32650,3
32651,1
32652,0
32653,1
32654,4
32655,1
32656,4
32657,1
32658,2
32659,2
32660,1
32661,2
32662,4
32663,2
32664,4
32665,2
32666,3
32667,1
32668,0
32669,2
32670,0
32671,1
32672,3
32673,2
32674,4
32675,4
32676,3
32677,4
32678,1
32679,1
32680,1
32681,3
32682,2
32683,3
32684,2
32685,4
32686,0
32687,2
32688,3
32689,1
32690,0
32691,2
32692,4
32693,3
32694,2
32695,3
32696,4
32697,1
32698,3
32699,1
32700,4
32701,3
32702,3
32703,0
32704,3
32705,1
32706,1
32707,1
32708,4
32709,3
32710,3
32711,0
32712,4
32713,3
32714,2
32715,0
32716,2
32717,3
32718,0
32719,0
32720,4
32721,0
32722,4
32723,0
32724,2
32725,3
32726,3
32727,2
32728,0
32729,2
32730,2
32731,2
32732,0
32733,0
32734,0
32735,0
32736,4
32737,1
32738,2
32739,0
32740,3
32741,4
32742,4
32743,1
32744,3
32745,4
32746,3
32747,2
32748,1
32749,0
32750,1
32751,0
32752,4
32753,4
32754,1
32755,2
32756,4
32757,0
32758,1
32759,2
32760,3
32761,1
32762,3
32763,3
32764,4
32765,0
32766,2
32767,2
32768,2
32769,0
32770,4
32771,0
32772,4
32773,4
32774,0
32775,3
32776,3
32777,0
32778,0
32779,1
32780,4
32781,1
32782,1
32783,1
32784,1
32785,1
32786,3
32787,2
32788,4
32789,2
32790,1
32791,0
32792,4
32793,2
32794,0
32795,0
32796,3
32797,1
32798,0
32799,2
32800,1
32801,0
32802,2
32803,1
32804,3
32805,0
32806,0
32807,4
32808,1
32809,0
32810,0
32811,3
32812,1
32813,2
32814,2
32815,1
32816,2
32817,2
32818,4
32819,1
32820,2
32821,4
32822,3
32823,2
32824,4
32825,3
32826,3
32827,4
32828,2
32829,1
32830,2
32831,0
32832,1
32833,4
32834,0
32835,3
32836,4
32837,3
32838,0
32839,4
32840,2
32841,0
32842,3
32843,2
32844,4
32845,4
32846,0
32847,1
32848,1
32849,2
32850,4
32851,0
32852,1
32853,0
32854,0
32855,0
32856,4
32857,4
32858,2
32859,1
32860,2
32861,3
32862,2
32863,0
32864,1
32865,2
32866,2
32867,2
32868,1
32869,3
32870,4
32871,0
32872,1
32873,0
32874,4
32875,3
32876,1
32877,3
32878,1
32879,1
32880,0
32881,1
32882,0
32883,0
32884,1
32885,3
32886,1
32887,1
32888,4
32889,4
32890,1
32891,1
32892,0
32893,2
32894,2
32895,1
32896,0
32897,1
32898,2
32899,2
32900,0
32901,4
32902,3
32903,1
32904,3
32905,3
32906,0
32907,2
32908,0
32909,3
32910,3
32911,0
32912,1
32913,1
32914,2
32915,0
32916,2
32917,4
32918,0
32919,4
32920,0
32921,2
32922,4
32923,2
32924,1
32925,3
32926,1
32927,0
32928,1
32929,4
32930,0
32931,3
32932,3
32933,3
32934,0
32935,2
32936,0
32937,1
32938,2
32939,4
32940,3
32941,1
32942,0
32943,4
32944,4
32945,1
32946,3
32947,3
32948,4
32949,2
32950,0
32951,3
32952,3
32953,0
32954,0
32955,1
32956,2
32957,2
32958,0
32959,4
32960,3
32961,3
32962,3
32963,2
32964,2
32965,1
32966,0
32967,0
32968,1
32969,3
32970,4
32971,1
32972,0
32973,1
32974,2
32975,1
32976,1
32977,2
32978,0
32979,0
32980,3
32981,0
32982,2
32983,1
32984,0
32985,4
32986,3
32987,4
32988,3
32989,3
32990,3
32991,2
32992,0
32993,2
32994,3
32995,1
32996,0
32997,2
32998,3
32999,4
33000,4
33001,3
33002,0
33003,4
33004,1
33005,3
33006,0
33007,2
33008,1
33009,3
33010,2
33011,0
33012,1
33013,4
33014,2
33015,0
33016,0
33017,4
33018,1
33019,2
33020,0
33021,2
33022,3
33023,2
33024,3
33025,2
33026,2
33027,3
33028,0
33029,4
33030,3
33031,2
33032,1
33033,3
33034,3
33035,4
33036,3
33037,4
33038,3
33039,2
33040,0
33041,1
33042,3
33043,2
33044,1
33045,3
33046,3
33047,4
33048,3
33049,0
33050,1
33051,4
33052,2
33053,2
33054,2
33055,2
33056,1
33057,0
33058,0
33059,3
33060,4
33061,1
33062,0
33063,0
33064,4
33065,0
33066,0
33067,4
33068,1
33069,1
33070,0
33071,2
33072,1
33073,2
33074,2
33075,0
33076,2
33077,1
33078,2
33079,2
33080,4
33081,2
33082,4
33083,2
33084,1
33085,3
33086,3
33087,2
33088,0
33089,4
33090,2
33091,0
33092,1
33093,1
33094,3
33095,0
33096,2
33097,1
33098,0
33099,1
33100,2
33101,0
33102,2
33103,4
33104,3
33105,0
33106,2
33107,0
33108,1
33109,3
33110,0
33111,0
33112,1
33113,2
33114,2
33115,3
33116,4
33117,2
33118,2
33119,1
33120,2
33121,0
33122,1
33123,4
33124,3
33125,2
33126,2
33127,2
33128,3
33129,4
33130,3
33131,2
33132,1
33133,0
33134,1
33135,2
33136,3
33137,2
33138,2
33139,4
33140,0
33141,2
33142,3
33143,1
33144,2
33145,2
33146,0
33147,2
33148,3
33149,2
33150,1
33151,2
33152,2
33153,0
33154,1
33155,4
33156,0
33157,3
33158,0
33159,3
33160,4
33161,3
33162,1
33163,2
33164,0
33165,2
33166,0
33167,3
33168,3
33169,4
33170,3
33171,0
33172,3
33173,1
33174,0
33175,0
33176,4
33177,0
33178,1
33179,3
33180,3
33181,0
33182,4
33183,4
33184,0
33185,2
33186,2
33187,3
33188,2
33189,3
33190,2
33191,3
33192,0
33193,4
33194,3
33195,2
33196,2
33197,1
33198,3
33199,0
33200,3
33201,0
33202,2
33203,3
33204,0
33205,0
33206,4
33207,2
33208,4
33209,1
33210,1
33211,1
33212,0
33213,1
33214,2
33215,4
33216,3
33217,2
33218,3
33219,1
33220,3
33221,0
33222,2
33223,3
33224,4
33225,2
33226,2
33227,0
33228,1
33229,2
33230,3
33231,4
33232,3
33233,2
33234,2
33235,3
33236,0
33237,0
33238,0
33239,0
33240,0
33241,0
33242,1
33243,2
33244,0
33245,3
33246,4
33247,3
33248,3
33249,1
33250,0
33251,1
33252,2
33253,0
33254,0
33255,1
33256,1
33257,1
33258,3
33259,2
33260,2
33261,4
33262,1
33263,1
33264,3
33265,1
33266,3
33267,2
33268,0
33269,3
33270,3
33271,2
33272,0
33273,3
33274,3
33275,2
33276,1
33277,1
33278,3
33279,2
33280,4
33281,0
33282,1
33283,1
33284,0
33285,2
33286,1
33287,4
33288,2
33289,3
33290,0
33291,3
33292,1
33293,1
33294,3
33295,0
33296,2
33297,3
33298,0
33299,0
33300,1
33301,2
33302,0
33303,2
33304,2
33305,2
33306,2
33307,1
33308,3
33309,4
33310,1
33311,3
33312,2
33313,1
33314,0
33315,3
33316,1
33317,2
33318,0
33319,2
33320,2
33321,2
33322,1
33323,4
33324,4
33325,2
33326,1
33327,2
33328,2
33329,4
33330,1
33331,0
33332,4
33333,2
33334,3
33335,3
33336,3
33337,4
33338,2
33339,3
33340,4
33341,3
33342,3
33343,2
33344,1
33345,1
33346,1
33347,3
33348,1
33349,0
33350,1
33351,3
33352,3
33353,0
33354,3
33355,0
33356,3
33357,0
33358,2
33359,2
33360,2
33361,3
33362,2
33363,3
33364,4
33365,2
33366,1
33367,1
33368,4
33369,0
33370,0
33371,0
33372,2
33373,4
33374,4
33375,0
33376,1
33377,1
33378,2
33379,0
33380,3
33381,0
33382,2
33383,3
33384,3
33385,4
33386,3
33387,0
33388,2
33389,3
33390,4
33391,0
33392,2
33393,1
33394,3
33395,0
33396,0
33397,2
33398,2
33399,2
33400,1
33401,1
33402,2
33403,3
33404,1
33405,4
33406,3
33407,4
33408,2
33409,4
33410,2
33411,4
33412,0
33413,4
33414,2
33415,0
33416,3
33417,3
33418,2
33419,3
33420,1
33421,2
33422,3
33423,0
33424,0
33425,3
33426,0
33427,3
33428,0
33429,1
33430,2
33431,1
33432,1
33433,4
33434,1
33435,0
33436,4
33437,3
33438,0
33439,3
33440,1
33441,1
33442,1
33443,4
33444,0
33445,3
33446,3
33447,0
33448,4
33449,2
33450,1
33451,3
33452,3
33453,0
33454,3
33455,4
33456,1
33457,0
33458,2
33459,1
33460,3
33461,4
33462,0
33463,1
33464,2
33465,0
33466,3
33467,0
33468,0
33469,1
33470,4
33471,3
33472,3
33473,0
33474,1
33475,0
33476,3
33477,4
33478,0
33479,2
33480,4
33481,3
33482,2
33483,2
33484,3
33485,0
33486,0
33487,3
33488,3
33489,1
33490,4
33491,1
33492,1
33493,2
33494,3
33495,4
33496,0
33497,2
33498,2
33499,2
33500,2
33501,2
33502,2
33503,2
33504,4
33505,0
33506,1
33507,2
33508,1
33509,3
33510,2
33511,1
33512,1
33513,0
33514,2
33515,3
33516,2
33517,3
33518,2
33519,2
33520,0
33521,3
33522,4
33523,1
33524,0
33525,2
33526,3
33527,1
33528,1
33529,1
33530,4
33531,0
33532,3
33533,1
33534,3
33535,1
33536,2
33537,1
33538,2
33539,2
33540,3
33541,2
33542,4
33543,4
33544,4
33545,0
33546,3
33547,3
33548,3
33549,1
33550,0
33551,0
33552,1
33553,1
33554,3
33555,2
33556,1
33557,2
33558,0
33559,1
33560,2
33561,4
33562,1
33563,2
33564,4
33565,2
33566,2
33567,2
33568,4
33569,4
33570,3
33571,3
33572,4
33573,0
33574,2
33575,4
33576,3
33577,3
33578,4
33579,3
33580,1
33581,3
33582,0
33583,2
33584,4
33585,4
33586,4
33587,0
33588,4
33589,1
33590,3
33591,1
33592,2
33593,3
33594,3
33595,1
33596,2
33597,3
33598,4
33599,0
33600,1
33601,0
33602,1
33603,3
33604,0
33605,3
33606,2
33607,1
33608,1
33609,3
33610,0
33611,2
33612,1
33613,4
33614,2
33615,1
33616,1
33617,2
33618,4
33619,0
33620,0
33621,3
33622,1
33623,1
33624,4
33625,2
33626,1
33627,4
33628,1
33629,0
33630,0
33631,2
33632,1
33633,1
33634,0
33635,2
33636,2
33637,3
33638,2
33639,1
33640,3
33641,1
33642,0
33643,3
33644,4
33645,0
33646,0
33647,3
33648,4
33649,3
33650,0
33651,2
33652,4
33653,0
33654,4
33655,1
33656,2
33657,3
33658,4
33659,0
33660,1
33661,3
33662,2
33663,3
33664,2
33665,2
33666,0
33667,1
33668,2
33669,0
33670,1
33671,0
33672,0
33673,4
33674,1
33675,3
33676,3
33677,2
33678,2
33679,1
33680,0
33681,1
33682,1
33683,1
33684,3
33685,1
33686,2
33687,3
33688,1
33689,2
33690,2
33691,1
33692,0
33693,3
33694,2
33695,0
33696,3
33697,0
33698,0
33699,0
33700,4
33701,3
33702,2
33703,2
33704,0
33705,0
33706,1
33707,1
33708,3
33709,4
33710,2
33711,0
33712,0
33713,4
33714,1
33715,0
33716,3
33717,0
33718,2
33719,1
33720,0
33721,2
33722,3
33723,2
33724,2
33725,1
33726,1
33727,0
33728,2
33729,1
33730,2
33731,4
33732,2
33733,2
33734,0
33735,3
33736,3
33737,3
33738,2
33739,1
33740,1
33741,0
33742,0
33743,4
33744,1
33745,4
33746,4
33747,4
33748,3
33749,0
33750,1
33751,3
33752,0
33753,4
33754,1
33755,0
33756,0
33757,2
33758,4
33759,2
33760,2
33761,2
33762,2
33763,0
33764,3
33765,3
33766,4
33767,3
33768,3
33769,3
33770,0
33771,1
33772,1
33773,0
33774,0
33775,3
33776,3
33777,0
33778,0
33779,4
33780,4
33781,3
33782,1
33783,1
33784,1
33785,0
33786,1
33787,0
33788,1
33789,1
33790,4
33791,0
33792,1
33793,2
33794,2
33795,2
33796,2
33797,3
33798,2
33799,4
33800,3
33801,2
33802,3
33803,2
33804,4
33805,1
33806,3
33807,0
33808,1
33809,1
33810,3
33811,0
33812,2
33813,4
33814,2
33815,0
33816,2
33817,4
33818,3
33819,1
33820,4
33821,4
33822,0
33823,4
33824,0
33825,2
33826,4
33827,4
33828,2
33829,4
33830,0
33831,1
33832,0
33833,3
33834,2
33835,1
33836,1
33837,0
33838,3
33839,2
33840,3
33841,1
33842,0
33843,0
33844,1
33845,1
33846,3
33847,0
33848,3
33849,1
33850,0
33851,0
33852,0
33853,1
33854,3
33855,4
33856,3
33857,1
33858,2
33859,1
33860,2
33861,3
33862,3
33863,3
33864,3
33865,0
33866,1
33867,2
33868,4
33869,3
33870,1
33871,1
33872,3
33873,3
33874,4
33875,3
33876,0
33877,4
33878,0
33879,4
33880,2
33881,1
33882,3
33883,2
33884,1
33885,4
33886,1
33887,4
33888,4
33889,4
33890,0
33891,1
33892,1
33893,3
33894,3
33895,0
33896,1
33897,3
33898,4
33899,0
33900,2
33901,0
33902,2
33903,3
33904,2
33905,4
33906,2
33907,1
33908,1
33909,3
33910,4
33911,0
33912,0
33913,4
33914,1
33915,0
33916,3
33917,0
33918,1
33919,4
33920,0
33921,4
33922,2
33923,0
33924,3
33925,1
33926,1
33927,2
33928,0
33929,3
33930,3
33931,0
33932,1
33933,0
33934,4
33935,3
33936,4
33937,2
33938,1
33939,2
33940,4
33941,2
33942,0
33943,2
33944,4
33945,3
33946,0
33947,2
33948,3
33949,1
33950,0
33951,3
33952,1
33953,1
33954,3
33955,1
33956,2
33957,4
33958,2
33959,3
33960,0
33961,0
33962,1
33963,0
33964,2
33965,0
33966,0
33967,1
33968,1
33969,0
33970,2
33971,3
33972,0
33973,3
33974,2
33975,0
33976,0
33977,2
33978,1
33979,3
33980,2
33981,0
33982,2
33983,2
33984,0
33985,2
33986,2
33987,0
33988,4
33989,3
33990,2
33991,0
33992,2
33993,0
33994,0
33995,4
33996,1
33997,3
33998,0
33999,3
34000,4
34001,3
34002,1
34003,1
34004,0
34005,4
34006,2
34007,1
34008,1
34009,1
34010,4
34011,1
34012,1
34013,1
34014,1
34015,3
34016,2
34017,3
34018,3
34019,1
34020,4
34021,2
34022,1
34023,3
34024,4
34025,1
34026,0
34027,2
34028,1
34029,0
34030,2
34031,4
34032,4
34033,3
34034,3
34035,2
34036,3
34037,3
34038,2
34039,3
34040,1
34041,2
34042,1
34043,2
34044,2
34045,1
34046,1
34047,4
34048,3
34049,1
34050,4
34051,0
34052,3
34053,1
34054,3
34055,1
34056,3
34057,3
34058,3
34059,1
34060,1
34061,0
34062,0
34063,2
34064,0
34065,4
34066,1
34067,4
34068,4
34069,1
34070,2
34071,2
34072,1
34073,0
34074,2
34075,1
34076,1
34077,4
34078,0
34079,1
34080,2
34081,1
34082,1
34083,1
34084,4
34085,1
34086,1
34087,1
34088,2
34089,3
34090,4
34091,2
34092,2
34093,0
34094,0
34095,4
34096,2
34097,2
34098,0
34099,4
34100,0
34101,2
34102,2
34103,2
34104,3
34105,4
34106,2
34107,1
34108,3
34109,3
34110,2
34111,0
34112,4
34113,4
34114,3
34115,1
34116,0
34117,0
34118,0
34119,4
34120,2
34121,0
34122,3
34123,1
34124,3
34125,2
34126,1
34127,4
34128,1
34129,3
34130,3
34131,0
34132,4
34133,2
34134,2
34135,0
34136,1
34137,3
34138,3
34139,1
34140,3
34141,1
34142,2
34143,4
34144,1
34145,3
34146,1
34147,2
34148,3
34149,2
34150,1
34151,1
34152,1
34153,4
34154,3
34155,0
34156,1
34157,2
34158,4
34159,1
34160,3
34161,2
34162,1
34163,3
34164,0
34165,2
34166,0
34167,2
34168,1
34169,3
34170,0
34171,0
34172,1
34173,4
34174,3
34175,2
34176,1
34177,3
34178,1
34179,3
34180,4
34181,0
34182,1
34183,2
34184,2
34185,1
34186,2
34187,0
34188,1
34189,4
34190,4
34191,2
34192,4
34193,2
34194,4
34195,2
34196,4
34197,4
34198,0
34199,4
34200,1
34201,4
34202,1
34203,0
34204,0
34205,0
34206,2
34207,2
34208,3
34209,1
34210,0
34211,3
34212,1
34213,4
34214,1
34215,0
34216,4
34217,0
34218,2
34219,0
34220,2
34221,0
34222,0
34223,2
34224,2
34225,3
34226,1
34227,1
34228,2
34229,4
34230,2
34231,2
34232,0
34233,1
34234,3
34235,1
34236,0
34237,2
34238,1
34239,3
34240,4
34241,0
34242,3
34243,1
34244,3
34245,1
34246,3
34247,0
34248,1
34249,3
34250,0
34251,0
34252,2
34253,3
34254,0
34255,0
34256,2
34257,0
34258,1
34259,2
34260,1
34261,1
34262,2
34263,2
34264,4
34265,0
34266,2
34267,2
34268,0
34269,1
34270,4
34271,4
34272,4
34273,2
34274,3
34275,0
34276,2
34277,2
34278,1
34279,4
34280,2
34281,0
34282,0
34283,1
34284,4
34285,4
34286,2
34287,1
34288,2
34289,1
34290,3
34291,3
34292,1
34293,3
34294,2
34295,1
34296,1
34297,2
34298,4
34299,3
34300,0
34301,4
34302,1
34303,4
34304,2
34305,0
34306,2
34307,2
34308,1
34309,2
34310,1
34311,2
34312,4
34313,1
34314,0
34315,3
34316,3
34317,1
34318,2
34319,2
34320,1
34321,3
34322,3
34323,3
34324,1
34325,4
34326,4
34327,1
34328,1
34329,2
34330,4
34331,1
34332,1
34333,1
34334,0
34335,0
34336,2
34337,1
34338,3
34339,2
34340,3
34341,0
34342,2
34343,4
34344,3
34345,0
34346,0
34347,2
34348,1
34349,2
34350,2
34351,2
34352,2
34353,2
34354,4
34355,3
34356,3
34357,3
34358,3
34359,3
34360,0
34361,1
34362,1
34363,0
34364,2
34365,3
34366,3
34367,3
34368,1
34369,2
34370,2
34371,0
34372,0
34373,4
34374,0
34375,2
34376,3
34377,1
34378,0
34379,0
34380,1
34381,1
34382,2
34383,0
34384,3
34385,2
34386,1
34387,2
34388,1
34389,4
34390,4
34391,2
34392,3
34393,2
34394,4
34395,0
34396,1
34397,2
34398,4
34399,4
34400,1
34401,3
34402,4
34403,2
34404,3
34405,3
34406,0
34407,1
34408,0
34409,2
34410,3
34411,0
34412,3
34413,2
34414,3
34415,0
34416,2
34417,1
34418,2
34419,0
34420,0
34421,3
34422,2
34423,4
34424,1
34425,2
34426,3
34427,3
34428,4
34429,2
34430,1
34431,4
34432,3
34433,1
34434,3
34435,4
34436,0
34437,1
34438,2
34439,4
34440,2
34441,0
34442,0
34443,4
34444,4
34445,3
34446,2
34447,0
34448,0
34449,3
34450,1
34451,3
34452,4
34453,0
34454,2
34455,4
34456,0
34457,1
34458,3
34459,3
34460,3
34461,0
34462,2
34463,0
34464,3
34465,1
34466,2
34467,4
34468,2
34469,2
34470,4
34471,2
34472,2
34473,0
34474,4
34475,2
34476,0
34477,1
34478,4
34479,4
34480,4
34481,2
34482,0
34483,2
34484,3
34485,0
34486,1
34487,1
34488,1
34489,2
34490,3
34491,4
34492,3
34493,4
34494,3
34495,3
34496,2
34497,3
34498,1
34499,1
34500,3
34501,1
34502,4
34503,2
34504,1
34505,1
34506,1
34507,1
34508,1
34509,2
34510,4
34511,3
34512,1
34513,1
34514,2
34515,1
34516,0
34517,4
34518,2
34519,0
34520,2
34521,3
34522,0
34523,4
34524,4
34525,3
34526,0
34527,1
34528,2
34529,3
34530,2
34531,1
34532,0
34533,4
34534,0
34535,1
34536,2
34537,2
34538,0
34539,4
34540,2
34541,2
34542,4
34543,2
34544,0
34545,3
34546,0
34547,2
34548,3
34549,1
34550,1
34551,1
34552,2
34553,4
34554,0
34555,0
34556,3
34557,2
34558,2
34559,3
34560,3
34561,0
34562,4
34563,2
34564,2
34565,0
34566,1
34567,3
34568,2
34569,4
34570,2
34571,1
34572,3
34573,2
34574,4
34575,1
34576,3
34577,1
34578,0
34579,0
34580,3
34581,0
34582,3
34583,2
34584,1
34585,0
34586,0
34587,3
34588,1
34589,0
34590,2
34591,0
34592,0
34593,3
34594,2
34595,2
34596,2
34597,1
34598,3
34599,1
34600,3
34601,0
34602,3
34603,3
34604,4
34605,1
34606,3
34607,1
34608,2
34609,1
34610,0
34611,4
34612,1
34613,2
34614,0
34615,4
34616,0
34617,0
34618,2
34619,0
34620,4
34621,0
34622,4
34623,2
34624,2
34625,1
34626,4
34627,1
34628,2
34629,0
34630,1
34631,4
34632,3
34633,3
34634,1
34635,1
34636,3
34637,4
34638,3
34639,3
34640,1
34641,4
34642,0
34643,3
34644,0
34645,3
34646,4
34647,1
34648,1
34649,1
34650,4
34651,4
34652,2
34653,1
34654,1
34655,2
34656,1
34657,2
34658,1
34659,3
34660,4
34661,3
34662,2
34663,3
34664,1
34665,0
34666,0
34667,0
34668,0
34669,2
34670,3
34671,2
34672,0
34673,2
34674,1
34675,1
34676,2
34677,0
34678,2
34679,2
34680,3
34681,1
34682,3
34683,2
34684,1
34685,3
34686,4
34687,4
34688,0
34689,3
34690,1
34691,0
34692,3
34693,3
34694,1
34695,2
34696,0
34697,0
34698,1
34699,3
34700,1
34701,4
34702,1
34703,0
34704,2
34705,1
34706,3
34707,2
34708,2
34709,4
34710,2
34711,0
34712,4
34713,0
34714,3
34715,0
34716,1
34717,1
34718,1
34719,2
34720,2
34721,0
34722,3
34723,2
34724,2
34725,3
34726,2
34727,1
34728,3
34729,0
34730,0
34731,2
34732,0
34733,0
34734,0
34735,3
34736,1
34737,4
34738,0
34739,3
34740,1
34741,3
34742,0
34743,0
34744,4
34745,0
34746,4
34747,2
34748,3
34749,2
34750,2
34751,0
34752,1
34753,2
34754,3
34755,4
34756,2
34757,2
34758,4
34759,2
34760,1
34761,2
34762,0
34763,4
34764,1
34765,1
34766,0
34767,3
34768,1
34769,2
34770,3
34771,4
34772,3
34773,3
34774,4
34775,1
34776,1
34777,2
34778,1
34779,2
34780,1
34781,4
34782,1
34783,2
34784,4
34785,2
34786,0
34787,1
34788,2
34789,1
34790,1
34791,1
34792,4
34793,2
34794,4
34795,2
34796,0
34797,2
34798,1
34799,4
34800,0
34801,3
34802,2
34803,2
34804,0
34805,2
34806,0
34807,0
34808,1
34809,4
34810,2
34811,3
34812,2
34813,1
34814,1
34815,2
34816,1
34817,3
34818,2
34819,3
34820,2
34821,3
34822,2
34823,4
34824,1
34825,4
34826,4
34827,2
34828,1
34829,2
34830,1
34831,4
34832,3
34833,2
34834,2
34835,1
34836,4
34837,3
34838,2
34839,1
34840,3
34841,4
34842,1
34843,3
34844,0
34845,0
34846,4
34847,1
34848,3
34849,2
34850,4
34851,1
34852,1
34853,2
34854,0
34855,3
34856,0
34857,0
34858,3
34859,3
34860,0
34861,1
34862,3
34863,4
34864,2
34865,0
34866,1
34867,0
34868,3
34869,0
34870,0
34871,1
34872,0
34873,3
34874,2
34875,3
34876,1
34877,0
34878,2
34879,1
34880,1
34881,3
34882,0
34883,1
34884,1
34885,0
34886,2
34887,2
34888,0
34889,1
34890,0
34891,3
34892,4
34893,2
34894,3
34895,2
34896,0
34897,0
34898,1
34899,4
34900,4
34901,4
34902,0
34903,0
34904,3
34905,2
34906,1
34907,3
34908,1
34909,0
34910,0
34911,2
34912,4
34913,4
34914,1
34915,1
34916,1
34917,0
34918,2
34919,3
34920,2
34921,3
34922,1
34923,2
34924,1
34925,4
34926,1
34927,4
34928,3
34929,1
34930,4
34931,2
34932,0
34933,1
34934,0
34935,4
34936,4
34937,1
34938,0
34939,0
34940,3
34941,2
34942,3
34943,3
34944,0
34945,0
34946,0
34947,3
34948,4
34949,1
34950,3
34951,3
34952,3
34953,1
34954,1
34955,3
34956,0
34957,0
34958,1
34959,1
34960,4
34961,0
34962,3
34963,1
34964,1
34965,4
34966,2
34967,4
34968,0
34969,1
34970,4
34971,0
34972,0
34973,3
34974,2
34975,0
34976,2
34977,3
34978,0
34979,1
34980,2
34981,0
34982,1
34983,3
34984,1
34985,2
34986,1
34987,3
34988,4
34989,1
34990,4
34991,3
34992,3
34993,2
34994,2
34995,3
34996,0
34997,4
34998,1
34999,4
35000,0
35001,4
35002,4
35003,1
35004,1
35005,4
35006,2
35007,2
35008,3
35009,2
35010,1
35011,3
35012,2
35013,3
35014,4
35015,2
35016,1
35017,0
35018,4
35019,0
35020,2
35021,1
35022,2
35023,4
35024,1
35025,1
35026,3
35027,1
35028,4
35029,2
35030,4
35031,2
35032,3
35033,2
35034,0
35035,3
35036,1
35037,1
35038,0
35039,1
35040,4
35041,0
35042,0
35043,2
35044,0
35045,2
35046,1
35047,4
35048,1
35049,3
35050,1
35051,0
35052,2
35053,4
35054,3
35055,4
35056,2
35057,3
35058,1
35059,2
35060,0
35061,0
35062,1
35063,2
35064,3
35065,3
35066,1
35067,4
35068,3
35069,1
35070,4
35071,0
35072,0
35073,2
35074,0
35075,1
35076,1
35077,0
35078,1
35079,3
35080,3
35081,0
35082,1
35083,0
35084,4
35085,2
35086,0
35087,1
35088,3
35089,3
35090,0
35091,3
35092,2
35093,0
35094,3
35095,0
35096,0
35097,2
35098,2
35099,1
35100,0
35101,0
35102,3
35103,1
35104,0
35105,4
35106,1
35107,1
35108,2
35109,1
35110,3
35111,2
35112,4
35113,1
35114,3
35115,2
35116,0
35117,0
35118,3
35119,1
35120,1
35121,2
35122,2
35123,3
35124,0
35125,3
35126,2
35127,1
35128,0
35129,1
35130,1
35131,0
35132,3
35133,0
35134,1
35135,1
35136,3
35137,2
35138,3
35139,0
35140,2
35141,0
35142,3
35143,3
35144,2
35145,2
35146,2
35147,4
35148,0
35149,4
35150,1
35151,1
35152,1
35153,0
35154,4
35155,0
35156,4
35157,4
35158,2
35159,3
35160,0
35161,4
35162,1
35163,1
35164,1
35165,0
35166,2
35167,4
35168,1
35169,0
35170,1
35171,3
35172,0
35173,1
35174,2
35175,3
35176,2
35177,0
35178,4
35179,0
35180,0
35181,1
35182,2
35183,4
35184,2
35185,0
35186,3
35187,4
35188,3
35189,2
35190,3
35191,4
35192,1
35193,3
35194,1
35195,1
35196,2
35197,2
35198,2
35199,0
35200,3
35201,4
35202,0
35203,4
35204,2
35205,3
35206,1
35207,0
35208,0
35209,2
35210,3
35211,1
35212,0
35213,1
35214,2
35215,4
35216,0
35217,2
35218,4
35219,0
35220,1
35221,1
35222,3
35223,2
35224,4
35225,0
35226,0
35227,3
35228,4
35229,2
35230,2
35231,0
35232,0
35233,1
35234,1
35235,2
35236,3
35237,1
35238,1
35239,3
35240,0
35241,2
35242,4
35243,3
35244,0
35245,0
35246,2
35247,1
35248,1
35249,0
35250,2
35251,1
35252,1
35253,2
35254,2
35255,2
35256,1
35257,4
35258,4
35259,0
35260,0
35261,1
35262,2
35263,0
35264,2
35265,4
35266,4
35267,2
35268,4
35269,4
35270,0
35271,1
35272,4
35273,2
35274,0
35275,4
35276,0
35277,3
35278,2
35279,1
35280,2
35281,4
35282,0
35283,3
35284,0
35285,0
35286,3
35287,1
35288,4
35289,1
35290,0
35291,1
35292,3
35293,4
35294,1
35295,3
35296,4
35297,2
35298,1
35299,0
35300,3
35301,2
35302,3
35303,3
35304,2
35305,1
35306,1
35307,0
35308,2
35309,2
35310,1
35311,3
35312,2
35313,0
35314,1
35315,2
35316,3
35317,3
35318,3
35319,2
35320,1
35321,4
35322,3
35323,0
35324,3
35325,2
35326,0
35327,0
35328,2
35329,3
35330,0
35331,3
35332,2
35333,4
35334,3
35335,1
35336,2
35337,1
35338,0
35339,2
35340,4
35341,0
35342,2
35343,1
35344,1
35345,0
35346,2
35347,1
35348,1
35349,4
35350,1
35351,2
35352,1
35353,1
35354,1
35355,1
35356,2
35357,0
35358,2
35359,3
35360,4
35361,3
35362,1
35363,3
35364,2
35365,4
35366,3
35367,3
35368,1
35369,2
35370,3
35371,2
35372,0
35373,3
35374,2
35375,3
35376,4
35377,1
35378,1
35379,3
35380,4
35381,2
35382,3
35383,0
35384,0
35385,2
35386,3
35387,0
35388,1
35389,4
35390,0
35391,0
35392,0
35393,3
35394,3
35395,3
35396,1
35397,0
35398,2
35399,3
35400,4
35401,0
35402,1
35403,1
35404,3
35405,3
35406,2
35407,3
35408,4
35409,2
35410,2
35411,4
35412,0
35413,3
35414,0
35415,1
35416,3
35417,3
35418,0
35419,2
35420,3
35421,3
35422,4
35423,2
35424,4
35425,3
35426,0
35427,3
35428,2
35429,2
35430,0
35431,0
35432,0
35433,0
35434,0
35435,2
35436,4
35437,0
35438,4
35439,1
35440,0
35441,0
35442,1
35443,1
35444,1
35445,1
35446,0
35447,4
35448,4
35449,2
35450,0
35451,3
35452,4
35453,2
35454,4
35455,3
35456,3
35457,3
35458,1
35459,0
35460,3
35461,0
35462,2
35463,0
35464,2
35465,2
35466,1
35467,3
35468,4
35469,3
35470,3
35471,2
35472,2
35473,0
35474,1
35475,3
35476,4
35477,0
35478,0
35479,0
35480,4
35481,3
35482,3
35483,4
35484,0
35485,0
35486,3
35487,1
35488,1
35489,2
35490,3
35491,0
35492,3
35493,3
35494,2
35495,2
35496,0
35497,2
35498,2
35499,2
35500,0
35501,0
35502,4
35503,2
35504,4
35505,1
35506,2
35507,3
35508,2
35509,4
35510,3
35511,1
35512,3
35513,3
35514,3
35515,2
35516,2
35517,1
35518,3
35519,1
35520,0
35521,0
35522,3
35523,4
35524,4
35525,0
35526,0
35527,4
35528,2
35529,2
35530,2
35531,2
35532,1
35533,4
35534,4
35535,0
35536,4
35537,2
35538,4
35539,4
35540,4
35541,1
35542,0
35543,3
35544,2
35545,4
35546,2
35547,2
35548,1
35549,3
35550,0
35551,4
35552,1
35553,2
35554,3
35555,2
35556,2
35557,0
35558,3
35559,3
35560,4
35561,2
35562,4
35563,3
35564,2
35565,3
35566,3
35567,2
35568,4
35569,3
35570,1
35571,0
35572,0
35573,2
35574,3
35575,0
35576,2
35577,3
35578,3
35579,0
35580,1
35581,1
35582,4
35583,0
35584,2
35585,3
35586,2
35587,1
35588,3
35589,0
35590,1
35591,2
35592,1
35593,3
35594,2
35595,3
35596,1
35597,1
35598,2
35599,4
35600,0
35601,3
35602,1
35603,1
35604,2
35605,3
35606,0
35607,1
35608,3
35609,1
35610,1
35611,3
35612,0
35613,0
35614,1
35615,0
35616,4
35617,4
35618,3
35619,1
35620,4
35621,3
35622,1
35623,1
35624,0
35625,1
35626,2
35627,3
35628,0
35629,0
35630,3
35631,1
35632,2
35633,1
35634,4
35635,4
35636,3
35637,0
35638,3
35639,1
35640,1
35641,0
35642,4
35643,2
35644,1
35645,2
35646,4
35647,1
35648,3
35649,3
35650,4
35651,3
35652,2
35653,2
35654,3
35655,1
35656,1
35657,2
35658,3
35659,1
35660,3
35661,1
35662,3
35663,1
35664,3
35665,1
35666,0
35667,1
35668,3
35669,2
35670,4
35671,3
35672,3
35673,3
35674,2
35675,3
35676,0
35677,0
35678,0
35679,1
35680,3
35681,0
35682,0
35683,0
35684,0
35685,2
35686,2
35687,2
35688,0
35689,1
35690,4
35691,3
35692,2
35693,0
35694,2
35695,1
35696,0
35697,1
35698,1
35699,1
35700,2
35701,3
35702,2
35703,0
35704,0
35705,2
35706,1
35707,0
35708,0
35709,4
35710,1
35711,3
35712,1
35713,0
35714,4
35715,3
35716,4
35717,1
35718,1
35719,2
35720,1
35721,3
35722,1
35723,2
35724,0
35725,0
35726,2
35727,1
35728,2
35729,2
35730,0
35731,1
35732,4
35733,1
35734,1
35735,0
35736,3
35737,2
35738,2
35739,2
35740,2
35741,4
35742,2
35743,4
35744,3
35745,3
35746,4
35747,0
35748,2
35749,2
35750,0
35751,4
35752,3
35753,0
35754,0
35755,0
35756,0
35757,2
35758,0
35759,4
35760,3
35761,2
35762,0
35763,3
35764,4
35765,1
35766,2
35767,1
35768,4
35769,1
35770,4
35771,4
35772,0
35773,3
35774,0
35775,3
35776,2
35777,4
35778,2
35779,0
35780,3
35781,0
35782,1
35783,1
35784,2
35785,2
35786,0
35787,2
35788,0
35789,1
35790,1
35791,4
35792,0
35793,1
35794,4
35795,0
35796,3
35797,3
35798,0
35799,1
35800,1
35801,0
35802,4
35803,3
35804,4
35805,3
35806,1
35807,3
35808,0
35809,0
35810,0
35811,1
35812,2
35813,4
35814,2
35815,3
35816,1
35817,3
35818,2
35819,1
35820,1
35821,0
35822,1
35823,2
35824,0
35825,1
35826,2
35827,1
35828,2
35829,4
35830,3
35831,2
35832,3
35833,4
35834,2
35835,0
35836,3
35837,4
35838,4
35839,2
35840,2
35841,3
35842,3
35843,3
35844,1
35845,2
35846,3
35847,2
35848,2
35849,4
35850,0
35851,3
35852,4
35853,4
35854,3
35855,0
35856,3
35857,1
35858,2
35859,2
35860,2
35861,0
35862,4
35863,0
35864,3
35865,2
35866,3
35867,2
35868,2
35869,0
35870,4
35871,1
35872,3
35873,3
35874,4
35875,1
35876,3
35877,3
35878,2
35879,3
35880,1
35881,2
35882,2
35883,1
35884,3
35885,4
35886,0
35887,0
35888,0
35889,0
35890,3
35891,1
35892,3
35893,3
35894,2
35895,1
35896,1
35897,1
35898,3
35899,1
35900,1
35901,3
35902,4
35903,2
35904,2
35905,0
35906,0
35907,1
35908,1
35909,1
35910,1
35911,3
35912,0
35913,2
35914,4
35915,2
35916,2
35917,0
35918,1
35919,3
35920,0
35921,4
35922,1
35923,2
35924,3
35925,0
35926,4
35927,4
35928,2
35929,2
35930,1
35931,1
35932,1
35933,1
35934,0
35935,1
35936,2
35937,2
35938,4
35939,0
35940,1
35941,4
35942,3
35943,1
35944,4
35945,3
35946,0
35947,4
35948,4
35949,0
35950,0
35951,2
35952,2
35953,1
35954,2
35955,0
35956,2
35957,1
35958,1
35959,1
35960,4
35961,0
35962,2
35963,0
35964,1
35965,2
35966,2
35967,0
35968,3
35969,2
35970,3
35971,1
35972,4
35973,1
35974,0
35975,3
35976,3
35977,2
35978,1
35979,1
35980,3
35981,4
35982,0
35983,3
35984,1
35985,4
35986,2
35987,3
35988,1
35989,2
35990,3
35991,3
35992,4
35993,0
35994,0
35995,3
35996,2
35997,3
35998,2
35999,0
36000,2
36001,2
36002,3
36003,1
36004,4
36005,2
36006,3
36007,3
36008,0
36009,3
36010,4
36011,2
36012,3
36013,2
36014,2
36015,2
36016,1
36017,0
36018,1
36019,2
36020,1
36021,4
36022,2
36023,3
36024,2
36025,0
36026,1
36027,4
36028,1
36029,0
36030,1
36031,4
36032,1
36033,3
36034,1
36035,4
36036,2
36037,0
36038,2
36039,1
36040,1
36041,0
36042,0
36043,1
36044,1
36045,3
36046,1
36047,3
36048,1
36049,2
36050,3
36051,3
36052,1
36053,2
36054,2
36055,3
36056,1
36057,2
36058,1
36059,1
36060,3
36061,0
36062,2
36063,4
36064,4
36065,3
36066,3
36067,2
36068,4
36069,4
36070,3
36071,3
36072,2
36073,0
36074,1
36075,1
36076,4
36077,1
36078,2
36079,4
36080,1
36081,2
36082,1
36083,1
36084,3
36085,0
36086,3
36087,2
36088,2
36089,3
36090,0
36091,0
36092,2
36093,0
36094,3
36095,2
36096,4
36097,1
36098,1
36099,2
36100,3
36101,0
36102,2
36103,0
36104,0
36105,2
36106,4
36107,1
36108,3
36109,0
36110,0
36111,1
36112,2
36113,1
36114,3
36115,4
36116,4
36117,1
36118,1
36119,2
36120,2
36121,0
36122,3
36123,3
36124,1
36125,2
36126,4
36127,2
36128,1
36129,3
36130,3
36131,3
36132,3
36133,1
36134,4
36135,0
36136,3
36137,1
36138,3
36139,2
36140,1
36141,2
36142,3
36143,4
36144,3
36145,1
36146,0
36147,1
36148,4
36149,4
36150,1
36151,2
36152,1
36153,0
36154,1
36155,2
36156,2
36157,3
36158,2
36159,0
36160,2
36161,3
36162,1
36163,3
36164,0
36165,2
36166,4
36167,1
36168,2
36169,2
36170,3
36171,2
36172,0
36173,3
36174,4
36175,3
36176,0
36177,0
36178,3
36179,2
36180,0
36181,4
36182,0
36183,3
36184,1
36185,4
36186,3
36187,3
36188,2
36189,3
36190,2
36191,4
36192,1
36193,4
36194,4
36195,2
36196,0
36197,1
36198,3
36199,1
36200,0
36201,2
36202,0
36203,1
36204,2
36205,0
36206,1
36207,2
36208,0
36209,3
36210,2
36211,3
36212,3
36213,2
36214,2
36215,3
36216,3
36217,3
36218,3
36219,1
36220,4
36221,4
36222,3
36223,3
36224,4
36225,0
36226,4
36227,0
36228,1
36229,4
36230,1
36231,1
36232,0
36233,3
36234,0
36235,3
36236,1
36237,1
36238,3
36239,3
36240,4
36241,0
36242,3
36243,2
36244,1
36245,2
36246,4
36247,4
36248,4
36249,3
36250,4
36251,4
36252,2
36253,1
36254,1
36255,2
36256,0
36257,3
36258,2
36259,1
36260,3
36261,2
36262,0
36263,1
36264,1
36265,4
36266,1
36267,0
36268,2
36269,2
36270,3
36271,3
36272,4
36273,1
36274,1
36275,2
36276,0
36277,0
36278,1
36279,3
36280,1
36281,3
36282,0
36283,2
36284,1
36285,0
36286,4
36287,2
36288,2
36289,0
36290,1
36291,0
36292,3
36293,1
36294,2
36295,4
36296,0
36297,2
36298,2
36299,1
36300,2
36301,4
36302,1
36303,0
36304,0
36305,4
36306,3
36307,0
36308,0
36309,2
36310,4
36311,2
36312,2
36313,2
36314,1
36315,2
36316,4
36317,2
36318,3
36319,3
36320,4
36321,0
36322,2
36323,1
36324,1
36325,0
36326,1
36327,2
36328,4
36329,2
36330,3
36331,2
36332,0
36333,1
36334,4
36335,3
36336,2
36337,2
36338,2
36339,1
36340,0
36341,4
36342,1
36343,0
36344,3
36345,0
36346,2
36347,2
36348,3
36349,0
36350,0
36351,1
36352,1
36353,0
36354,3
36355,2
36356,2
36357,2
36358,1
36359,1
36360,4
36361,4
36362,1
36363,1
36364,3
36365,3
36366,3
36367,2
36368,0
36369,3
36370,0
36371,2
36372,1
36373,1
36374,4
36375,1
36376,0
36377,4
36378,1
36379,3
36380,1
36381,3
36382,2
36383,3
36384,1
36385,2
36386,3
36387,1
36388,1
36389,4
36390,3
36391,2
36392,4
36393,2
36394,4
36395,1
36396,2
36397,3
36398,2
36399,2
36400,0
36401,4
36402,3
36403,2
36404,4
36405,1
36406,3
36407,0
36408,2
36409,0
36410,1
36411,3
36412,3
36413,4
36414,3
36415,3
36416,2
36417,1
36418,0
36419,2
36420,1
36421,3
36422,3
36423,2
36424,3
36425,3
36426,3
36427,2
36428,2
36429,0
36430,1
36431,3
36432,3
36433,3
36434,2
36435,1
36436,3
36437,1
36438,3
36439,3
36440,0
36441,0
36442,1
36443,3
36444,2
36445,3
36446,1
36447,3
36448,1
36449,1
36450,2
36451,4
36452,4
36453,3
36454,2
36455,3
36456,2
36457,2
36458,0
36459,4
36460,1
36461,0
36462,2
36463,0
36464,1
36465,1
36466,3
36467,2
36468,0
36469,0
36470,3
36471,4
36472,0
36473,2
36474,1
36475,3
36476,4
36477,4
36478,4
36479,1
36480,2
36481,2
36482,2
36483,0
36484,0
36485,3
36486,1
36487,3
36488,3
36489,0
36490,4
36491,3
36492,4
36493,2
36494,2
36495,2
36496,1
36497,2
36498,0
36499,2
36500,1
36501,1
36502,4
36503,2
36504,3
36505,2
36506,4
36507,0
36508,3
36509,1
36510,1
36511,1
36512,0
36513,3
36514,1
36515,2
36516,0
36517,0
36518,0
36519,0
36520,4
36521,2
36522,0
36523,0
36524,3
36525,3
36526,2
36527,4
36528,4
36529,0
36530,4
36531,3
36532,0
36533,1
36534,2
36535,3
36536,3
36537,0
36538,1
36539,0
36540,1
36541,2
36542,2
36543,4
36544,0
36545,4
36546,3
36547,1
36548,3
36549,2
36550,0
36551,1
36552,3
36553,2
36554,2
36555,1
36556,2
36557,1
36558,4
36559,4
36560,3
36561,4
36562,3
36563,4
36564,3
36565,3
36566,3
36567,1
36568,4
36569,2
36570,1
36571,1
36572,1
36573,1
36574,2
36575,3
36576,0
36577,3
36578,3
36579,1
36580,4
36581,2
36582,4
36583,0
36584,0
36585,0
36586,0
36587,3
36588,0
36589,0
36590,4
36591,1
36592,0
36593,2
36594,3
36595,1
36596,3
36597,4
36598,2
36599,0
36600,3
36601,2
36602,3
36603,2
36604,0
36605,2
36606,0
36607,3
36608,2
36609,1
36610,0
36611,4
36612,2
36613,2
36614,3
36615,2
36616,2
36617,4
36618,4
36619,1
36620,1
36621,2
36622,2
36623,1
36624,2
36625,2
36626,1
36627,0
36628,3
36629,2
36630,0
36631,1
36632,0
36633,1
36634,4
36635,0
36636,2
36637,4
36638,0
36639,0
36640,2
36641,4
36642,2
36643,0
36644,1
36645,3
36646,4
36647,1
36648,4
36649,2
36650,2
36651,0
36652,1
36653,0
36654,0
36655,0
36656,1
36657,2
36658,2
36659,2
36660,4
36661,1
36662,3
36663,3
36664,1
36665,1
36666,4
36667,3
36668,3
36669,4
36670,3
36671,3
36672,1
36673,1
36674,4
36675,0
36676,1
36677,1
36678,0
36679,3
36680,1
36681,0
36682,3
36683,2
36684,2
36685,3
36686,2
36687,4
36688,0
36689,0
36690,0
36691,1
36692,4
36693,0
36694,0
36695,3
36696,3
36697,4
36698,2
36699,4
36700,0
36701,2
36702,1
36703,4
36704,0
36705,0
36706,4
36707,4
36708,4
36709,3
36710,4
36711,0
36712,4
36713,2
36714,2
36715,3
36716,1
36717,2
36718,0
36719,0
36720,0
36721,3
36722,1
36723,3
36724,3
36725,4
36726,0
36727,3
36728,4
36729,0
36730,4
36731,4
36732,2
36733,0
36734,2
36735,0
36736,0
36737,1
36738,1
36739,4
36740,1
36741,1
36742,4
36743,0
36744,3
36745,4
36746,1
36747,4
36748,4
36749,3
36750,4
36751,3
36752,2
36753,0
36754,3
36755,1
36756,4
36757,2
36758,0
36759,4
36760,1
36761,2
36762,3
36763,0
36764,3
36765,2
36766,4
36767,2
36768,0
36769,3
36770,3
36771,0
36772,2
36773,1
36774,1
36775,0
36776,1
36777,4
36778,2
36779,4
36780,4
36781,4
36782,4
36783,1
36784,2
36785,3
36786,4
36787,3
36788,1
36789,0
36790,1
36791,2
36792,4
36793,0
36794,0
36795,1
36796,2
36797,2
36798,0
36799,3
36800,0
36801,2
36802,1
36803,0
36804,4
36805,1
36806,3
36807,2
36808,1
36809,2
36810,4
36811,2
36812,3
36813,4
36814,3
36815,2
36816,4
36817,0
36818,2
36819,1
36820,0
36821,4
36822,2
36823,0
36824,0
36825,3
36826,2
36827,1
36828,1
36829,2
36830,3
36831,0
36832,4
36833,3
36834,3
36835,1
36836,0
36837,0
36838,2
36839,0
36840,0
36841,2
36842,3
36843,3
36844,2
36845,0
36846,0
36847,1
36848,4
36849,0
36850,1
36851,3
36852,2
36853,3
36854,2
36855,1
36856,1
36857,0
36858,4
36859,4
36860,2
36861,3
36862,1
36863,2
36864,3
36865,1
36866,4
36867,0
36868,1
36869,3
36870,0
36871,0
36872,1
36873,2
36874,4
36875,0
36876,2
36877,0
36878,2
36879,0
36880,1
36881,0
36882,0
36883,1
36884,4
36885,3
36886,2
36887,3
36888,1
36889,2
36890,4
36891,3
36892,1
36893,3
36894,4
36895,0
36896,3
36897,2
36898,1
36899,1
36900,1
36901,2
36902,2
36903,1
36904,3
36905,4
36906,4
36907,0
36908,0
36909,1
36910,3
36911,3
36912,3
36913,3
36914,3
36915,3
36916,4
36917,1
36918,2
36919,3
36920,3
36921,3
36922,3
36923,0
36924,2
36925,2
36926,0
36927,4
36928,1
36929,2
36930,0
36931,2
36932,0
36933,1
36934,0
36935,2
36936,0
36937,3
36938,4
36939,0
36940,3
36941,1
36942,2
36943,1
36944,1
36945,0
36946,2
36947,4
36948,2
36949,3
36950,0
36951,0
36952,0
36953,1
36954,0
36955,1
36956,3
36957,1
36958,3
36959,2
36960,3
36961,1
36962,1
36963,2
36964,2
36965,0
36966,1
36967,3
36968,2
36969,2
36970,4
36971,0
36972,3
36973,1
36974,2
36975,3
36976,2
36977,3
36978,2
36979,1
36980,4
36981,0
36982,4
36983,0
36984,0
36985,2
36986,0
36987,2
36988,4
36989,2
36990,1
36991,3
36992,3
36993,0
36994,2
36995,3
36996,2
36997,4
36998,2
36999,3
37000,4
37001,0
37002,3
37003,0
37004,2
37005,0
37006,1
37007,1
37008,4
37009,1
37010,2
37011,1
37012,2
37013,2
37014,0
37015,4
37016,3
37017,4
37018,0
37019,4
37020,2
37021,3
37022,1
37023,3
37024,3
37025,3
37026,2
37027,1
37028,2
37029,3
37030,2
37031,1
37032,4
37033,1
37034,3
37035,3
37036,3
37037,1
37038,1
37039,0
37040,2
37041,3
37042,0
37043,1
37044,1
37045,0
37046,1
37047,4
37048,0
37049,3
37050,1
37051,0
37052,2
37053,0
37054,1
37055,3
37056,3
37057,2
37058,4
37059,0
37060,3
37061,0
37062,1
37063,0
37064,0
37065,1
37066,4
37067,0
37068,2
37069,0
37070,2
37071,0
37072,2
37073,0
37074,4
37075,0
37076,0
37077,2
37078,4
37079,1
37080,2
37081,0
37082,2
37083,0
37084,0
37085,4
37086,2
37087,3
37088,4
37089,2
37090,0
37091,1
37092,0
37093,1
37094,1
37095,2
37096,3
37097,1
37098,2
37099,4
37100,2
37101,1
37102,1
37103,2
37104,2
37105,0
37106,4
37107,1
37108,3
37109,3
37110,0
37111,3
37112,1
37113,1
37114,4
37115,1
37116,4
37117,0
37118,3
37119,0
37120,0
37121,1
37122,0
37123,2
37124,4
37125,1
37126,0
37127,0
37128,0
37129,2
37130,0
37131,2
37132,2
37133,1
37134,4
37135,1
37136,3
37137,2
37138,3
37139,0
37140,2
37141,2
37142,0
37143,1
37144,4
37145,0
37146,1
37147,0
37148,0
37149,2
37150,2
37151,1
37152,1
37153,1
37154,1
37155,1
37156,0
37157,4
37158,1
37159,1
37160,1
37161,2
37162,3
37163,0
37164,0
37165,2
37166,3
37167,2
37168,0
37169,1
37170,0
37171,0
37172,0
37173,4
37174,3
37175,0
37176,3
37177,3
37178,0
37179,1
37180,1
37181,2
37182,4
37183,1
37184,0
37185,3
37186,1
37187,1
37188,4
37189,2
37190,0
37191,0
37192,2
37193,3
37194,2
37195,1
37196,1
37197,0
37198,3
37199,1
37200,2
37201,2
37202,4
37203,2
37204,3
37205,2
37206,1
37207,1
37208,0
37209,0
37210,2
37211,2
37212,1
37213,1
37214,3
37215,1
37216,0
37217,0
37218,2
37219,4
37220,2
37221,2
37222,2
37223,3
37224,2
37225,1
37226,0
37227,4
37228,4
37229,4
37230,0
37231,3
37232,0
37233,3
37234,3
37235,0
37236,3
37237,0
37238,3
37239,0
37240,3
37241,3
37242,4
37243,2
37244,0
37245,1
37246,2
37247,3
37248,4
37249,1
37250,4
37251,1
37252,1
37253,3
37254,2
37255,3
37256,3
37257,0
37258,3
37259,2
37260,2
37261,0
37262,1
37263,0
37264,3
37265,2
37266,0
37267,0
37268,1
37269,0
37270,4
37271,0
37272,4
37273,0
37274,0
37275,0
37276,0
37277,1
37278,3
37279,1
37280,1
37281,0
37282,0
37283,2
37284,1
37285,3
37286,4
37287,2
37288,0
37289,3
37290,3
37291,1
37292,2
37293,2
37294,0
37295,2
37296,4
37297,2
37298,1
37299,4
37300,4
37301,0
37302,0
37303,4
37304,4
37305,4
37306,4
37307,2
37308,0
37309,4
37310,2
37311,0
37312,2
37313,0
37314,1
37315,3
37316,3
37317,3
37318,1
37319,4
37320,0
37321,2
37322,1
37323,3
37324,1
37325,0
37326,3
37327,0
37328,0
37329,0
37330,3
37331,2
37332,0
37333,2
37334,0
37335,3
37336,2
37337,0
37338,2
37339,1
37340,3
37341,1
37342,2
37343,4
37344,1
37345,0
37346,3
37347,0
37348,1
37349,0
37350,2
37351,4
37352,3
37353,2
37354,0
37355,2
37356,1
37357,4
37358,0
37359,2
37360,3
37361,2
37362,0
37363,2
37364,2
37365,0
37366,0
37367,2
37368,1
37369,3
37370,1
37371,4
37372,1
37373,1
37374,3
37375,4
37376,0
37377,1
37378,2
37379,3
37380,3
37381,0
37382,3
37383,3
37384,0
37385,3
37386,3
37387,0
37388,3
37389,0
37390,1
37391,1
37392,1
37393,4
37394,1
37395,1
37396,1
37397,2
37398,3
37399,2
37400,3
37401,1
37402,1
37403,3
37404,1
37405,3
37406,2
37407,0
37408,0
37409,3
37410,0
37411,2
37412,0
37413,3
37414,4
37415,0
37416,3
37417,1
37418,0
37419,0
37420,4
37421,4
37422,0
37423,3
37424,2
37425,2
37426,3
37427,0
37428,1
37429,0
37430,1
37431,0
37432,4
37433,4
37434,1
37435,1
37436,2
37437,4
37438,0
37439,4
37440,4
37441,2
37442,3
37443,2
37444,4
37445,3
37446,1
37447,4
37448,1
37449,4
37450,3
37451,1
37452,1
37453,0
37454,1
37455,3
37456,0
37457,3
37458,2
37459,1
37460,1
37461,4
37462,4
37463,2
37464,3
37465,2
37466,0
37467,2
37468,2
37469,0
37470,2
37471,0
37472,1
37473,3
37474,0
37475,3
37476,3
37477,3
37478,2
37479,2
37480,4
37481,0
37482,3
37483,0
37484,0
37485,1
37486,2
37487,2
37488,4
37489,1
37490,2
37491,4
37492,3
37493,3
37494,4
37495,3
37496,2
37497,0
37498,4
37499,3
37500,0
37501,2
37502,3
37503,0
37504,4
37505,3
37506,0
37507,0
37508,3
37509,0
37510,2
37511,2
37512,4
37513,1
37514,3
37515,1
37516,1
37517,1
37518,4
37519,4
37520,3
37521,1
37522,2
37523,4
37524,2
37525,3
37526,0
37527,4
37528,3
37529,1
37530,3
37531,1
37532,1
37533,3
37534,4
37535,3
37536,0
37537,1
37538,0
37539,2
37540,2
37541,2
37542,0
37543,2
37544,2
37545,3
37546,2
37547,2
37548,0
37549,1
37550,2
37551,3
37552,3
37553,4
37554,0
37555,4
37556,3
37557,2
37558,4
37559,3
37560,3
37561,1
37562,1
37563,2
37564,1
37565,0
37566,0
37567,0
37568,4
37569,0
37570,0
37571,0
37572,0
37573,0
37574,1
37575,1
37576,0
37577,0
37578,0
37579,4
37580,1
37581,0
37582,4
37583,3
37584,1
37585,1
37586,0
37587,4
37588,3
37589,4
37590,0
37591,3
37592,2
37593,1
37594,3
37595,4
37596,1
37597,0
37598,0
37599,3
37600,1
37601,0
37602,2
37603,0
37604,4
37605,0
37606,0
37607,1
37608,0
37609,4
37610,4
37611,1
37612,4
37613,3
37614,1
37615,0
37616,0
37617,1
37618,1
37619,3
37620,4
37621,4
37622,3
37623,3
37624,4
37625,2
37626,2
37627,1
37628,0
37629,4
37630,3
37631,0
37632,0
37633,1
37634,4
37635,2
37636,0
37637,4
37638,3
37639,2
37640,3
37641,3
37642,0
37643,3
37644,1
37645,0
37646,3
37647,2
37648,3
37649,3
37650,1
37651,3
37652,0
37653,0
37654,4
37655,4
37656,3
37657,4
37658,2
37659,2
37660,4
37661,2
37662,1
37663,0
37664,2
37665,4
37666,3
37667,4
37668,2
37669,0
37670,0
37671,2
37672,3
37673,1
37674,3
37675,1
37676,1
37677,1
37678,2
37679,1
37680,1
37681,1
37682,3
37683,3
37684,3
37685,3
37686,2
37687,1
37688,1
37689,0
37690,1
37691,1
37692,1
37693,4
37694,0
37695,3
37696,0
37697,1
37698,1
37699,3
37700,2
37701,1
37702,1
37703,4
37704,1
37705,4
37706,1
37707,0
37708,1
37709,3
37710,0
37711,1
37712,1
37713,1
37714,2
37715,2
37716,4
37717,3
37718,4
37719,4
37720,2
37721,3
37722,4
37723,0
37724,3
37725,1
37726,0
37727,3
37728,3
37729,4
37730,4
37731,0
37732,4
37733,1
37734,1
37735,1
37736,0
37737,1
37738,2
37739,0
37740,3
37741,2
37742,0
37743,4
37744,0
37745,4
37746,1
37747,0
37748,3
37749,4
37750,3
37751,1
37752,0
37753,2
37754,3
37755,4
37756,3
37757,0
37758,1
37759,1
37760,3
37761,2
37762,4
37763,1
37764,2
37765,3
37766,0
37767,0
37768,1
37769,1
37770,3
37771,2
37772,1
37773,2
37774,0
37775,0
37776,0
37777,4
37778,1
37779,3
37780,3
37781,2
37782,2
37783,1
37784,3
37785,1
37786,3
37787,2
37788,2
37789,0
37790,0
37791,4
37792,0
37793,1
37794,3
37795,0
37796,1
37797,2
37798,1
37799,2
37800,0
37801,0
37802,3
37803,1
37804,0
37805,2
37806,2
37807,4
37808,0
37809,4
37810,3
37811,1
37812,3
37813,1
37814,3
37815,3
37816,4
37817,2
37818,0
37819,2
37820,2
37821,1
37822,4
37823,0
37824,4
37825,3
37826,2
37827,4
37828,4
37829,1
37830,4
37831,2
37832,0
37833,2
37834,4
37835,2
37836,0
37837,2
37838,3
37839,2
37840,1
37841,3
37842,3
37843,2
37844,3
37845,2
37846,2
37847,2
37848,3
37849,1
37850,4
37851,2
37852,0
37853,0
37854,1
37855,4
37856,0
37857,0
37858,0
37859,0
37860,0
37861,0
37862,1
37863,1
37864,1
37865,2
37866,1
37867,0
37868,4
37869,4
37870,0
37871,4
37872,3
37873,4
37874,0
37875,4
37876,3
37877,2
37878,2
37879,4
37880,0
37881,3
37882,3
37883,4
37884,0
37885,1
37886,0
37887,1
37888,2
37889,1
37890,4
37891,4
37892,3
37893,0
37894,4
37895,0
37896,3
37897,1
37898,3
37899,2
37900,0
37901,0
37902,4
37903,1
37904,2
37905,2
37906,4
37907,2
37908,3
37909,3
37910,3
37911,4
37912,3
37913,4
37914,1
37915,3
37916,2
37917,1
37918,3
37919,2
37920,0
37921,2
37922,2
37923,3
37924,1
37925,0
37926,0
37927,3
37928,0
37929,0
37930,3
37931,2
37932,3
37933,1
37934,2
37935,1
37936,0
37937,3
37938,1
37939,1
37940,0
37941,2
37942,2
37943,0
37944,4
37945,4
37946,4
37947,0
37948,4
37949,0
37950,0
37951,1
37952,2
37953,0
37954,4
37955,2
37956,3
37957,3
37958,3
37959,1
37960,3
37961,2
37962,0
37963,3
37964,3
37965,1
37966,0
37967,0
37968,1
37969,0
37970,2
37971,3
37972,4
37973,1
37974,4
37975,1
37976,4
37977,2
37978,4
37979,3
37980,3
37981,2
37982,0
37983,3
37984,0
37985,3
37986,1
37987,0
37988,1
37989,3
37990,2
37991,3
37992,4
37993,1
37994,3
37995,0
37996,2
37997,4
37998,4
37999,0
38000,0
38001,2
38002,1
38003,1
38004,2
38005,3
38006,1
38007,1
38008,4
38009,1
38010,2
38011,2
38012,3
38013,1
38014,1
38015,1
38016,0
38017,0
38018,1
38019,0
38020,4
38021,4
38022,3
38023,2
38024,1
38025,1
38026,0
38027,0
38028,0
38029,1
38030,4
38031,1
38032,3
38033,2
38034,4
38035,3
38036,0
38037,1
38038,0
38039,4
38040,0
38041,2
38042,1
38043,4
38044,2
38045,2
38046,2
38047,1
38048,2
38049,0
38050,0
38051,2
38052,4
38053,4
38054,4
38055,0
38056,0
38057,2
38058,0
38059,1
38060,1
38061,2
38062,4
38063,4
38064,3
38065,2
38066,1
38067,0
38068,0
38069,0
38070,2
38071,1
38072,2
38073,4
38074,0
38075,0
38076,3
38077,1
38078,3
38079,2
38080,2
38081,4
38082,2
38083,1
38084,3
38085,1
38086,0
38087,3
38088,3
38089,2
38090,3
38091,2
38092,2
38093,0
38094,4
38095,1
38096,2
38097,2
38098,1
38099,1
38100,2
38101,1
38102,4
38103,4
38104,1
38105,2
38106,0
38107,2
38108,4
38109,2
38110,4
38111,2
38112,0
38113,1
38114,4
38115,4
38116,1
38117,3
38118,4
38119,1
38120,3
38121,0
38122,2
38123,2
38124,2
38125,2
38126,1
38127,4
38128,4
38129,4
38130,0
38131,2
38132,1
38133,4
38134,4
38135,0
38136,3
38137,1
38138,0
38139,1
38140,1
38141,1
38142,2
38143,3
38144,2
38145,1
38146,4
38147,3
38148,2
38149,3
38150,4
38151,4
38152,4
38153,1
38154,3
38155,3
38156,2
38157,1
38158,0
38159,4
38160,1
38161,1
38162,2
38163,2
38164,1
38165,2
38166,2
38167,0
38168,2
38169,3
38170,0
38171,4
38172,4
38173,0
38174,4
38175,0
38176,3
38177,2
38178,0
38179,2
38180,2
38181,1
38182,3
38183,2
38184,3
38185,3
38186,2
38187,3
38188,3
38189,3
38190,0
38191,4
38192,2
38193,4
38194,0
38195,3
38196,4
38197,2
38198,2
38199,0
38200,3
38201,0
38202,3
38203,3
38204,4
38205,1
38206,4
38207,2
38208,3
38209,3
38210,2
38211,2
38212,1
38213,2
38214,4
38215,4
38216,2
38217,2
38218,1
38219,3
38220,2
38221,2
38222,0
38223,4
38224,1
38225,4
38226,3
38227,0
38228,0
38229,3
38230,3
38231,2
38232,2
38233,0
38234,3
38235,1
38236,4
38237,4
38238,2
38239,4
38240,4
38241,4
38242,0
38243,2
38244,4
38245,0
38246,3
38247,3
38248,2
38249,1
38250,4
38251,3
38252,1
38253,4
38254,1
38255,2
38256,0
38257,0
38258,1
38259,3
38260,2
38261,2
38262,4
38263,4
38264,4
38265,4
38266,1
38267,4
38268,4
38269,2
38270,2
38271,4
38272,0
38273,3
38274,3
38275,0
38276,2
38277,2
38278,3
38279,1
38280,1
38281,1
38282,0
38283,2
38284,1
38285,0
38286,0
38287,2
38288,2
38289,2
38290,1
38291,2
38292,4
38293,4
38294,3
38295,3
38296,4
38297,1
38298,3
38299,3
38300,0
38301,0
38302,2
38303,3
38304,3
38305,2
38306,4
38307,1
38308,0
38309,1
38310,1
38311,2
38312,1
38313,1
38314,1
38315,1
38316,0
38317,4
38318,4
38319,4
38320,1
38321,0
38322,3
38323,4
38324,3
38325,2
38326,3
38327,0
38328,0
38329,2
38330,2
38331,2
38332,4
38333,2
38334,0
38335,3
38336,1
38337,3
38338,1
38339,0
38340,4
38341,4
38342,1
38343,2
38344,0
38345,4
38346,1
38347,2
38348,0
38349,0
38350,3
38351,3
38352,3
38353,0
38354,4
38355,0
38356,2
38357,1
38358,1
38359,1
38360,3
38361,2
38362,4
38363,2
38364,3
38365,2
38366,4
38367,3
38368,2
38369,1
38370,3
38371,1
38372,3
38373,3
38374,4
38375,3
38376,1
38377,0
38378,1
38379,3
38380,1
38381,3
38382,1
38383,3
38384,3
38385,1
38386,0
38387,3
38388,0
38389,1
38390,1
38391,0
38392,4
38393,2
38394,1
38395,4
38396,2
38397,4
38398,0
38399,4
38400,3
38401,3
38402,0
38403,0
38404,0
38405,0
38406,1
38407,1
38408,4
38409,3
38410,3
38411,0
38412,0
38413,0
38414,0
38415,2
38416,0
38417,3
38418,0
38419,2
38420,3
38421,3
38422,1
38423,3
38424,4
38425,3
38426,4
38427,1
38428,3
38429,4
38430,0
38431,0
38432,1
38433,3
38434,2
38435,1
38436,3
38437,0
38438,1
38439,1
38440,4
38441,3
38442,2
38443,2
38444,3
38445,0
38446,0
38447,3
38448,1
38449,0
38450,2
38451,3
38452,2
38453,2
38454,2
38455,0
38456,0
38457,4
38458,4
38459,0
38460,2
38461,2
38462,0
38463,0
38464,1
38465,3
38466,3
38467,1
38468,0
38469,1
38470,2
38471,4
38472,3
38473,0
38474,4
38475,0
38476,4
38477,2
38478,3
38479,0
38480,1
38481,2
38482,4
38483,0
38484,0
38485,2
38486,2
38487,2
38488,1
38489,1
38490,3
38491,0
38492,4
38493,4
38494,2
38495,1
38496,2
38497,2
38498,1
38499,1
38500,1
38501,2
38502,3
38503,1
38504,3
38505,4
38506,4
38507,1
38508,4
38509,0
38510,2
38511,4
38512,1
38513,4
38514,3
38515,2
38516,4
38517,3
38518,3
38519,2
38520,2
38521,1
38522,2
38523,0
38524,0
38525,2
38526,2
38527,0
38528,3
38529,2
38530,2
38531,4
38532,3
38533,4
38534,0
38535,1
38536,1
38537,3
38538,3
38539,1
38540,0
38541,0
38542,0
38543,0
38544,2
38545,3
38546,1
38547,0
38548,0
38549,0
38550,3
38551,2
38552,0
38553,3
38554,0
38555,0
38556,0
38557,0
38558,3
38559,4
38560,3
38561,2
38562,1
38563,3
38564,0
38565,3
38566,0
38567,0
38568,1
38569,4
38570,3
38571,3
38572,3
38573,0
38574,3
38575,3
38576,4
38577,2
38578,0
38579,0
38580,3
38581,4
38582,3
38583,3
38584,0
38585,1
38586,3
38587,1
38588,2
38589,1
38590,0
38591,3
38592,0
38593,4
38594,0
38595,1
38596,1
38597,0
38598,1
38599,4
38600,1
38601,3
38602,2
38603,2
38604,3
38605,2
38606,1
38607,4
38608,2
38609,1
38610,4
38611,4
38612,4
38613,0
38614,1
38615,3
38616,2
38617,2
38618,2
38619,3
38620,0
38621,1
38622,2
38623,1
38624,0
38625,2
38626,4
38627,3
38628,0
38629,1
38630,2
38631,0
38632,3
38633,0
38634,1
38635,0
38636,3
38637,3
38638,2
38639,1
38640,0
38641,3
38642,4
38643,0
38644,3
38645,2
38646,2
38647,0
38648,2
38649,1
38650,2
38651,2
38652,0
38653,0
38654,1
38655,3
38656,3
38657,4
38658,3
38659,1
38660,0
38661,0
38662,2
38663,3
38664,0
38665,0
38666,4
38667,2
38668,2
38669,2
38670,2
38671,2
38672,0
38673,2
38674,1
38675,2
38676,1
38677,2
38678,1
38679,3
38680,3
38681,1
38682,4
38683,3
38684,3
38685,1
38686,2
38687,0
38688,0
38689,1
38690,2
38691,3
38692,1
38693,0
38694,1
38695,3
38696,3
38697,1
38698,0
38699,2
38700,0
38701,3
38702,4
38703,0
38704,1
38705,1
38706,4
38707,2
38708,1
38709,2
38710,4
38711,1
38712,2
38713,0
38714,2
38715,4
38716,4
38717,1
38718,3
38719,4
38720,1
38721,2
38722,3
38723,0
38724,3
38725,3
38726,3
38727,4
38728,3
38729,4
38730,3
38731,1
38732,4
38733,1
38734,0
38735,3
38736,1
38737,0
38738,2
38739,1
38740,0
38741,0
38742,0
38743,1
38744,0
38745,0
38746,3
38747,0
38748,4
38749,2
38750,1
38751,4
38752,0
38753,2
38754,0
38755,0
38756,2
38757,2
38758,0
38759,2
38760,2
38761,3
38762,0
38763,0
38764,1
38765,4
38766,4
38767,4
38768,4
38769,0
38770,0
38771,0
38772,0
38773,3
38774,1
38775,4
38776,4
38777,2
38778,1
38779,0
38780,0
38781,2
38782,0
38783,0
38784,3
38785,3
38786,0
38787,4
38788,3
38789,2
38790,0
38791,4
38792,1
38793,4
38794,4
38795,1
38796,3
38797,2
38798,2
38799,4
38800,2
38801,0
38802,0
38803,3
38804,0
38805,4
38806,0
38807,3
38808,1
38809,1
38810,1
38811,0
38812,3
38813,3
38814,0
38815,0
38816,1
38817,1
38818,0
38819,4
38820,1
38821,3
38822,1
38823,2
38824,2
38825,2
38826,1
38827,1
38828,2
38829,2
38830,2
38831,4
38832,1
38833,2
38834,2
38835,1
38836,3
38837,2
38838,2
38839,2
38840,1
38841,2
38842,1
38843,3
38844,3
38845,3
38846,3
38847,3
38848,1
38849,1
38850,2
38851,4
38852,4
38853,2
38854,3
38855,0
38856,4
38857,0
38858,4
38859,4
38860,2
38861,0
38862,1
38863,2
38864,1
38865,2
38866,0
38867,3
38868,2
38869,0
38870,0
38871,1
38872,0
38873,4
38874,1
38875,3
38876,3
38877,4
38878,4
38879,4
38880,3
38881,2
38882,1
38883,3
38884,3
38885,1
38886,2
38887,0
38888,1
38889,1
38890,0
38891,4
38892,2
38893,0
38894,1
38895,0
38896,0
38897,3
38898,4
38899,1
38900,2
38901,0
38902,1
38903,0
38904,0
38905,4
38906,0
38907,3
38908,1
38909,0
38910,1
38911,0
38912,1
38913,1
38914,0
38915,1
38916,4
38917,3
38918,0
38919,1
38920,2
38921,1
38922,3
38923,1
38924,3
38925,4
38926,1
38927,0
38928,4
38929,4
38930,1
38931,0
38932,1
38933,4
38934,4
38935,3
38936,0
38937,4
38938,1
38939,0
38940,4
38941,0
38942,0
38943,0
38944,0
38945,0
38946,0
38947,4
38948,4
38949,0
38950,1
38951,4
38952,0
38953,0
38954,2
38955,4
38956,1
38957,1
38958,4
38959,2
38960,1
38961,0
38962,3
38963,2
38964,2
38965,0
38966,2
38967,3
38968,0
38969,3
38970,1
38971,1
38972,3
38973,0
38974,2
38975,4
38976,4
38977,2
38978,4
38979,1
38980,0
38981,4
38982,1
38983,0
38984,2
38985,3
38986,0
38987,0
38988,3
38989,1
38990,1
38991,1
38992,1
38993,3
38994,1
38995,0
38996,0
38997,2
38998,4
38999,0
39000,1
39001,2
39002,1
39003,1
39004,2
39005,3
39006,1
39007,1
39008,1
39009,0
39010,2
39011,0
39012,2
39013,3
39014,1
39015,1
39016,4
39017,2
39018,1
39019,3
39020,0
39021,4
39022,0
39023,3
39024,3
39025,1
39026,0
39027,1
39028,0
39029,1
39030,2
39031,3
39032,4
39033,1
39034,2
39035,2
39036,0
39037,0
39038,3
39039,1
39040,2
39041,4
39042,1
39043,3
39044,4
39045,1
39046,0
39047,0
39048,0
39049,0
39050,2
39051,3
39052,3
39053,1
39054,3
39055,3
39056,4
39057,0
39058,3
39059,4
39060,4
39061,0
39062,1
39063,0
39064,4
39065,1
39066,0
39067,3
39068,3
39069,2
39070,2
39071,3
39072,1
39073,4
39074,1
39075,0
39076,2
39077,4
39078,2
39079,4
39080,0
39081,1
39082,1
39083,3
39084,0
39085,2
39086,1
39087,0
39088,3
39089,1
39090,0
39091,2
39092,0
39093,2
39094,1
39095,2
39096,3
39097,2
39098,3
39099,1
39100,2
39101,1
39102,4
39103,2
39104,1
39105,0
39106,2
39107,1
39108,3
39109,4
39110,2
39111,3
39112,1
39113,3
39114,2
39115,2
39116,4
39117,0
39118,4
39119,2
39120,0
39121,1
39122,0
39123,1
39124,0
39125,1
39126,1
39127,0
39128,3
39129,1
39130,4
39131,2
39132,4
39133,0
39134,3
39135,4
39136,1
39137,1
39138,0
39139,0
39140,1
39141,1
39142,3
39143,2
39144,1
39145,4
39146,3
39147,1
39148,3
39149,3
39150,3
39151,2
39152,2
39153,3
39154,2
39155,0
39156,4
39157,4
39158,1
39159,4
39160,0
39161,4
39162,0
39163,1
39164,4
39165,2
39166,1
39167,2
39168,2
39169,4
39170,3
39171,0
39172,4
39173,0
39174,4
39175,3
39176,4
39177,0
39178,0
39179,4
39180,1
39181,2
39182,2
39183,0
39184,1
39185,1
39186,3
39187,3
39188,3
39189,1
39190,3
39191,1
39192,1
39193,0
39194,0
39195,0
39196,3
39197,4
39198,2
39199,0
39200,2
39201,3
39202,2
39203,3
39204,1
39205,0
39206,4
39207,0
39208,0
39209,1
39210,0
39211,2
39212,3
39213,1
39214,3
39215,0
39216,0
39217,3
39218,0
39219,3
39220,0
39221,3
39222,3
39223,1
39224,2
39225,2
39226,1
39227,3
39228,0
39229,2
39230,4
39231,4
39232,2
39233,1
39234,2
39235,0
39236,0
39237,3
39238,0
39239,3
39240,3
39241,3
39242,2
39243,3
39244,2
39245,1
39246,3
39247,0
39248,0
39249,3
39250,4
39251,2
39252,2
39253,1
39254,0
39255,1
39256,3
39257,2
39258,2
39259,1
39260,2
39261,3
39262,0
39263,2
39264,3
39265,4
39266,1
39267,1
39268,4
39269,3
39270,1
39271,2
39272,2
39273,2
39274,0
39275,1
39276,4
39277,1
39278,4
39279,3
39280,1
39281,3
39282,0
39283,0
39284,0
39285,4
39286,0
39287,1
39288,0
39289,4
39290,3
39291,2
39292,3
39293,1
39294,1
39295,2
39296,0
39297,3
39298,0
39299,3
39300,1
39301,2
39302,1
39303,3
39304,2
39305,2
39306,4
39307,0
39308,3
39309,2
39310,4
39311,2
39312,3
39313,1
39314,1
39315,2
39316,2
39317,0
39318,4
39319,4
39320,3
39321,2
39322,1
39323,1
39324,4
39325,3
39326,4
39327,4
39328,2
39329,4
39330,1
39331,0
39332,2
39333,1
39334,0
39335,4
39336,0
39337,0
39338,0
39339,2
39340,4
39341,3
39342,3
39343,0
39344,0
39345,0
39346,4
39347,2
39348,3
39349,1
39350,0
39351,1
39352,4
39353,0
39354,4
39355,4
39356,3
39357,1
39358,2
39359,4
39360,1
39361,3
39362,4
39363,2
39364,0
39365,4
39366,3
39367,2
39368,0
39369,0
39370,2
39371,4
39372,2
39373,0
39374,0
39375,2
39376,1
39377,4
39378,3
39379,0
39380,4
39381,1
39382,2
39383,1
39384,4
39385,3
39386,1
39387,4
39388,1
39389,4
39390,2
39391,3
39392,4
39393,2
39394,0
39395,3
39396,1
39397,1
39398,2
39399,3
39400,0
39401,2
39402,0
39403,1
39404,1
39405,1
39406,0
39407,4
39408,4
39409,0
39410,0
39411,3
39412,2
39413,4
39414,0
39415,2
39416,1
39417,3
39418,4
39419,2
39420,2
39421,1
39422,0
39423,2
39424,1
39425,3
39426,4
39427,3
39428,3
39429,1
39430,1
39431,3
39432,1
39433,3
39434,3
39435,3
39436,4
39437,1
39438,4
39439,2
39440,0
39441,3
39442,0
39443,2
39444,4
39445,0
39446,1
39447,3
39448,0
39449,1
39450,4
39451,0
39452,3
39453,3
39454,3
39455,2
39456,2
39457,4
39458,1
39459,0
39460,3
39461,2
39462,3
39463,1
39464,3
39465,3
39466,0
39467,2
39468,2
39469,2
39470,0
39471,3
39472,2
39473,2
39474,2
39475,0
39476,1
39477,2
39478,0
39479,0
39480,2
39481,1
39482,3
39483,3
39484,1
39485,3
39486,1
39487,0
39488,0
39489,4
39490,3
39491,4
39492,0
39493,2
39494,0
39495,2
39496,1
39497,2
39498,1
39499,3
39500,2
39501,0
39502,3
39503,0
39504,3
39505,1
39506,0
39507,1
39508,0
39509,2
39510,1
39511,0
39512,2
39513,1
39514,2
39515,4
39516,0
39517,1
39518,0
39519,0
39520,0
39521,0
39522,1
39523,3
39524,3
39525,0
39526,3
39527,1
39528,3
39529,2
39530,0
39531,0
39532,1
39533,1
39534,1
39535,1
39536,0
39537,3
39538,3
39539,4
39540,3
39541,4
39542,1
39543,3
39544,2
39545,1
39546,1
39547,4
39548,3
39549,2
39550,3
39551,0
39552,1
39553,3
39554,1
39555,1
39556,2
39557,0
39558,3
39559,0
39560,2
39561,2
39562,2
39563,3
39564,2
39565,0
39566,2
39567,2
39568,3
39569,1
39570,2
39571,1
39572,3
39573,4
39574,3
39575,3
39576,4
39577,1
39578,4
39579,4
39580,0
39581,0
39582,2
39583,3
39584,2
39585,3
39586,2
39587,2
39588,2
39589,4
39590,3
39591,1
39592,4
39593,2
39594,3
39595,1
39596,2
39597,3
39598,3
39599,2
39600,0
39601,3
39602,3
39603,0
39604,4
39605,2
39606,2
39607,2
39608,2
39609,0
39610,4
39611,0
39612,1
39613,1
39614,4
39615,2
39616,1
39617,0
39618,1
39619,3
39620,1
39621,4
39622,2
39623,2
39624,2
39625,0
39626,2
39627,3
39628,0
39629,4
39630,0
39631,0
39632,1
39633,2
39634,0
39635,0
39636,1
39637,1
39638,4
39639,2
39640,2
39641,4
39642,2
39643,1
39644,2
39645,4
39646,2
39647,0
39648,1
39649,3
39650,3
39651,1
39652,2
39653,1
39654,0
39655,3
39656,3
39657,0
39658,4
39659,0
39660,2
39661,1
39662,1
39663,0
39664,2
39665,4
39666,3
39667,3
39668,1
39669,0
39670,3
39671,2
39672,4
39673,0
39674,2
39675,3
39676,0
39677,0
39678,2
39679,3
39680,0
39681,0
39682,2
39683,4
39684,2
39685,4
39686,0
39687,0
39688,4
39689,0
39690,2
39691,4
39692,0
39693,1
39694,1
39695,2
39696,1
39697,1
39698,3
39699,0
39700,1
39701,4
39702,2
39703,0
39704,1
39705,2
39706,3
39707,1
39708,4
39709,3
39710,1
39711,2
39712,3
39713,1
39714,2
39715,3
39716,3
39717,2
39718,1
39719,3
39720,0
39721,2
39722,3
39723,2
39724,1
39725,3
39726,4
39727,2
39728,4
39729,2
39730,4
39731,0
39732,3
39733,1
39734,0
39735,0
39736,4
39737,3
39738,4
39739,0
39740,1
39741,3
39742,3
39743,2
39744,0
39745,3
39746,1
39747,1
39748,0
39749,3
39750,1
39751,4
39752,3
39753,1
39754,1
39755,1
39756,1
39757,4
39758,2
39759,2
39760,1
39761,0
39762,3
39763,1
39764,0
39765,2
39766,2
39767,1
39768,1
39769,4
39770,3
39771,1
39772,3
39773,2
39774,0
39775,1
39776,3
39777,1
39778,1
39779,4
39780,4
39781,1
39782,4
39783,2
39784,2
39785,1
39786,1
39787,0
39788,0
39789,0
39790,1
39791,3
39792,1
39793,0
39794,1
39795,4
39796,3
39797,2
39798,3
39799,4
39800,4
39801,3
39802,1
39803,3
39804,0
39805,0
39806,3
39807,0
39808,4
39809,3
39810,2
39811,2
39812,2
39813,3
39814,4
39815,2
39816,3
39817,1
39818,3
39819,4
39820,2
39821,2
39822,1
39823,1
39824,4
39825,2
39826,0
39827,0
39828,0
39829,3
39830,0
39831,2
39832,0
39833,1
39834,2
39835,4
39836,4
39837,0
39838,2
39839,3
39840,0
39841,2
39842,3
39843,1
39844,3
39845,0
39846,3
39847,0
39848,2
39849,0
39850,3
39851,2
39852,1
39853,2
39854,2
39855,3
39856,3
39857,3
39858,0
39859,2
39860,3
39861,0
39862,1
39863,2
39864,2
39865,0
39866,3
39867,4
39868,0
39869,4
39870,0
39871,1
39872,0
39873,2
39874,3
39875,1
39876,1
39877,3
39878,1
39879,1
39880,2
39881,4
39882,0
39883,2
39884,4
39885,4
39886,4
39887,0
39888,2
39889,3
39890,2
39891,3
39892,3
39893,2
39894,0
39895,1
39896,3
39897,2
39898,3
39899,3
39900,2
39901,1
39902,3
39903,4
39904,1
39905,3
39906,4
39907,0
39908,2
39909,4
39910,0
39911,4
39912,0
39913,1
39914,4
39915,2
39916,0
39917,3
39918,1
39919,2
39920,4
39921,1
39922,1
39923,0
39924,3
39925,4
39926,0
39927,3
39928,3
39929,4
39930,2
39931,1
39932,2
39933,4
39934,3
39935,4
39936,4
39937,2
39938,0
39939,3
39940,1
39941,3
39942,4
39943,0
39944,1
39945,4
39946,0
39947,1
39948,3
39949,0
39950,1
39951,0
39952,0
39953,0
39954,1
39955,2
39956,0
39957,1
39958,3
39959,1
39960,0
39961,0
39962,2
39963,0
39964,1
39965,1
39966,3
39967,4
39968,2
39969,2
39970,0
39971,4
39972,1
39973,1
39974,0
39975,2
39976,4
39977,1
39978,3
39979,0
39980,1
39981,3
39982,1
39983,1
39984,0
39985,1
39986,2
39987,1
39988,1
39989,1
39990,4
39991,1
39992,4
39993,0
39994,3
39995,2
39996,1
39997,1
39998,2
39999,0
40000,3
40001,3
40002,1
40003,2
40004,4
40005,2
40006,1
40007,1
40008,4
40009,3
40010,0
40011,3
40012,2
40013,4
40014,0
40015,2
40016,1
40017,3
40018,2
40019,2
40020,1
40021,1
40022,1
40023,4
40024,1
40025,2
40026,4
40027,0
40028,3
40029,0
40030,3
40031,4
40032,0
40033,2
40034,0
40035,3
40036,4
40037,4
40038,1
40039,0
40040,4
40041,1
40042,1
40043,2
40044,0
40045,2
40046,1
40047,3
40048,1
40049,3
40050,0
40051,1
40052,4
40053,4
40054,2
40055,2
40056,0
40057,0
40058,3
40059,2
40060,0
40061,3
40062,1
40063,1
40064,3
40065,3
40066,0
40067,1
40068,1
40069,2
40070,0
40071,1
40072,3
40073,1
40074,2
40075,3
40076,0
40077,2
40078,4
40079,0
40080,0
40081,1
40082,4
40083,0
40084,1
40085,0
40086,2
40087,2
40088,4
40089,3
40090,1
40091,3
40092,1
40093,3
40094,3
40095,2
40096,2
40097,2
40098,3
40099,1
40100,2
40101,3
40102,1
40103,2
40104,2
40105,4
40106,1
40107,1
40108,1
40109,1
40110,1
40111,4
40112,0
40113,2
40114,2
40115,3
40116,4
40117,1
40118,1
40119,0
40120,4
40121,2
40122,4
40123,1
40124,0
40125,3
40126,2
40127,2
40128,2
40129,0
40130,2
40131,3
40132,3
40133,1
40134,1
40135,0
40136,0
40137,2
40138,3
40139,3
40140,1
40141,0
40142,0
40143,0
40144,1
40145,1
40146,3
40147,1
40148,1
40149,3
40150,4
40151,4
40152,1
40153,2
40154,4
40155,2
40156,4
40157,1
40158,2
40159,4
40160,0
40161,4
40162,0
40163,0
40164,0
40165,0
40166,0
40167,3
40168,3
40169,0
40170,3
40171,3
40172,1
40173,0
40174,1
40175,1
40176,3
40177,2
40178,1
40179,3
40180,1
40181,1
40182,3
40183,0
40184,4
40185,0
40186,3
40187,2
40188,2
40189,3
40190,3
40191,1
40192,0
40193,2
40194,2
40195,2
40196,3
40197,1
40198,1
40199,1
40200,0
40201,1
40202,2
40203,4
40204,2
40205,3
40206,2
40207,4
40208,3
40209,4
40210,0
40211,1
40212,0
40213,0
40214,3
40215,0
40216,1
40217,1
40218,4
40219,0
40220,0
40221,4
40222,4
40223,0
40224,4
40225,2
40226,1
40227,4
40228,3
40229,3
40230,3
40231,3
40232,3
40233,1
40234,2
40235,4
40236,1
40237,0
40238,4
40239,0
40240,2
40241,3
40242,3
40243,1
40244,2
40245,4
40246,1
40247,0
40248,0
40249,0
40250,1
40251,1
40252,2
40253,2
40254,2
40255,3
40256,2
40257,0
40258,3
40259,3
40260,4
40261,0
40262,4
40263,1
40264,1
40265,2
40266,3
40267,0
40268,0
40269,2
40270,1
40271,4
40272,0
40273,3
40274,2
40275,0
40276,0
40277,3
40278,0
40279,0
40280,1
40281,4
40282,2
40283,4
40284,2
40285,2
40286,0
40287,2
40288,2
40289,2
40290,2
40291,0
40292,3
40293,0
40294,2
40295,0
40296,0
40297,1
40298,3
40299,2
40300,2
40301,3
40302,2
40303,4
40304,4
40305,4
40306,1
40307,3
40308,0
40309,2
40310,2
40311,1
40312,3
40313,1
40314,0
40315,1
40316,3
40317,0
40318,1
40319,4
40320,4
40321,0
40322,3
40323,2
40324,1
40325,0
40326,0
40327,1
40328,0
40329,0
40330,4
40331,2
40332,0
40333,0
40334,2
40335,2
40336,1
40337,1
40338,0
40339,1
40340,1
40341,1
40342,0
40343,1
40344,3
40345,0
40346,3
40347,3
40348,4
40349,4
40350,0
40351,3
40352,4
40353,2
40354,0
40355,0
40356,3
40357,4
40358,0
40359,1
40360,3
40361,3
40362,3
40363,0
40364,4
40365,0
40366,3
40367,3
40368,1
40369,2
40370,4
40371,4
40372,0
40373,1
40374,0
40375,0
40376,1
40377,1
40378,3
40379,2
40380,2
40381,4
40382,4
40383,4
40384,2
40385,0
40386,0
40387,4
40388,1
40389,4
40390,0
40391,3
40392,0
40393,4
40394,0
40395,1
40396,4
40397,3
40398,2
40399,0
40400,4
40401,3
40402,3
40403,3
40404,2
40405,3
40406,1
40407,3
40408,4
40409,4
40410,4
40411,1
40412,4
40413,2
40414,0
40415,2
40416,0
40417,0
40418,3
40419,1
40420,2
40421,3
40422,2
40423,4
40424,1
40425,0
40426,4
40427,0
40428,0
40429,1
40430,1
40431,2
40432,3
40433,2
40434,4
40435,4
40436,1
40437,2
40438,0
40439,1
40440,4
40441,2
40442,4
40443,1
40444,2
40445,0
40446,3
40447,4
40448,3
40449,2
40450,3
40451,1
40452,2
40453,1
40454,0
40455,0
40456,3
40457,1
40458,0
40459,4
40460,2
40461,3
40462,0
40463,2
40464,2
40465,1
40466,0
40467,1
40468,3
40469,4
40470,4
40471,4
40472,2
40473,0
40474,0
40475,3
40476,3
40477,4
40478,3
40479,0
40480,2
40481,3
40482,3
40483,3
40484,3
40485,4
40486,2
40487,0
40488,1
40489,4
40490,4
40491,3
40492,3
40493,0
40494,2
40495,2
40496,1
40497,2
40498,2
40499,1
40500,2
40501,3
40502,4
40503,4
40504,1
40505,2
40506,3
40507,2
40508,2
40509,0
40510,2
40511,0
40512,0
40513,1
40514,2
40515,0
40516,2
40517,1
40518,3
40519,4
40520,1
40521,2
40522,4
40523,2
40524,1
40525,1
40526,0
40527,4
40528,4
40529,4
40530,3
40531,3
40532,0
40533,0
40534,1
40535,1
40536,3
40537,1
40538,1
40539,0
40540,0
40541,1
40542,2
40543,3
40544,0
40545,3
40546,1
40547,1
40548,0
40549,2
40550,4
40551,2
40552,0
40553,1
40554,0
40555,2
40556,0
40557,0
40558,1
40559,1
40560,0
40561,1
40562,0
40563,0
40564,0
40565,2
40566,4
40567,4
40568,0
40569,0
40570,0
40571,4
40572,4
40573,3
40574,1
40575,2
40576,1
40577,1
40578,1
40579,3
40580,0
40581,0
40582,3
40583,3
40584,0
40585,3
40586,2
40587,0
40588,3
40589,0
40590,1
40591,2
40592,2
40593,1
40594,2
40595,2
40596,1
40597,3
40598,0
40599,2
40600,1
40601,3
40602,0
40603,2
40604,3
40605,3
40606,4
40607,2
40608,1
40609,4
40610,0
40611,4
40612,3
40613,2
40614,4
40615,4
40616,0
40617,2
40618,4
40619,1
40620,2
40621,0
40622,1
40623,0
40624,1
40625,3
40626,1
40627,4
40628,2
40629,1
40630,2
40631,3
40632,0
40633,0
40634,2
40635,4
40636,0
40637,2
40638,2
40639,2
40640,3
40641,4
40642,4
40643,2
40644,3
40645,0
40646,4
40647,0
40648,1
40649,2
40650,0
40651,1
40652,3
40653,1
40654,4
40655,0
40656,0
40657,1
40658,0
40659,3
40660,2
40661,2
40662,2
40663,3
40664,1
40665,2
40666,0
40667,3
40668,2
40669,2
40670,3
40671,3
40672,2
40673,1
40674,1
40675,0
40676,2
40677,3
40678,1
40679,1
40680,3
40681,4
40682,0
40683,0
40684,1
40685,1
40686,0
40687,3
40688,1
40689,4
40690,0
40691,0
40692,1
40693,1
40694,0
40695,4
40696,2
40697,0
40698,2
40699,2
40700,3
40701,0
40702,2
40703,2
40704,4
40705,1
40706,1
40707,4
40708,0
40709,2
40710,1
40711,2
40712,3
40713,2
40714,1
40715,2
40716,4
40717,1
40718,2
40719,0
40720,2
40721,2
40722,0
40723,1
40724,1
40725,4
40726,3
40727,4
40728,3
40729,1
40730,2
40731,0
40732,3
40733,0
40734,2
40735,3
40736,1
40737,0
40738,3
40739,3
40740,2
40741,3
40742,0
40743,3
40744,1
40745,4
40746,4
40747,2
40748,4
40749,0
40750,1
40751,3
40752,1
40753,0
40754,2
40755,3
40756,4
40757,4
40758,3
40759,2
40760,3
40761,1
40762,2
40763,4
40764,4
40765,4
40766,4
40767,3
40768,0
40769,2
40770,3
40771,1
40772,1
40773,2
40774,0
40775,2
40776,1
40777,3
40778,2
40779,4
40780,2
40781,0
40782,2
40783,3
40784,0
40785,1
40786,3
40787,3
40788,1
40789,4
40790,0
40791,3
40792,4
40793,1
40794,1
40795,2
40796,4
40797,1
40798,2
40799,4
40800,2
40801,0
40802,4
40803,0
40804,2
40805,4
40806,4
40807,3
40808,3
40809,0
40810,1
40811,0
40812,4
40813,0
40814,2
40815,0
40816,1
40817,3
40818,4
40819,4
40820,0
40821,2
40822,1
40823,4
40824,1
40825,0
40826,2
40827,1
40828,2
40829,1
40830,1
40831,0
40832,4
40833,1
40834,1
40835,3
40836,2
40837,0
40838,4
40839,0
40840,4
40841,4
40842,3
40843,0
40844,3
40845,1
40846,4
40847,0
40848,2
40849,3
40850,2
40851,2
40852,3
40853,2
40854,2
40855,1
40856,2
40857,2
40858,1
40859,0
40860,3
40861,3
40862,1
40863,0
40864,3
40865,4
40866,1
40867,3
40868,4
40869,0
40870,4
40871,0
40872,1
40873,1
40874,0
40875,0
40876,0
40877,3
40878,3
40879,3
40880,2
40881,0
40882,1
40883,2
40884,0
40885,2
40886,3
40887,3
40888,3
40889,2
40890,3
40891,2
40892,2
40893,1
40894,2
40895,0
40896,0
40897,3
40898,4
40899,2
40900,1
40901,0
40902,1
40903,0
40904,0
40905,1
40906,3
40907,1
40908,4
40909,4
40910,4
40911,4
40912,2
40913,1
40914,3
40915,0
40916,4
40917,0
40918,1
40919,3
40920,3
40921,0
40922,0
40923,4
40924,0
40925,0
40926,1
40927,0
40928,2
40929,3
40930,4
40931,0
40932,0
40933,4
40934,0
40935,3
40936,0
40937,2
40938,1
40939,2
40940,0
40941,0
40942,1
40943,0
40944,4
40945,1
40946,0
40947,0
40948,3
40949,1
40950,3
40951,0
40952,2
40953,3
40954,3
40955,2
40956,1
40957,2
40958,2
40959,3
40960,0
40961,3
40962,1
40963,0
40964,0
40965,4
40966,1
40967,4
40968,3
40969,4
40970,0
40971,1
40972,3
40973,0
40974,3
40975,3
40976,1
40977,1
40978,2
40979,0
40980,1
40981,1
40982,4
40983,2
40984,0
40985,0
40986,2
40987,3
40988,1
40989,0
40990,4
40991,4
40992,0
40993,1
40994,3
40995,3
40996,3
40997,3
40998,2
40999,3
41000,0
41001,2
41002,2
41003,3
41004,3
41005,1
41006,3
41007,1
41008,0
41009,4
41010,3
41011,3
41012,4
41013,0
41014,3
41015,2
41016,1
41017,0
41018,3
41019,0
41020,2
41021,2
41022,4
41023,0
41024,0
41025,3
41026,1
41027,0
41028,0
41029,1
41030,4
41031,2
41032,4
41033,4
41034,2
41035,0
41036,2
41037,1
41038,4
41039,0
41040,0
41041,3
41042,1
41043,4
41044,0
41045,1
41046,1
41047,2
41048,4
41049,0
41050,1
41051,3
41052,1
41053,0
41054,2
41055,0
41056,4
41057,4
41058,4
41059,0
41060,1
41061,2
41062,2
41063,3
41064,0
41065,4
41066,0
41067,2
41068,1
41069,4
41070,4
41071,1
41072,3
41073,0
41074,2
41075,1
41076,0
41077,1
41078,2
41079,2
41080,2
41081,2
41082,2
41083,1
41084,0
41085,1
41086,1
41087,2
41088,3
41089,2
41090,1
41091,3
41092,3
41093,0
41094,1
41095,1
41096,2
41097,1
41098,2
41099,3
41100,2
41101,1
41102,4
41103,1
41104,4
41105,0
41106,2
41107,1
41108,2
41109,4
41110,1
41111,1
41112,4
41113,2
41114,4
41115,1
41116,0
41117,2
41118,2
41119,0
41120,3
41121,4
41122,0
41123,2
41124,0
41125,0
41126,1
41127,2
41128,3
41129,0
41130,0
41131,4
41132,3
41133,1
41134,1
41135,1
41136,3
41137,0
41138,2
41139,2
41140,1
41141,1
41142,4
41143,1
41144,0
41145,2
41146,2
41147,4
41148,2
41149,2
41150,1
41151,1
41152,1
41153,3
41154,0
41155,2
41156,3
41157,0
41158,1
41159,4
41160,4
41161,1
41162,1
41163,0
41164,3
41165,3
41166,0
41167,2
41168,1
41169,1
41170,2
41171,2
41172,0
41173,2
41174,1
41175,0
41176,2
41177,4
41178,0
41179,3
41180,1
41181,3
41182,4
41183,1
41184,1
41185,2
41186,2
41187,2
41188,3
41189,3
41190,2
41191,0
41192,1
41193,3
41194,4
41195,0
41196,3
41197,4
41198,0
41199,1
41200,2
41201,1
41202,4
41203,3
41204,1
41205,0
41206,0
41207,0
41208,2
41209,4
41210,1
41211,4
41212,1
41213,1
41214,3
41215,2
41216,2
41217,4
41218,4
41219,2
41220,3
41221,2
41222,0
41223,0
41224,0
41225,1
41226,2
41227,3
41228,1
41229,1
41230,3
41231,0
41232,4
41233,4
41234,0
41235,3
41236,2
41237,4
41238,2
41239,0
41240,4
41241,3
41242,3
41243,0
41244,2
41245,0
41246,4
41247,4
41248,0
41249,1
41250,0
41251,2
41252,0
41253,3
41254,3
41255,2
41256,0
41257,2
41258,2
41259,3
41260,4
41261,0
41262,1
41263,0
41264,1
41265,1
41266,4
41267,2
41268,1
41269,0
41270,3
41271,2
41272,2
41273,2
41274,2
41275,3
41276,0
41277,1
41278,1
41279,1
41280,0
41281,0
41282,1
41283,0
41284,0
41285,1
41286,4
41287,4
41288,1
41289,1
41290,1
41291,2
41292,4
41293,3
41294,0
41295,3
41296,3
41297,0
41298,0
41299,0
41300,0
41301,0
41302,4
41303,1
41304,4
41305,3
41306,1
41307,4
41308,0
41309,4
41310,1
41311,1
41312,1
41313,3
41314,4
41315,1
41316,4
41317,3
41318,3
41319,0
41320,4
41321,4
41322,0
41323,2
41324,0
41325,2
41326,3
41327,0
41328,2
41329,0
41330,1
41331,1
41332,2
41333,0
41334,2
41335,2
41336,0
41337,2
41338,0
41339,2
41340,2
41341,4
41342,3
41343,1
41344,3
41345,2
41346,0
41347,3
41348,0
41349,2
41350,2
41351,0
41352,0
41353,3
41354,4
41355,0
41356,4
41357,3
41358,4
41359,3
41360,2
41361,1
41362,3
41363,0
41364,2
41365,2
41366,2
41367,4
41368,2
41369,0
41370,4
41371,3
41372,4
41373,0
41374,0
41375,4
41376,2
41377,3
41378,2
41379,1
41380,0
41381,0
41382,0
41383,4
41384,0
41385,0
41386,3
41387,3
41388,1
41389,1
41390,4
41391,0
41392,2
41393,1
41394,0
41395,0
41396,0
41397,0
41398,1
41399,1
41400,4
41401,0
41402,1
41403,3
41404,0
41405,4
41406,2
41407,0
41408,4
41409,3
41410,2
41411,3
41412,0
41413,4
41414,1
41415,1
41416,1
41417,4
41418,1
41419,3
41420,2
41421,2
41422,0
41423,1
41424,1
41425,4
41426,0
41427,0
41428,2
41429,4
41430,4
41431,0
41432,3
41433,3
41434,1
41435,3
41436,4
41437,1
41438,1
41439,0
41440,4
41441,1
41442,3
41443,2
41444,3
41445,2
41446,2
41447,3
41448,4
41449,2
41450,2
41451,4
41452,4
41453,0
41454,0
41455,0
41456,2
41457,0
41458,4
41459,0
41460,3
41461,1
41462,1
41463,2
41464,2
41465,0
41466,0
41467,2
41468,4
41469,0
41470,0
41471,4
41472,4
41473,4
41474,4
41475,3
41476,2
41477,0
41478,2
41479,3
41480,0
41481,1
41482,0
41483,0
41484,2
41485,1
41486,2
41487,2
41488,3
41489,2
41490,4
41491,3
41492,1
41493,3
41494,2
41495,1
41496,3
41497,2
41498,1
41499,4
41500,4
41501,0
41502,2
41503,0
41504,3
41505,3
41506,1
41507,3
41508,4
41509,4
41510,1
41511,0
41512,0
41513,2
41514,0
41515,2
41516,3
41517,4
41518,4
41519,4
41520,4
41521,1
41522,2
41523,2
41524,3
41525,3
41526,3
41527,1
41528,1
41529,0
41530,3
41531,2
41532,4
41533,3
41534,1
41535,3
41536,3
41537,1
41538,2
41539,1
41540,1
41541,1
41542,0
41543,0
41544,2
41545,4
41546,0
41547,4
41548,4
41549,3
41550,1
41551,2
41552,4
41553,0
41554,0
41555,4
41556,0
41557,1
41558,4
41559,0
41560,4
41561,2
41562,0
41563,1
41564,4
41565,4
41566,1
41567,4
41568,4
41569,1
41570,1
41571,0
41572,3
41573,2
41574,3
41575,2
41576,0
41577,3
41578,3
41579,2
41580,4
41581,2
41582,2
41583,4
41584,4
41585,0
41586,0
41587,2
41588,0
41589,2
41590,0
41591,0
41592,0
41593,1
41594,2
41595,2
41596,1
41597,2
41598,3
41599,0
41600,1
41601,2
41602,1
41603,4
41604,0
41605,0
41606,2
41607,3
41608,2
41609,1
41610,3
41611,3
41612,0
41613,0
41614,0
41615,4
41616,2
41617,1
41618,0
41619,3
41620,4
41621,1
41622,0
41623,4
41624,4
41625,1
41626,2
41627,1
41628,3
41629,3
41630,3
41631,0
41632,0
41633,1
41634,0
41635,2
41636,4
41637,2
41638,2
41639,1
41640,3
41641,0
41642,1
41643,0
41644,3
41645,3
41646,0
41647,3
41648,0
41649,0
41650,4
41651,1
41652,1
41653,0
41654,0
41655,1
41656,1
41657,2
41658,3
41659,3
41660,0
41661,2
41662,0
41663,1
41664,1
41665,2
41666,2
41667,1
41668,2
41669,2
41670,1
41671,3
41672,3
41673,1
41674,2
41675,4
41676,0
41677,0
41678,0
41679,1
41680,3
41681,0
41682,0
41683,4
41684,1
41685,4
41686,4
41687,3
41688,3
41689,4
41690,1
41691,2
41692,2
41693,4
41694,4
41695,2
41696,3
41697,0
41698,2
41699,4
41700,0
41701,2
41702,2
41703,0
41704,4
41705,0
41706,0
41707,0
41708,4
41709,4
41710,1
41711,1
41712,4
41713,0
41714,2
41715,3
41716,4
41717,3
41718,4
41719,2
41720,0
41721,0
41722,4
41723,4
41724,4
41725,3
41726,3
41727,4
41728,2
41729,1
41730,4
41731,3
41732,1
41733,1
41734,2
41735,4
41736,4
41737,3
41738,1
41739,0
41740,4
41741,4
41742,0
41743,3
41744,4
41745,2
41746,2
41747,1
41748,4
41749,2
41750,0
41751,0
41752,0
41753,1
41754,3
41755,1
41756,2
41757,0
41758,4
41759,2
41760,0
41761,3
41762,0
41763,0
41764,0
41765,1
41766,0
41767,1
41768,3
41769,4
41770,4
41771,0
41772,4
41773,1
41774,1
41775,0
41776,2
41777,1
41778,0
41779,0
41780,2
41781,1
41782,4
41783,3
41784,2
41785,4
41786,2
41787,3
41788,0
41789,3
41790,4
41791,4
41792,2
41793,3
41794,1
41795,0
41796,4
41797,1
41798,2
41799,0
41800,2
41801,1
41802,1
41803,3
41804,2
41805,3
41806,0
41807,1
41808,4
41809,3
41810,3
41811,4
41812,2
41813,4
41814,2
41815,2
41816,2
41817,1
41818,3
41819,4
41820,0
41821,2
41822,2
41823,0
41824,1
41825,3
41826,0
41827,4
41828,4
41829,0
41830,1
41831,0
41832,4
41833,4
41834,0
41835,0
41836,3
41837,3
41838,4
41839,4
41840,3
41841,0
41842,4
41843,3
41844,3
41845,1
41846,0
41847,0
41848,3
41849,3
41850,4
41851,3
41852,2
41853,1
41854,2
41855,3
41856,4
41857,1
41858,3
41859,1
41860,4
41861,0
41862,3
41863,2
41864,2
41865,4
41866,2
41867,2
41868,2
41869,2
41870,3
41871,1
41872,3
41873,4
41874,2
41875,2
41876,0
41877,4
41878,2
41879,4
41880,0
41881,3
41882,2
41883,0
41884,2
41885,0
41886,1
41887,1
41888,1
41889,0
41890,0
41891,1
41892,4
41893,1
41894,4
41895,4
41896,4
41897,1
41898,3
41899,0
41900,2
41901,0
41902,2
41903,4
41904,4
41905,3
41906,3
41907,1
41908,2
41909,2
41910,2
41911,4
41912,0
41913,1
41914,2
41915,0
41916,0
41917,1
41918,1
41919,3
41920,0
41921,1
41922,2
41923,1
41924,4
41925,4
41926,2
41927,0
41928,1
41929,4
41930,1
41931,2
41932,3
41933,0
41934,2
41935,3
41936,3
41937,2
41938,1
41939,1
41940,2
41941,1
41942,3
41943,4
41944,0
41945,4
41946,3
41947,4
41948,3
41949,4
41950,1
41951,1
41952,0
41953,3
41954,4
41955,0
41956,2
41957,1
41958,4
41959,3
41960,3
41961,0
41962,2
41963,0
41964,1
41965,2
41966,1
41967,1
41968,4
41969,2
41970,4
41971,4
41972,4
41973,0
41974,4
41975,3
41976,4
41977,2
41978,2
41979,4
41980,1
41981,3
41982,0
41983,2
41984,1
41985,1
41986,0
41987,0
41988,2
41989,4
41990,3
41991,0
41992,1
41993,0
41994,3
41995,1
41996,3
41997,4
41998,2
41999,1
42000,2
42001,4
42002,2
42003,1
42004,0
42005,2
42006,0
42007,0
42008,1
42009,2
42010,4
42011,0
42012,0
42013,1
42014,2
42015,1
42016,1
42017,3
42018,0
42019,2
42020,3
42021,1
42022,2
42023,4
42024,3
42025,2
42026,0
42027,0
42028,2
42029,3
42030,1
42031,2
42032,1
42033,3
42034,2
42035,0
42036,3
42037,2
42038,2
42039,0
42040,3
42041,1
42042,1
42043,3
42044,0
42045,1
42046,1
42047,2
42048,3
42049,1
42050,3
42051,4
42052,3
42053,0
42054,4
42055,1
42056,1
42057,0
42058,0
42059,0
42060,3
42061,2
42062,4
42063,1
42064,3
42065,0
42066,4
42067,4
42068,1
42069,0
42070,4
42071,1
42072,2
42073,0
42074,0
42075,1
42076,1
42077,2
42078,1
42079,3
42080,3
42081,3
42082,2
42083,1
42084,0
42085,1
42086,2
42087,1
42088,1
42089,0
42090,1
42091,2
42092,4
42093,1
42094,3
42095,2
42096,0
42097,1
42098,1
42099,4
42100,2
42101,3
42102,2
42103,3
42104,1
42105,4
42106,4
42107,1
42108,3
42109,2
42110,3
42111,0
42112,2
42113,4
42114,1
42115,3
42116,2
42117,0
42118,3
42119,2
42120,2
42121,1
42122,2
42123,2
42124,4
42125,3
42126,1
42127,3
42128,3
42129,3
42130,1
42131,1
42132,3
42133,0
42134,4
42135,4
42136,3
42137,4
42138,0
42139,2
42140,0
42141,1
42142,0
42143,4
42144,1
42145,0
42146,2
42147,2
42148,1
42149,1
42150,1
42151,2
42152,1
42153,4
42154,2
42155,4
42156,0
42157,4
42158,0
42159,3
42160,1
42161,1
42162,0
42163,3
42164,2
42165,3
42166,2
42167,2
42168,3
42169,4
42170,1
42171,3
42172,1
42173,1
42174,3
42175,3
42176,0
42177,3
42178,1
42179,2
42180,1
42181,1
42182,3
42183,2
42184,1
42185,3
42186,0
42187,0
42188,4
42189,3
42190,2
42191,0
42192,1
42193,4
42194,3
42195,4
42196,3
42197,0
42198,0
42199,3
42200,0
42201,3
42202,1
42203,1
42204,2
42205,0
42206,2
42207,0
42208,0
42209,3
42210,1
42211,1
42212,0
42213,3
42214,1
42215,0
42216,1
42217,3
42218,3
42219,3
42220,0
42221,3
42222,0
42223,1
42224,4
42225,2
42226,1
42227,2
42228,1
42229,3
42230,4
42231,2
42232,2
42233,4
42234,2
42235,1
42236,3
42237,1
42238,3
42239,0
42240,2
42241,4
42242,3
42243,3
42244,1
42245,3
42246,2
42247,3
42248,0
42249,0
42250,1
42251,4
42252,4
42253,2
42254,0
42255,2
42256,4
42257,1
42258,1
42259,0
42260,1
42261,0
42262,1
42263,3
42264,0
42265,1
42266,3
42267,1
42268,1
42269,0
42270,2
42271,4
42272,3
42273,1
42274,2
42275,2
42276,4
42277,0
42278,0
42279,1
42280,2
42281,2
42282,3
42283,3
42284,2
42285,0
42286,1
42287,1
42288,3
42289,0
42290,1
42291,2
42292,0
42293,3
42294,4
42295,4
42296,0
42297,0
42298,0
42299,2
42300,0
42301,0
42302,1
42303,3
42304,3
42305,0
42306,1
42307,2
42308,2
42309,1
42310,0
42311,1
42312,4
42313,0
42314,2
42315,3
42316,4
42317,0
42318,0
42319,2
42320,0
42321,1
42322,2
42323,2
42324,2
42325,2
42326,3
42327,0
42328,3
42329,0
42330,0
42331,3
42332,1
42333,3
42334,1
42335,4
42336,3
42337,3
42338,0
42339,0
42340,2
42341,1
42342,1
42343,1
42344,2
42345,1
42346,4
42347,4
42348,3
42349,4
42350,2
42351,1
42352,0
42353,0
42354,4
42355,2
42356,0
42357,1
42358,1
42359,1
42360,2
42361,1
42362,1
42363,2
42364,0
42365,3
42366,4
42367,0
42368,2
42369,0
42370,2
42371,2
42372,1
42373,1
42374,0
42375,3
42376,2
42377,3
42378,2
42379,3
42380,1
42381,4
42382,2
42383,2
42384,3
42385,2
42386,3
42387,3
42388,1
42389,1
42390,0
42391,0
42392,0
42393,1
42394,4
42395,0
42396,0
42397,2
42398,2
42399,1
42400,3
42401,1
42402,1
42403,3
42404,2
42405,2
42406,3
42407,4
42408,1
42409,3
42410,2
42411,2
42412,0
42413,3
42414,4
42415,3
42416,2
42417,2
42418,3
42419,3
42420,2
42421,0
42422,2
42423,4
42424,0
42425,2
42426,0
42427,1
42428,1
42429,0
42430,2
42431,3
42432,2
42433,4
42434,0
42435,3
42436,2
42437,3
42438,4
42439,0
42440,3
42441,1
42442,4
42443,1
42444,0
42445,4
42446,2
42447,2
42448,0
42449,1
42450,2
42451,4
42452,2
42453,2
42454,2
42455,1
42456,3
42457,2
42458,1
42459,0
42460,1
42461,3
42462,0
42463,3
42464,2
42465,4
42466,0
42467,1
42468,1
42469,3
42470,1
42471,2
42472,1
42473,2
42474,2
42475,0
42476,4
42477,0
42478,4
42479,4
42480,2
42481,1
42482,3
42483,3
42484,1
42485,1
42486,0
42487,4
42488,1
42489,2
42490,0
42491,3
42492,2
42493,1
42494,4
42495,1
42496,0
42497,3
42498,2
42499,0
42500,4
42501,1
42502,1
42503,0
42504,1
42505,2
42506,0
42507,2
42508,0
42509,1
42510,2
42511,2
42512,3
42513,0
42514,0
42515,0
42516,4
42517,1
42518,2
42519,4
42520,2
42521,3
42522,1
42523,0
42524,2
42525,1
42526,0
42527,2
42528,1
42529,3
42530,4
42531,0
42532,4
42533,0
42534,2
42535,3
42536,2
42537,0
42538,0
42539,3
42540,1
42541,2
42542,1
42543,3
42544,4
42545,3
42546,1
42547,1
42548,3
42549,2
42550,3
42551,3
42552,2
42553,3
42554,2
42555,4
42556,0
42557,2
42558,2
42559,3
42560,1
42561,1
42562,2
42563,2
42564,0
42565,1
42566,2
42567,1
42568,4
42569,2
42570,3
42571,0
42572,3
42573,4
42574,0
42575,0
42576,0
42577,3
42578,3
42579,4
42580,1
42581,3
42582,3
42583,1
42584,1
42585,1
42586,3
42587,3
42588,0
42589,0
42590,1
42591,0
42592,1
42593,4
42594,0
42595,3
42596,3
42597,1
42598,2
42599,1
42600,3
42601,3
42602,4
42603,1
42604,0
42605,0
42606,3
42607,2
42608,2
42609,1
42610,3
42611,0
42612,0
42613,3
42614,3
42615,0
42616,0
42617,2
42618,2
42619,1
42620,4
42621,0
42622,1
42623,2
42624,3
42625,2
42626,4
42627,3
42628,2
42629,0
42630,1
42631,2
42632,3
42633,0
42634,1
42635,2
42636,3
42637,2
42638,4
42639,1
42640,2
42641,3
42642,4
42643,0
42644,4
42645,4
42646,3
42647,3
42648,2
42649,3
42650,3
42651,3
42652,0
42653,3
42654,0
42655,0
42656,0
42657,1
42658,1
42659,2
42660,2
42661,1
42662,0
42663,0
42664,4
42665,3
42666,0
42667,2
42668,2
42669,1
42670,3
42671,2
42672,1
42673,4
42674,0
42675,1
42676,0
42677,2
42678,4
42679,1
42680,3
42681,3
42682,2
42683,1
42684,0
42685,1
42686,4
42687,3
42688,0
42689,0
42690,4
42691,3
42692,0
42693,3
42694,3
42695,4
42696,2
42697,0
42698,1
42699,1
42700,2
42701,4
42702,3
42703,4
42704,3
42705,2
42706,3
42707,1
42708,4
42709,2
42710,4
42711,2
42712,3
42713,3
42714,3
42715,0
42716,2
42717,3
42718,0
42719,1
42720,4
42721,3
42722,1
42723,3
42724,2
42725,1
42726,3
42727,0
42728,1
42729,4
42730,1
42731,4
42732,3
42733,4
42734,0
42735,2
42736,2
42737,4
42738,4
42739,4
42740,1
42741,2
42742,1
42743,0
42744,1
42745,1
42746,2
42747,1
42748,2
42749,2
42750,0
42751,3
42752,0
42753,4
42754,1
42755,3
42756,2
42757,2
42758,2
42759,2
42760,3
42761,1
42762,4
42763,1
42764,2
42765,2
42766,2
42767,3
42768,1
42769,2
42770,0
42771,1
42772,2
42773,4
42774,0
42775,1
42776,3
42777,4
42778,3
42779,1
42780,1
42781,2
42782,3
42783,0
42784,4
42785,4
42786,1
42787,2
42788,2
42789,4
42790,1
42791,0
42792,0
42793,3
42794,1
42795,2
42796,1
42797,2
42798,2
42799,2
42800,3
42801,0
42802,3
42803,0
42804,0
42805,2
42806,1
42807,2
42808,0
42809,0
42810,2
42811,0
42812,0
42813,3
42814,1
42815,1
42816,0
42817,2
42818,0
42819,1
42820,4
42821,3
42822,3
42823,4
42824,2
42825,2
42826,2
42827,4
42828,2
42829,2
42830,0
42831,0
42832,4
42833,3
42834,4
42835,0
42836,0
42837,0
42838,0
42839,4
42840,2
42841,3
42842,4
42843,0
42844,4
42845,2
42846,4
42847,0
42848,0
42849,1
42850,2
42851,1
42852,0
42853,0
42854,0
42855,4
42856,4
42857,1
42858,1
42859,3
42860,2
42861,1
42862,2
42863,3
42864,1
42865,1
42866,0
42867,3
42868,3
42869,1
42870,1
42871,4
42872,1
42873,3
42874,4
42875,2
42876,2
42877,4
42878,0
42879,2
42880,0
42881,4
42882,0
42883,0
42884,4
42885,4
42886,2
42887,4
42888,2
42889,4
42890,4
42891,4
42892,2
42893,1
42894,3
42895,0
42896,1
42897,1
42898,0
42899,2
42900,1
42901,1
42902,2
42903,0
42904,0
42905,2
42906,1
42907,0
42908,2
42909,1
42910,0
42911,0
42912,3
42913,1
42914,2
42915,4
42916,2
42917,3
42918,2
42919,1
42920,2
42921,4
42922,0
42923,3
42924,0
42925,3
42926,0
42927,4
42928,3
42929,1
42930,4
42931,3
42932,1
42933,4
42934,4
42935,0
42936,3
42937,1
42938,2
42939,0
42940,1
42941,3
42942,0
42943,2
42944,0
42945,4
42946,3
42947,4
42948,3
42949,1
42950,0
42951,2
42952,4
42953,1
42954,2
42955,4
42956,3
42957,4
42958,0
42959,2
42960,2
42961,1
42962,2
42963,3
42964,1
42965,1
42966,4
42967,2
42968,2
42969,2
42970,1
42971,1
42972,1
42973,1
42974,4
42975,0
42976,0
42977,0
42978,4
42979,1
42980,2
42981,2
42982,4
42983,4
42984,4
42985,3
42986,4
42987,2
42988,3
42989,2
42990,1
42991,1
42992,2
42993,2
42994,1
42995,0
42996,2
42997,3
42998,0
42999,2
43000,2
43001,2
43002,4
43003,0
43004,0
43005,3
43006,0
43007,4
43008,3
43009,0
43010,0
43011,1
43012,3
43013,1
43014,1
43015,3
43016,0
43017,4
43018,2
43019,4
43020,2
43021,4
43022,3
43023,2
43024,4
43025,0
43026,1
43027,1
43028,4
43029,0
43030,4
43031,2
43032,3
43033,4
43034,1
43035,1
43036,3
43037,0
43038,1
43039,3
43040,1
43041,2
43042,4
43043,3
43044,1
43045,4
43046,2
43047,1
43048,3
43049,3
43050,1
43051,3
43052,1
43053,2
43054,3
43055,1
43056,1
43057,3
43058,4
43059,0
43060,2
43061,0
43062,1
43063,2
43064,3
43065,3
43066,2
43067,1
43068,4
43069,2
43070,4
43071,3
43072,0
43073,3
43074,3
43075,0
43076,2
43077,3
43078,2
43079,2
43080,0
43081,2
43082,1
43083,3
43084,0
43085,4
43086,4
43087,4
43088,3
43089,4
43090,1
43091,4
43092,2
43093,2
43094,3
43095,2
43096,3
43097,1
43098,2
43099,1
43100,0
43101,3
43102,2
43103,1
43104,1
43105,0
43106,3
43107,4
43108,1
43109,4
43110,0
43111,0
43112,3
43113,2
43114,2
43115,1
43116,0
43117,3
43118,2
43119,4
43120,2
43121,4
43122,1
43123,4
43124,2
43125,3
43126,2
43127,0
43128,3
43129,1
43130,3
43131,2
43132,1
43133,2
43134,1
43135,0
43136,4
43137,2
43138,0
43139,3
43140,1
43141,0
43142,2
43143,0
43144,1
43145,4
43146,0
43147,1
43148,4
43149,4
43150,2
43151,2
43152,0
43153,0
43154,2
43155,3
43156,4
43157,2
43158,1
43159,2
43160,3
43161,4
43162,1
43163,1
43164,2
43165,2
43166,1
43167,4
43168,2
43169,0
43170,0
43171,3
43172,1
43173,2
43174,0
43175,1
43176,3
43177,1
43178,1
43179,0
43180,2
43181,3
43182,2
43183,0
43184,2
43185,2
43186,2
43187,3
43188,3
43189,1
43190,3
43191,3
43192,0
43193,1
43194,1
43195,3
43196,1
43197,2
43198,3
43199,3
43200,0
43201,2
43202,3
43203,4
43204,3
43205,3
43206,0
43207,1
43208,2
43209,3
43210,0
43211,4
43212,0
43213,3
43214,3
43215,4
43216,4
43217,4
43218,4
43219,0
43220,4
43221,1
43222,3
43223,1
43224,4
43225,0
43226,1
43227,1
43228,0
43229,4
43230,3
43231,2
43232,1
43233,1
43234,1
43235,0
43236,4
43237,1
43238,2
43239,0
43240,1
43241,4
43242,0
43243,4
43244,2
43245,0
43246,2
43247,4
43248,0
43249,0
43250,2
43251,0
43252,1
43253,0
43254,4
43255,1
43256,3
43257,3
43258,2
43259,3
43260,3
43261,4
43262,2
43263,2
43264,2
43265,3
43266,0
43267,4
43268,3
43269,0
43270,0
43271,2
43272,0
43273,3
43274,3
43275,3
43276,4
43277,2
43278,2
43279,0
43280,4
43281,4
43282,3
43283,4
43284,4
43285,2
43286,3
43287,4
43288,3
43289,3
43290,0
43291,2
43292,3
43293,2
43294,0
43295,2
43296,0
43297,2
43298,0
43299,2
43300,1
43301,3
43302,4
43303,3
43304,3
43305,1
43306,0
43307,3
43308,1
43309,4
43310,3
43311,0
43312,3
43313,2
43314,0
43315,0
43316,0
43317,3
43318,1
43319,0
43320,2
43321,3
43322,3
43323,1
43324,0
43325,4
43326,4
43327,3
43328,1
43329,1
43330,0
43331,0
43332,1
43333,0
43334,1
43335,0
43336,2
43337,3
43338,1
43339,4
43340,1
43341,3
43342,2
43343,4
43344,1
43345,1
43346,1
43347,3
43348,3
43349,3
43350,4
43351,4
43352,1
43353,0
43354,1
43355,2
43356,1
43357,4
43358,2
43359,3
43360,0
43361,1
43362,0
43363,0
43364,0
43365,3
43366,0
43367,1
43368,0
43369,1
43370,1
43371,2
43372,1
43373,3
43374,2
43375,3
43376,3
43377,0
43378,0
43379,1
43380,1
43381,1
43382,3
43383,3
43384,0
43385,0
43386,2
43387,1
43388,1
43389,3
43390,4
43391,2
43392,2
43393,3
43394,4
43395,1
43396,1
43397,2
43398,0
43399,1
43400,0
43401,1
43402,2
43403,1
43404,3
43405,3
43406,2
43407,0
43408,1
43409,3
43410,3
43411,2
43412,1
43413,4
43414,0
43415,3
43416,1
43417,1
43418,0
43419,0
43420,3
43421,1
43422,1
43423,3
43424,1
43425,0
43426,4
43427,1
43428,1
43429,3
43430,2
43431,4
43432,0
43433,1
43434,2
43435,3
43436,0
43437,3
43438,1
43439,2
43440,1
43441,0
43442,3
43443,0
43444,3
43445,1
43446,4
43447,2
43448,2
43449,4
43450,3
43451,1
43452,3
43453,2
43454,3
43455,0
43456,4
43457,1
43458,3
43459,3
43460,3
43461,0
43462,2
43463,3
43464,3
43465,4
43466,3
43467,2
43468,1
43469,2
43470,2
43471,1
43472,1
43473,2
43474,0
43475,4
43476,3
43477,1
43478,0
43479,1
43480,4
43481,0
43482,0
43483,2
43484,0
43485,0
43486,1
43487,3
43488,0
43489,3
43490,2
43491,1
43492,1
43493,0
43494,1
43495,1
43496,0
43497,2
43498,0
43499,4
43500,1
43501,4
43502,2
43503,4
43504,1
43505,4
43506,0
43507,1
43508,1
43509,2
43510,2
43511,2
43512,0
43513,1
43514,4
43515,4
43516,1
43517,4
43518,3
43519,2
43520,3
43521,4
43522,4
43523,0
43524,3
43525,3
43526,2
43527,1
43528,0
43529,0
43530,0
43531,2
43532,3
43533,4
43534,2
43535,2
43536,2
43537,3
43538,0
43539,4
43540,2
43541,3
43542,1
43543,3
43544,0
43545,3
43546,4
43547,2
43548,3
43549,0
43550,2
43551,3
43552,1
43553,0
43554,3
43555,4
43556,2
43557,0
43558,3
43559,1
43560,1
43561,1
43562,1
43563,0
43564,1
43565,1
43566,1
43567,2
43568,4
43569,1
43570,4
43571,4
43572,4
43573,2
43574,3
43575,1
43576,0
43577,4
43578,4
43579,1
43580,3
43581,0
43582,1
43583,4
43584,0
43585,2
43586,3
43587,0
43588,4
43589,3
43590,3
43591,0
43592,1
43593,1
43594,4
43595,2
43596,2
43597,2
43598,2
43599,3
43600,1
43601,2
43602,3
43603,2
43604,3
43605,0
43606,1
43607,3
43608,4
43609,0
43610,0
43611,0
43612,0
43613,0
43614,1
43615,2
43616,1
43617,2
43618,0
43619,1
43620,3
43621,2
43622,3
43623,0
43624,1
43625,4
43626,2
43627,0
43628,1
43629,1
43630,0
43631,2
43632,0
43633,0
43634,3
43635,1
43636,3
43637,0
43638,3
43639,4
43640,0
43641,2
43642,0
43643,3
43644,2
43645,3
43646,2
43647,1
43648,4
43649,3
43650,3
43651,0
43652,0
43653,1
43654,1
43655,3
43656,0
43657,0
43658,2
43659,4
43660,1
43661,2
43662,1
43663,1
43664,0
43665,3
43666,2
43667,4
43668,3
43669,0
43670,2
43671,2
43672,0
43673,2
43674,4
43675,4
43676,0
43677,3
43678,2
43679,3
43680,3
43681,1
43682,0
43683,3
43684,3
43685,2
43686,0
43687,1
43688,1
43689,2
43690,0
43691,0
43692,1
43693,1
43694,0
43695,1
43696,2
43697,0
43698,2
43699,3
43700,1
43701,4
43702,4
43703,2
43704,0
43705,2
43706,2
43707,4
43708,1
43709,4
43710,2
43711,1
43712,0
43713,4
43714,3
43715,1
43716,1
43717,3
43718,2
43719,2
43720,0
43721,1
43722,1
43723,0
43724,3
43725,4
43726,3
43727,2
43728,1
43729,4
43730,0
43731,1
43732,3
43733,1
43734,3
43735,1
43736,4
43737,2
43738,2
43739,2
43740,2
43741,0
43742,0
43743,0
43744,0
43745,4
43746,0
43747,0
43748,4
43749,2
43750,1
43751,0
43752,3
43753,2
43754,2
43755,2
43756,0
43757,2
43758,3
43759,0
43760,1
43761,3
43762,4
43763,3
43764,3
43765,2
43766,0
43767,0
43768,3
43769,4
43770,0
43771,1
43772,2
43773,4
43774,0
43775,0
43776,0
43777,1
43778,0
43779,0
43780,1
43781,3
43782,2
43783,1
43784,1
43785,3
43786,4
43787,4
43788,1
43789,3
43790,3
43791,0
43792,4
43793,0
43794,2
43795,0
43796,3
43797,4
43798,3
43799,3
43800,0
43801,4
43802,2
43803,0
43804,2
43805,2
43806,1
43807,4
43808,2
43809,0
43810,4
43811,0
43812,1
43813,0
43814,3
43815,4
43816,1
43817,1
43818,0
43819,2
43820,1
43821,1
43822,3
43823,0
43824,2
43825,4
43826,0
43827,3
43828,1
43829,1
43830,0
43831,2
43832,0
43833,3
43834,1
43835,1
43836,3
43837,1
43838,3
43839,1
43840,2
43841,1
43842,2
43843,0
43844,4
43845,4
43846,3
43847,4
43848,1
43849,3
43850,4
43851,3
43852,3
43853,2
43854,4
43855,4
43856,4
43857,0
43858,2
43859,0
43860,3
43861,0
43862,2
43863,4
43864,0
43865,3
43866,3
43867,0
43868,4
43869,0
43870,0
43871,1
43872,1
43873,3
43874,1
43875,2
43876,1
43877,3
43878,4
43879,2
43880,3
43881,2
43882,1
43883,4
43884,3
43885,4
43886,0
43887,2
43888,2
43889,3
43890,1
43891,3
43892,4
43893,1
43894,1
43895,2
43896,1
43897,2
43898,2
43899,4
43900,0
43901,1
43902,3
43903,3
43904,0
43905,0
43906,4
43907,4
43908,3
43909,3
43910,3
43911,3
43912,0
43913,3
43914,1
43915,0
43916,3
43917,2
43918,3
43919,3
43920,0
43921,3
43922,1
43923,0
43924,1
43925,0
43926,1
43927,2
43928,4
43929,0
43930,0
43931,4
43932,2
43933,1
43934,3
43935,3
43936,3
43937,3
43938,0
43939,3
43940,0
43941,2
43942,1
43943,0
43944,0
43945,3
43946,0
43947,1
43948,0
43949,4
43950,2
43951,1
43952,2
43953,1
43954,0
43955,3
43956,1
43957,0
43958,4
43959,3
43960,2
43961,2
43962,0
43963,1
43964,1
43965,0
43966,3
43967,2
43968,0
43969,4
43970,0
43971,2
43972,3
43973,2
43974,4
43975,2
43976,1
43977,1
43978,0
43979,3
43980,2
43981,2
43982,4
43983,2
43984,2
43985,1
43986,2
43987,0
43988,4
43989,2
43990,2
43991,2
43992,3
43993,1
43994,2
43995,0
43996,1
43997,0
43998,0
43999,4
44000,3
44001,3
44002,4
44003,1
44004,3
44005,4
44006,2
44007,4
44008,4
44009,4
44010,3
44011,0
44012,2
44013,2
44014,0
44015,3
44016,1
44017,3
44018,2
44019,2
44020,0
44021,4
44022,4
44023,1
44024,0
44025,1
44026,0
44027,0
44028,3
44029,3
44030,2
44031,4
44032,4
44033,2
44034,0
44035,1
44036,4
44037,0
44038,2
44039,2
44040,0
44041,2
44042,1
44043,2
44044,0
44045,2
44046,1
44047,2
44048,0
44049,0
44050,3
44051,2
44052,0
44053,1
44054,3
44055,3
44056,2
44057,1
44058,1
44059,3
44060,3
44061,2
44062,2
44063,0
44064,2
44065,4
44066,0
44067,2
44068,1
44069,3
44070,2
44071,1
44072,2
44073,1
44074,4
44075,0
44076,1
44077,2
44078,1
44079,0
44080,3
44081,1
44082,3
44083,1
44084,4
44085,1
44086,4
44087,0
44088,0
44089,2
44090,1
44091,3
44092,0
44093,0
44094,0
44095,0
44096,2
44097,2
44098,0
44099,0
44100,4
44101,1
44102,4
44103,3
44104,1
44105,0
44106,4
44107,2
44108,3
44109,1
44110,3
44111,0
44112,1
44113,1
44114,0
44115,2
44116,1
44117,1
44118,2
44119,1
44120,0
44121,2
44122,4
44123,4
44124,1
44125,3
44126,1
44127,4
44128,3
44129,0
44130,0
44131,1
44132,2
44133,1
44134,3
44135,0
44136,4
44137,1
44138,3
44139,4
44140,0
44141,2
44142,2
44143,2
44144,3
44145,0
44146,4
44147,0
44148,4
44149,1
44150,2
44151,2
44152,4
44153,2
44154,0
44155,1
44156,0
44157,0
44158,2
44159,2
44160,3
44161,3
44162,0
44163,1
44164,3
44165,3
44166,1
44167,1
44168,1
44169,1
44170,3
44171,1
44172,1
44173,2
44174,3
44175,1
44176,4
44177,1
44178,3
44179,0
44180,3
44181,0
44182,1
44183,2
44184,1
44185,0
44186,4
44187,4
44188,1
44189,1
44190,4
44191,0
44192,0
44193,1
44194,2
44195,1
44196,3
44197,4
44198,3
44199,1
44200,1
44201,2
44202,0
44203,0
44204,0
44205,3
44206,4
44207,3
44208,3
44209,1
44210,3
44211,0
44212,0
44213,4
44214,1
44215,4
44216,0
44217,0
44218,3
44219,4
44220,1
44221,2
44222,0
44223,3
44224,1
44225,0
44226,2
44227,2
44228,1
44229,0
44230,0
44231,0
44232,0
44233,4
44234,2
44235,0
44236,4
44237,1
44238,3
44239,0
44240,0
44241,0
44242,3
44243,3
44244,4
44245,2
44246,0
44247,3
44248,0
44249,0
44250,2
44251,3
44252,1
44253,2
44254,3
44255,1
44256,1
44257,2
44258,2
44259,0
44260,2
44261,2
44262,4
44263,4
44264,4
44265,2
44266,2
44267,0
44268,1
44269,3
44270,0
44271,2
44272,0
44273,3
44274,4
44275,4
44276,3
44277,1
44278,0
44279,1
44280,3
44281,0
44282,1
44283,1
44284,1
44285,1
44286,1
44287,0
44288,1
44289,0
44290,1
44291,4
44292,0
44293,3
44294,0
44295,3
44296,0
44297,1
44298,1
44299,4
44300,2
44301,2
44302,4
44303,1
44304,1
44305,2
44306,3
44307,3
44308,4
44309,3
44310,4
44311,3
44312,4
44313,1
44314,2
44315,1
44316,1
44317,0
44318,0
44319,0
44320,4
44321,1
44322,3
44323,2
44324,1
44325,0
44326,1
44327,4
44328,0
44329,4
44330,0
44331,3
44332,0
44333,0
44334,0
44335,2
44336,4
44337,1
44338,3
44339,0
44340,2
44341,0
44342,0
44343,1
44344,3
44345,1
44346,4
44347,0
44348,3
44349,1
44350,0
44351,2
44352,0
44353,0
44354,0
44355,2
44356,2
44357,1
44358,4
44359,4
44360,1
44361,0
44362,2
44363,3
44364,4
44365,4
44366,2
44367,1
44368,0
44369,0
44370,0
44371,4
44372,4
44373,2
44374,0
44375,0
44376,1
44377,1
44378,3
44379,1
44380,3
44381,2
44382,3
44383,0
44384,1
44385,2
44386,2
44387,3
44388,4
44389,1
44390,0
44391,0
44392,4
44393,1
44394,4
44395,1
44396,4
44397,1
44398,4
44399,2
44400,3
44401,4
44402,3
44403,0
44404,4
44405,3
44406,0
44407,1
44408,1
44409,1
44410,1
44411,4
44412,1
44413,3
44414,0
44415,1
44416,0
44417,0
44418,3
44419,4
44420,4
44421,3
44422,2
44423,2
44424,4
44425,1
44426,4
44427,3
44428,2
44429,2
44430,4
44431,4
44432,2
44433,1
44434,2
44435,3
44436,3
44437,2
44438,0
44439,0
44440,3
44441,3
44442,4
44443,3
44444,2
44445,3
44446,4
44447,1
44448,0
44449,2
44450,2
44451,4
44452,3
44453,0
44454,0
44455,0
44456,4
44457,3
44458,2
44459,4
44460,0
44461,2
44462,3
44463,2
44464,2
44465,1
44466,4
44467,2
44468,0
44469,2
44470,4
44471,4
44472,0
44473,1
44474,2
44475,1
44476,4
44477,4
44478,3
44479,0
44480,2
44481,1
44482,4
44483,4
44484,4
44485,4
44486,3
44487,0
44488,0
44489,2
44490,1
44491,3
44492,1
44493,2
44494,0
44495,4
44496,3
44497,1
44498,0
44499,2
44500,2
44501,2
44502,1
44503,1
44504,1
44505,0
44506,3
44507,1
44508,1
44509,1
44510,3
44511,4
44512,1
44513,3
44514,2
44515,3
44516,3
44517,4
44518,3
44519,0
44520,2
44521,1
44522,2
44523,3
44524,3
44525,4
44526,2
44527,1
44528,2
44529,3
44530,0
44531,2
44532,1
44533,0
44534,3
44535,2
44536,3
44537,3
44538,4
44539,0
44540,1
44541,4
44542,1
44543,1
44544,0
44545,0
44546,0
44547,2
44548,4
44549,0
44550,2
44551,4
44552,1
44553,1
44554,3
44555,2
44556,2
44557,2
44558,1
44559,2
44560,1
44561,3
44562,4
44563,4
44564,1
44565,4
44566,2
44567,2
44568,2
44569,4
44570,1
44571,2
44572,4
44573,2
44574,0
44575,3
44576,0
44577,1
44578,4
44579,2
44580,2
44581,1
44582,2
44583,1
44584,3
44585,0
44586,1
44587,1
44588,4
44589,4
44590,2
44591,3
44592,1
44593,4
44594,0
44595,2
44596,0
44597,1
44598,2
44599,2
44600,3
44601,3
44602,1
44603,0
44604,2
44605,3
44606,3
44607,1
44608,2
44609,4
44610,2
44611,3
44612,0
44613,0
44614,3
44615,1
44616,3
44617,0
44618,2
44619,1
44620,4
44621,0
44622,1
44623,2
44624,4
44625,4
44626,3
44627,4
44628,2
44629,4
44630,0
44631,2
44632,1
44633,0
44634,2
44635,2
44636,4
44637,1
44638,1
44639,1
44640,1
44641,3
44642,2
44643,4
44644,4
44645,3
44646,3
44647,2
44648,0
44649,2
44650,4
44651,1
44652,4
44653,3
44654,1
44655,1
44656,4
44657,3
44658,3
44659,3
44660,1
44661,3
44662,1
44663,3
44664,1
44665,3
44666,3
44667,0
44668,0
44669,4
44670,1
44671,1
44672,0
44673,4
44674,1
44675,2
44676,1
44677,3
44678,2
44679,1
44680,2
44681,0
44682,2
44683,4
44684,3
44685,1
44686,4
44687,3
44688,1
44689,0
44690,2
44691,0
44692,0
44693,0
44694,3
44695,2
44696,3
44697,1
44698,4
44699,1
44700,3
44701,1
44702,1
44703,3
44704,1
44705,1
44706,1
44707,0
44708,3
44709,1
44710,3
44711,0
44712,3
44713,1
44714,1
44715,4
44716,2
44717,2
44718,1
44719,4
44720,4
44721,0
44722,2
44723,0
44724,1
44725,0
44726,1
44727,0
44728,4
44729,3
44730,1
44731,3
44732,3
44733,1
44734,3
44735,4
44736,2
44737,2
44738,2
44739,0
44740,3
44741,1
44742,0
44743,4
44744,0
44745,3
44746,1
44747,3
44748,0
44749,0
44750,3
44751,2
44752,3
44753,1
44754,3
44755,0
44756,2
44757,2
44758,0
44759,2
44760,1
44761,2
44762,0
44763,0
44764,4
44765,4
44766,1
44767,1
44768,1
44769,1
44770,0
44771,3
44772,3
44773,2
44774,2
44775,4
44776,4
44777,2
44778,2
44779,4
44780,1
44781,3
44782,2
44783,0
44784,0
44785,2
44786,2
44787,0
44788,3
44789,1
44790,1
44791,4
44792,1
44793,2
44794,1
44795,1
44796,2
44797,2
44798,1
44799,3
44800,2
44801,1
44802,3
44803,4
44804,1
44805,2
44806,1
44807,2
44808,0
44809,1
44810,3
44811,2
44812,3
44813,2
44814,1
44815,1
44816,0
44817,1
44818,0
44819,4
44820,0
44821,3
44822,1
44823,1
44824,2
44825,1
44826,2
44827,2
44828,3
44829,0
44830,2
44831,2
44832,1
44833,0
44834,0
44835,3
44836,2
44837,3
44838,2
44839,3
44840,3
44841,0
44842,0
44843,0
44844,2
44845,2
44846,3
44847,2
44848,1
44849,0
44850,3
44851,3
44852,0
44853,3
44854,2
44855,0
44856,4
44857,2
44858,4
44859,3
44860,4
44861,0
44862,1
44863,0
44864,0
44865,0
44866,3
44867,2
44868,0
44869,4
44870,2
44871,2
44872,4
44873,0
44874,4
44875,2
44876,2
44877,4
44878,0
44879,2
44880,4
44881,2
44882,1
44883,0
44884,2
44885,2
44886,3
44887,0
44888,3
44889,0
44890,4
44891,2
44892,0
44893,0
44894,2
44895,0
44896,1
44897,0
44898,2
44899,3
44900,0
44901,4
44902,0
44903,0
44904,4
44905,1
44906,0
44907,1
44908,2
44909,1
44910,3
44911,1
44912,1
44913,1
44914,1
44915,1
44916,1
44917,1
44918,4
44919,0
44920,4
44921,2
44922,2
44923,0
44924,3
44925,1
44926,1
44927,0
44928,0
44929,1
44930,2
44931,4
44932,3
44933,1
44934,4
44935,0
44936,1
44937,2
44938,4
44939,2
44940,2
44941,0
44942,4
44943,2
44944,2
44945,2
44946,1
44947,0
44948,2
44949,3
44950,0
44951,4
44952,0
44953,0
44954,0
44955,0
44956,4
44957,0
44958,2
44959,0
44960,2
44961,0
44962,0
44963,3
44964,2
44965,1
44966,0
44967,4
44968,4
44969,1
44970,0
44971,2
44972,2
44973,1
44974,2
44975,2
44976,1
44977,2
44978,4
44979,2
44980,0
44981,0
44982,3
44983,0
44984,4
44985,2
44986,0
44987,3
44988,1
44989,4
44990,1
44991,0
44992,2
44993,3
44994,2
44995,0
44996,2
44997,4
44998,1
44999,3
45000,1
45001,1
45002,2
45003,1
45004,0
45005,0
45006,2
45007,3
45008,1
45009,0
45010,0
45011,0
45012,0
45013,0
45014,3
45015,0
45016,2
45017,3
45018,1
45019,2
45020,1
45021,3
45022,1
45023,2
45024,0
45025,2
45026,2
45027,0
45028,2
45029,4
45030,3
45031,1
45032,2
45033,4
45034,3
45035,2
45036,0
45037,0
45038,3
45039,4
45040,4
45041,0
45042,2
45043,1
45044,2
45045,0
45046,2
45047,4
45048,0
45049,2
45050,3
45051,3
45052,4
45053,3
45054,0
45055,1
45056,4
45057,1
45058,0
45059,2
45060,1
45061,1
45062,0
45063,2
45064,2
45065,3
45066,0
45067,1
45068,4
45069,0
45070,3
45071,2
45072,1
45073,1
45074,2
45075,1
45076,3
45077,2
45078,2
45079,2
45080,3
45081,1
45082,2
45083,2
45084,3
45085,1
45086,4
45087,1
45088,4
45089,1
45090,2
45091,0
45092,1
45093,2
45094,4
45095,2
45096,2
45097,3
45098,0
45099,1
45100,1
45101,4
45102,2
45103,2
45104,0
45105,3
45106,4
45107,0
45108,0
45109,2
45110,3
45111,2
45112,1
45113,2
45114,4
45115,3
45116,0
45117,0
45118,1
45119,3
45120,1
45121,1
45122,1
45123,1
45124,4
45125,0
45126,1
45127,2
45128,1
45129,4
45130,4
45131,4
45132,1
45133,3
45134,4
45135,2
45136,2
45137,1
45138,4
45139,0
45140,1
45141,1
45142,2
45143,0
45144,2
45145,3
45146,2
45147,2
45148,4
45149,3
45150,0
45151,0
45152,1
45153,1
45154,0
45155,0
45156,1
45157,0
45158,4
45159,3
45160,1
45161,2
45162,1
45163,3
45164,2
45165,2
45166,3
45167,1
45168,0
45169,4
45170,1
45171,2
45172,3
45173,1
45174,3
45175,2
45176,0
45177,1
45178,2
45179,1
45180,1
45181,0
45182,0
45183,3
45184,3
45185,2
45186,1
45187,4
45188,2
45189,3
45190,3
45191,4
45192,2
45193,2
45194,0
45195,2
45196,3
45197,3
45198,1
45199,2
45200,1
45201,1
45202,3
45203,1
45204,1
45205,0
45206,0
45207,2
45208,1
45209,0
45210,1
45211,0
45212,3
45213,0
45214,4
45215,0
45216,1
45217,4
45218,3
45219,2
45220,1
45221,0
45222,1
45223,2
45224,3
45225,2
45226,4
45227,1
45228,4
45229,4
45230,2
45231,1
45232,3
45233,2
45234,3
45235,2
45236,0
45237,4
45238,3
45239,0
45240,0
45241,0
45242,0
45243,1
45244,1
45245,3
45246,0
45247,0
45248,3
45249,4
45250,1
45251,2
45252,0
45253,1
45254,1
45255,0
45256,1
45257,0
45258,2
45259,1
45260,2
45261,3
45262,0
45263,3
45264,4
45265,1
45266,1
45267,4
45268,0
45269,2
45270,1
45271,3
45272,0
45273,0
45274,2
45275,4
45276,3
45277,0
45278,4
45279,0
45280,3
45281,1
45282,3
45283,4
45284,2
45285,3
45286,1
45287,4
45288,4
45289,2
45290,4
45291,2
45292,1
45293,1
45294,3
45295,0
45296,3
45297,2
45298,3
45299,1
45300,3
45301,4
45302,0
45303,2
45304,4
45305,0
45306,2
45307,2
45308,3
45309,0
45310,0
45311,1
45312,3
45313,1
45314,0
45315,4
45316,0
45317,3
45318,4
45319,4
45320,2
45321,2
45322,0
45323,1
45324,1
45325,4
45326,2
45327,1
45328,2
45329,0
45330,0
45331,3
45332,1
45333,4
45334,0
45335,2
45336,3
45337,4
45338,0
45339,0
45340,1
45341,0
45342,0
45343,3
45344,2
45345,4
45346,3
45347,1
45348,1
45349,1
45350,3
45351,1
45352,2
45353,1
45354,1
45355,4
45356,0
45357,1
45358,2
45359,2
45360,4
45361,2
45362,4
45363,3
45364,1
45365,4
45366,2
45367,1
45368,0
45369,0
45370,2
45371,0
45372,3
45373,3
45374,1
45375,2
45376,1
45377,1
45378,0
45379,0
45380,4
45381,0
45382,4
45383,0
45384,1
45385,4
45386,1
45387,1
45388,3
45389,2
45390,1
45391,0
45392,4
45393,0
45394,1
45395,0
45396,3
45397,2
45398,4
45399,4
45400,1
45401,3
45402,4
45403,3
45404,0
45405,3
45406,0
45407,0
45408,3
45409,0
45410,2
45411,3
45412,2
45413,0
45414,3
45415,4
45416,0
45417,2
45418,1
45419,0
45420,3
45421,2
45422,0
45423,0
45424,3
45425,4
45426,3
45427,4
45428,2
45429,3
45430,4
45431,0
45432,4
45433,4
45434,3
45435,1
45436,0
45437,2
45438,1
45439,2
45440,3
45441,3
45442,3
45443,0
45444,0
45445,2
45446,3
45447,2
45448,2
45449,0
45450,2
45451,2
45452,1
45453,0
45454,3
45455,1
45456,1
45457,3
45458,2
45459,2
45460,4
45461,0
45462,4
45463,1
45464,2
45465,4
45466,2
45467,4
45468,2
45469,0
45470,4
45471,2
45472,2
45473,0
45474,4
45475,3
45476,3
45477,0
45478,3
45479,1
45480,1
45481,1
45482,4
45483,3
45484,0
45485,3
45486,4
45487,3
45488,2
45489,0
45490,0
45491,3
45492,2
45493,2
45494,3
45495,2
45496,3
45497,2
45498,2
45499,4
45500,2
45501,3
45502,2
45503,0
45504,3
45505,3
45506,0
45507,4
45508,4
45509,3
45510,2
45511,1
45512,1
45513,4
45514,0
45515,2
45516,4
45517,3
45518,1
45519,1
45520,0
45521,1
45522,3
45523,2
45524,1
45525,0
45526,1
45527,3
45528,3
45529,3
45530,0
45531,0
45532,2
45533,1
45534,1
45535,1
45536,4
45537,1
45538,2
45539,4
45540,3
45541,2
45542,3
45543,2
45544,4
45545,0
45546,3
45547,2
45548,3
45549,2
45550,2
45551,4
45552,1
45553,1
45554,4
45555,4
45556,4
45557,3
45558,3
45559,0
45560,0
45561,0
45562,4
45563,0
45564,4
45565,3
45566,2
45567,0
45568,0
45569,4
45570,0
45571,3
45572,3
45573,4
45574,4
45575,3
45576,1
45577,1
45578,0
45579,1
45580,4
45581,4
45582,0
45583,2
45584,0
45585,2
45586,0
45587,4
45588,3
45589,3
45590,4
45591,1
45592,2
45593,1
45594,3
45595,1
45596,1
45597,3
45598,0
45599,4
45600,3
45601,3
45602,2
45603,0
45604,1
45605,1
45606,3
45607,3
45608,0
45609,0
45610,0
45611,2
45612,4
45613,2
45614,3
45615,1
45616,2
45617,2
45618,1
45619,1
45620,0
45621,1
45622,1
45623,1
45624,1
45625,0
45626,0
45627,1
45628,3
45629,1
45630,3
45631,3
45632,4
45633,1
45634,1
45635,3
45636,4
45637,1
45638,1
45639,1
45640,4
45641,0
45642,0
45643,2
45644,2
45645,4
45646,2
45647,4
45648,1
45649,0
45650,4
45651,0
45652,4
45653,3
45654,1
45655,1
45656,1
45657,3
45658,2
45659,0
45660,1
45661,0
45662,3
45663,3
45664,2
45665,1
45666,3
45667,2
45668,3
45669,3
45670,1
45671,1
45672,1
45673,3
45674,3
45675,2
45676,1
45677,0
45678,2
45679,2
45680,2
45681,0
45682,3
45683,4
45684,2
45685,4
45686,2
45687,2
45688,3
45689,0
45690,2
45691,2
45692,0
45693,0
45694,3
45695,0
45696,2
45697,3
45698,3
45699,1
45700,2
45701,2
45702,1
45703,0
45704,3
45705,2
45706,3
45707,2
45708,1
45709,2
45710,1
45711,3
45712,3
45713,2
45714,2
45715,3
45716,2
45717,2
45718,3
45719,2
45720,4
45721,1
45722,3
45723,3
45724,0
45725,3
45726,4
45727,1
45728,0
45729,3
45730,2
45731,0
45732,3
45733,2
45734,1
45735,1
45736,2
45737,2
45738,2
45739,0
45740,3
45741,4
45742,0
45743,4
45744,1
45745,1
45746,2
45747,2
45748,0
45749,4
45750,4
45751,0
45752,2
45753,1
45754,1
45755,4
45756,4
45757,1
45758,1
45759,3
45760,2
45761,0
45762,4
45763,4
45764,1
45765,1
45766,3
45767,3
45768,4
45769,1
45770,1
45771,4
45772,4
45773,3
45774,2
45775,4
45776,0
45777,0
45778,1
45779,0
45780,2
45781,3
45782,2
45783,2
45784,2
45785,1
45786,4
45787,4
45788,2
45789,0
45790,0
45791,1
45792,0
45793,3
45794,4
45795,0
45796,1
45797,2
45798,4
45799,2
45800,2
45801,4
45802,1
45803,3
45804,4
45805,4
45806,2
45807,1
45808,0
45809,0
45810,4
45811,0
45812,0
45813,3
45814,3
45815,0
45816,0
45817,1
45818,4
45819,4
45820,1
45821,3
45822,1
45823,0
45824,2
45825,4
45826,2
45827,3
45828,0
45829,4
45830,4
45831,3
45832,3
45833,1
45834,4
45835,1
45836,1
45837,2
45838,3
45839,2
45840,3
45841,4
45842,3
45843,0
45844,2
45845,2
45846,3
45847,0
45848,4
45849,1
45850,2
45851,0
45852,2
45853,2
45854,3
45855,3
45856,3
45857,0
45858,2
45859,0
45860,0
45861,2
45862,1
45863,1
45864,2
45865,1
45866,3
45867,1
45868,4
45869,0
45870,0
45871,0
45872,4
45873,4
45874,3
45875,4
45876,0
45877,1
45878,0
45879,0
45880,1
45881,3
45882,4
45883,1
45884,3
45885,0
45886,0
45887,2
45888,3
45889,1
45890,1
45891,1
45892,0
45893,0
45894,1
45895,2
45896,0
45897,4
45898,1
45899,3
45900,1
45901,2
45902,0
45903,2
45904,3
45905,2
45906,3
45907,1
45908,0
45909,0
45910,3
45911,3
45912,3
45913,0
45914,1
45915,1
45916,1
45917,2
45918,4
45919,1
45920,3
45921,2
45922,0
45923,3
45924,3
45925,4
45926,2
45927,4
45928,2
45929,0
45930,1
45931,0
45932,2
45933,0
45934,0
45935,1
45936,1
45937,0
45938,4
45939,4
45940,0
45941,4
45942,0
45943,0
45944,4
45945,1
45946,3
45947,3
45948,1
45949,1
45950,0
45951,3
45952,1
45953,1
45954,2
45955,3
45956,0
45957,4
45958,4
45959,1
45960,0
45961,1
45962,3
45963,2
45964,2
45965,4
45966,4
45967,1
45968,0
45969,2
45970,4
45971,3
45972,1
45973,1
45974,3
45975,4
45976,2
45977,2
45978,0
45979,3
45980,2
45981,1
45982,1
45983,1
45984,0
45985,3
45986,1
45987,1
45988,1
45989,2
45990,1
45991,0
45992,3
45993,4
45994,0
45995,2
45996,2
45997,1
45998,0
45999,2
46000,0
46001,1
46002,3
46003,0
46004,4
46005,0
46006,1
46007,1
46008,1
46009,0
46010,2
46011,2
46012,3
46013,4
46014,4
46015,1
46016,0
46017,2
46018,3
46019,1
46020,2
46021,1
46022,4
46023,4
46024,2
46025,2
46026,1
46027,2
46028,2
46029,3
46030,0
46031,2
46032,3
46033,1
46034,2
46035,1
46036,1
46037,1
46038,0
46039,0
46040,3
46041,1
46042,4
46043,1
46044,3
46045,0
46046,3
46047,0
46048,1
46049,0
46050,0
46051,4
46052,2
46053,1
46054,0
46055,0
46056,4
46057,3
46058,1
46059,4
46060,1
46061,4
46062,4
46063,0
46064,0
46065,3
46066,0
46067,3
46068,0
46069,3
46070,0
46071,1
46072,2
46073,2
46074,0
46075,4
46076,2
46077,1
46078,1
46079,2
46080,3
46081,1
46082,2
46083,2
46084,2
46085,4
46086,3
46087,4
46088,0
46089,1
46090,2
46091,0
46092,2
46093,2
46094,0
46095,1
46096,0
46097,4
46098,1
46099,3
46100,2
46101,4
46102,1
46103,3
46104,2
46105,3
46106,2
46107,0
46108,2
46109,1
46110,1
46111,0
46112,1
46113,2
46114,4
46115,3
46116,4
46117,2
46118,3
46119,1
46120,3
46121,1
46122,0
46123,2
46124,1
46125,1
46126,2
46127,1
46128,0
46129,3
46130,1
46131,1
46132,0
46133,2
46134,3
46135,1
46136,1
46137,4
46138,0
46139,3
46140,0
46141,2
46142,0
46143,4
46144,0
46145,2
46146,3
46147,1
46148,2
46149,1
46150,1
46151,4
46152,0
46153,1
46154,1
46155,1
46156,3
46157,2
46158,1
46159,1
46160,2
46161,3
46162,1
46163,1
46164,4
46165,3
46166,2
46167,1
46168,0
46169,0
46170,3
46171,0
46172,4
46173,4
46174,1
46175,3
46176,0
46177,2
46178,1
46179,1
46180,4
46181,1
46182,0
46183,3
46184,3
46185,4
46186,0
46187,1
46188,1
46189,4
46190,3
46191,1
46192,3
46193,0
46194,0
46195,0
46196,3
46197,1
46198,1
46199,3
46200,3
46201,0
46202,0
46203,0
46204,1
46205,0
46206,1
46207,1
46208,1
46209,2
46210,0
46211,3
46212,3
46213,3
46214,3
46215,3
46216,2
46217,3
46218,4
46219,3
46220,1
46221,4
46222,0
46223,0
46224,3
46225,1
46226,4
46227,3
46228,4
46229,0
46230,0
46231,2
46232,2
46233,1
46234,3
46235,2
46236,3
46237,2
46238,0
46239,3
46240,2
46241,2
46242,1
46243,1
46244,0
46245,1
46246,3
46247,1
46248,1
46249,0
46250,4
46251,0
46252,3
46253,2
46254,3
46255,4
46256,4
46257,2
46258,2
46259,1
46260,0
46261,0
46262,2
46263,0
46264,2
46265,2
46266,1
46267,0
46268,1
46269,4
46270,2
46271,2
46272,2
46273,2
46274,1
46275,0
46276,3
46277,2
46278,3
46279,3
46280,1
46281,2
46282,0
46283,2
46284,0
46285,3
46286,3
46287,1
46288,3
46289,0
46290,1
46291,1
46292,2
46293,0
46294,0
46295,0
46296,2
46297,1
46298,3
46299,0
46300,1
46301,4
46302,2
46303,1
46304,2
46305,3
46306,0
46307,0
46308,3
46309,2
46310,4
46311,4
46312,2
46313,4
46314,3
46315,0
46316,3
46317,2
46318,1
46319,2
46320,4
46321,0
46322,3
46323,2
46324,4
46325,0
46326,4
46327,2
46328,1
46329,4
46330,3
46331,4
46332,4
46333,3
46334,3
46335,2
46336,1
46337,3
46338,4
46339,0
46340,0
46341,0
46342,4
46343,3
46344,2
46345,2
46346,0
46347,4
46348,4
46349,2
46350,1
46351,4
46352,4
46353,2
46354,0
46355,2
46356,4
46357,1
46358,1
46359,3
46360,2
46361,4
46362,0
46363,3
46364,2
46365,2
46366,3
46367,0
46368,4
46369,1
46370,0
46371,1
46372,1
46373,2
46374,2
46375,3
46376,2
46377,1
46378,1
46379,3
46380,2
46381,2
46382,2
46383,2
46384,2
46385,2
46386,1
46387,3
46388,2
46389,2
46390,1
46391,0
46392,2
46393,1
46394,1
46395,0
46396,4
46397,4
46398,0
46399,3
46400,3
46401,3
46402,1
46403,2
46404,1
46405,2
46406,1
46407,3
46408,2
46409,2
46410,4
46411,0
46412,2
46413,1
46414,3
46415,2
46416,2
46417,1
46418,1
46419,3
46420,3
46421,3
46422,1
46423,0
46424,4
46425,3
46426,2
46427,0
46428,1
46429,4
46430,1
46431,3
46432,0
46433,3
46434,3
46435,3
46436,1
46437,3
46438,2
46439,1
46440,2
46441,3
46442,0
46443,1
46444,1
46445,3
46446,1
46447,2
46448,2
46449,3
46450,3
46451,4
46452,3
46453,0
46454,1
46455,3
46456,4
46457,3
46458,4
46459,1
46460,3
46461,0
46462,2
46463,3
46464,1
46465,2
46466,1
46467,0
46468,2
46469,1
46470,2
46471,2
46472,4
46473,4
46474,3
46475,4
46476,2
46477,0
46478,2
46479,1
46480,3
46481,3
46482,1
46483,4
46484,1
46485,1
46486,4
46487,3
46488,3
46489,4
46490,3
46491,1
46492,4
46493,1
46494,1
46495,0
46496,4
46497,1
46498,1
46499,0
46500,3
46501,4
46502,3
46503,4
46504,0
46505,1
46506,2
46507,1
46508,0
46509,3
46510,0
46511,2
46512,2
46513,3
46514,0
46515,3
46516,2
46517,2
46518,3
46519,3
46520,3
46521,3
46522,3
46523,3
46524,3
46525,3
46526,4
46527,4
46528,2
46529,0
46530,3
46531,3
46532,4
46533,1
46534,3
46535,1
46536,1
46537,3
46538,3
46539,4
46540,2
46541,3
46542,2
46543,3
46544,3
46545,4
46546,1
46547,2
46548,2
46549,0
46550,1
46551,0
46552,2
46553,1
46554,1
46555,1
46556,1
46557,0
46558,4
46559,4
46560,0
46561,1
46562,3
46563,3
46564,1
46565,0
46566,3
46567,2
46568,4
46569,3
46570,4
46571,1
46572,3
46573,3
46574,4
46575,3
46576,1
46577,2
46578,1
46579,0
46580,3
46581,1
46582,0
46583,3
46584,3
46585,2
46586,1
46587,3
46588,2
46589,2
46590,3
46591,2
46592,0
46593,0
46594,1
46595,2
46596,0
46597,0
46598,4
46599,0
46600,1
46601,4
46602,3
46603,4
46604,3
46605,3
46606,4
46607,4
46608,0
46609,2
46610,1
46611,0
46612,2
46613,2
46614,0
46615,1
46616,0
46617,1
46618,4
46619,2
46620,1
46621,3
46622,2
46623,4
46624,2
46625,3
46626,3
46627,0
46628,3
46629,1
46630,1
46631,3
46632,1
46633,3
46634,2
46635,3
46636,1
46637,0
46638,4
46639,2
46640,1
46641,1
46642,2
46643,4
46644,2
46645,1
46646,4
46647,1
46648,2
46649,0
46650,2
46651,3
46652,0
46653,1
46654,3
46655,2
46656,0
46657,1
46658,0
46659,0
46660,0
46661,2
46662,2
46663,2
46664,1
46665,1
46666,4
46667,2
46668,1
46669,3
46670,1
46671,2
46672,0
46673,3
46674,1
46675,0
46676,2
46677,1
46678,4
46679,3
46680,0
46681,3
46682,0
46683,1
46684,0
46685,4
46686,0
46687,1
46688,1
46689,0
46690,1
46691,0
46692,3
46693,4
46694,0
46695,0
46696,1
46697,2
46698,1
46699,3
46700,1
46701,2
46702,1
46703,0
46704,3
46705,4
46706,1
46707,4
46708,0
46709,3
46710,1
46711,0
46712,4
46713,3
46714,3
46715,1
46716,3
46717,2
46718,4
46719,0
46720,3
46721,4
46722,0
46723,2
46724,0
46725,3
46726,3
46727,3
46728,2
46729,1
46730,3
46731,3
46732,2
46733,1
46734,0
46735,2
46736,0
46737,3
46738,2
46739,4
46740,4
46741,2
46742,2
46743,3
46744,2
46745,0
46746,2
46747,0
46748,2
46749,3
46750,3
46751,4
46752,3
46753,0
46754,1
46755,1
46756,4
46757,4
46758,0
46759,2
46760,3
46761,2
46762,2
46763,4
46764,1
46765,2
46766,2
46767,0
46768,0
46769,3
46770,2
46771,3
46772,1
46773,1
46774,2
46775,4
46776,2
46777,1
46778,1
46779,3
46780,4
46781,2
46782,2
46783,0
46784,2
46785,4
46786,1
46787,3
46788,3
46789,2
46790,1
46791,3
46792,2
46793,1
46794,0
46795,4
46796,0
46797,3
46798,4
46799,3
46800,0
46801,0
46802,2
46803,4
46804,1
46805,1
46806,4
46807,0
46808,4
46809,2
46810,2
46811,3
46812,3
46813,0
46814,3
46815,0
46816,4
46817,4
46818,1
46819,4
46820,4
46821,2
46822,3
46823,2
46824,4
46825,3
46826,2
46827,0
46828,2
46829,0
46830,1
46831,4
46832,3
46833,2
46834,0
46835,1
46836,1
46837,1
46838,2
46839,2
46840,0
46841,2
46842,0
46843,1
46844,0
46845,1
46846,1
46847,3
46848,0
46849,3
46850,4
46851,4
46852,1
46853,0
46854,3
46855,1
46856,3
46857,4
46858,1
46859,0
46860,2
46861,0
46862,3
46863,0
46864,1
46865,1
46866,0
46867,2
46868,2
46869,1
46870,2
46871,3
46872,1
46873,2
46874,1
46875,1
46876,2
46877,1
46878,0
46879,4
46880,2
46881,1
46882,4
46883,0
46884,0
46885,1
46886,0
46887,4
46888,0
46889,2
46890,2
46891,1
46892,3
46893,3
46894,1
46895,1
46896,1
46897,3
46898,1
46899,2
46900,1
46901,0
46902,3
46903,2
46904,0
46905,2
46906,3
46907,4
46908,1
46909,2
46910,4
46911,0
46912,3
46913,2
46914,2
46915,1
46916,3
46917,2
46918,2
46919,2
46920,1
46921,0
46922,1
46923,1
46924,2
46925,4
46926,3
46927,3
46928,0
46929,1
46930,2
46931,0
46932,4
46933,2
46934,1
46935,3
46936,3
46937,0
46938,0
46939,2
46940,3
46941,2
46942,1
46943,0
46944,3
46945,1
46946,4
46947,1
46948,0
46949,2
46950,2
46951,1
46952,1
46953,2
46954,2
46955,3
46956,0
46957,1
46958,4
46959,2
46960,1
46961,0
46962,4
46963,0
46964,2
46965,4
46966,1
46967,1
46968,1
46969,2
46970,1
46971,3
46972,3
46973,3
46974,4
46975,3
46976,4
46977,1
46978,2
46979,2
46980,2
46981,2
46982,2
46983,3
46984,0
46985,1
46986,0
46987,0
46988,2
46989,0
46990,0
46991,2
46992,3
46993,2
46994,4
46995,1
46996,3
46997,1
46998,2
46999,1
47000,3
47001,2
47002,4
47003,2
47004,2
47005,2
47006,1
47007,0
47008,2
47009,3
47010,2
47011,2
47012,1
47013,4
47014,2
47015,0
47016,4
47017,0
47018,2
47019,3
47020,3
47021,2
47022,0
47023,1
47024,1
47025,2
47026,0
47027,0
47028,0
47029,0
47030,2
47031,2
47032,2
47033,3
47034,1
47035,3
47036,4
47037,2
47038,1
47039,0
47040,0
47041,4
47042,4
47043,2
47044,2
47045,0
47046,4
47047,3
47048,4
47049,2
47050,2
47051,4
47052,2
47053,1
47054,1
47055,1
47056,3
47057,0
47058,2
47059,2
47060,0
47061,3
47062,0
47063,1
47064,3
47065,2
47066,1
47067,3
47068,4
47069,3
47070,4
47071,0
47072,2
47073,1
47074,0
47075,0
47076,1
47077,1
47078,4
47079,4
47080,3
47081,4
47082,4
47083,0
47084,1
47085,0
47086,2
47087,2
47088,2
47089,1
47090,0
47091,1
47092,4
47093,3
47094,3
47095,3
47096,3
47097,3
47098,0
47099,2
47100,2
47101,4
47102,1
47103,2
47104,0
47105,2
47106,0
47107,1
47108,0
47109,2
47110,3
47111,3
47112,0
47113,0
47114,3
47115,2
47116,0
47117,0
47118,4
47119,0
47120,4
47121,2
47122,4
47123,2
47124,0
47125,0
47126,3
47127,2
47128,2
47129,1
47130,2
47131,0
47132,1
47133,4
47134,0
47135,3
47136,1
47137,4
47138,4
47139,0
47140,2
47141,3
47142,0
47143,3
47144,1
47145,3
47146,0
47147,1
47148,3
47149,2
47150,2
47151,1
47152,2
47153,0
47154,3
47155,0
47156,3
47157,1
47158,1
47159,1
47160,3
47161,2
47162,4
47163,1
47164,1
47165,2
47166,2
47167,1
47168,0
47169,1
47170,1
47171,3
47172,2
47173,4
47174,1
47175,0
47176,1
47177,2
47178,3
47179,2
47180,2
47181,2
47182,3
47183,2
47184,3
47185,3
47186,0
47187,0
47188,2
47189,0
47190,3
47191,0
47192,0
47193,3
47194,1
47195,2
47196,1
47197,4
47198,0
47199,2
47200,2
47201,2
47202,1
47203,2
47204,0
47205,1
47206,3
47207,0
47208,4
47209,4
47210,0
47211,0
47212,4
47213,1
47214,3
47215,2
47216,1
47217,4
47218,4
47219,2
47220,0
47221,0
47222,2
47223,4
47224,1
47225,4
47226,4
47227,2
47228,2
47229,3
47230,1
47231,0
47232,0
47233,1
47234,2
47235,2
47236,1
47237,3
47238,4
47239,4
47240,4
47241,2
47242,0
47243,4
47244,4
47245,3
47246,1
47247,3
47248,0
47249,4
47250,2
47251,0
47252,2
47253,2
47254,3
47255,0
47256,1
47257,0
47258,4
47259,3
47260,3
47261,3
47262,3
47263,3
47264,0
47265,2
47266,2
47267,3
47268,4
47269,2
47270,1
47271,4
47272,2
47273,1
47274,4
47275,3
47276,1
47277,0
47278,4
47279,2
47280,4
47281,3
47282,1
47283,0
47284,2
47285,3
47286,0
47287,2
47288,1
47289,4
47290,4
47291,0
47292,2
47293,0
47294,2
47295,4
47296,2
47297,0
47298,2
47299,2
47300,2
47301,3
47302,3
47303,4
47304,0
47305,0
47306,2
47307,1
47308,1
47309,3
47310,3
47311,1
47312,4
47313,3
47314,0
47315,1
47316,1
47317,0
47318,1
47319,2
47320,2
47321,0
47322,2
47323,2
47324,3
47325,2
47326,2
47327,3
47328,0
47329,1
47330,2
47331,1
47332,1
47333,2
47334,3
47335,2
47336,4
47337,0
47338,3
47339,3
47340,4
47341,3
47342,2
47343,2
47344,1
47345,2
47346,0
47347,1
47348,4
47349,0
47350,0
47351,0
47352,0
47353,1
47354,0
47355,3
47356,3
47357,1
47358,4
47359,0
47360,2
47361,2
47362,0
47363,3
47364,4
47365,2
47366,0
47367,0
47368,1
47369,0
47370,0
47371,0
47372,2
47373,0
47374,0
47375,1
47376,1
47377,1
47378,1
47379,4
47380,3
47381,1
47382,2
47383,3
47384,1
47385,1
47386,4
47387,4
47388,4
47389,4
47390,2
47391,2
47392,3
47393,4
47394,0
47395,1
47396,1
47397,2
47398,3
47399,3
47400,2
47401,2
47402,2
47403,0
47404,4
47405,4
47406,2
47407,3
47408,0
47409,0
47410,2
47411,3
47412,0
47413,1
47414,1
47415,1
47416,1
47417,2
47418,3
47419,3
47420,4
47421,0
47422,1
47423,2
47424,0
47425,1
47426,2
47427,1
47428,2
47429,2
47430,0
47431,2
47432,0
47433,3
47434,0
47435,0
47436,2
47437,0
47438,4
47439,0
47440,4
47441,4
47442,1
47443,1
47444,0
47445,1
47446,3
47447,4
47448,3
47449,3
47450,3
47451,2
47452,0
47453,1
47454,3
47455,4
47456,1
47457,2
47458,2
47459,2
47460,4
47461,2
47462,3
47463,2
47464,4
47465,4
47466,4
47467,4
47468,2
47469,0
47470,0
47471,0
47472,0
47473,2
47474,2
47475,0
47476,4
47477,3
47478,4
47479,4
47480,1
47481,3
47482,4
47483,3
47484,1
47485,4
47486,3
47487,3
47488,3
47489,3
47490,1
47491,1
47492,4
47493,3
47494,4
47495,0
47496,2
47497,0
47498,3
47499,0
47500,3
47501,2
47502,4
47503,4
47504,3
47505,1
47506,4
47507,3
47508,2
47509,3
47510,0
47511,3
47512,0
47513,1
47514,2
47515,2
47516,3
47517,3
47518,3
47519,4
47520,1
47521,4
47522,0
47523,2
47524,2
47525,0
47526,0
47527,3
47528,0
47529,4
47530,4
47531,0
47532,4
47533,4
47534,0
47535,2
47536,4
47537,0
47538,1
47539,1
47540,4
47541,4
47542,0
47543,4
47544,1
47545,4
47546,2
47547,1
47548,2
47549,3
47550,0
47551,3
47552,2
47553,0
47554,4
47555,0
47556,3
47557,1
47558,2
47559,3
47560,2
47561,0
47562,3
47563,2
47564,4
47565,0
47566,3
47567,3
47568,2
47569,4
47570,3
47571,1
47572,4
47573,0
47574,1
47575,2
47576,2
47577,0
47578,2
47579,0
47580,1
47581,2
47582,1
47583,2
47584,3
47585,1
47586,3
47587,3
47588,2
47589,4
47590,0
47591,2
47592,4
47593,0
47594,4
47595,1
47596,2
47597,4
47598,2
47599,2
47600,1
47601,1
47602,2
47603,2
47604,2
47605,1
47606,4
47607,4
47608,3
47609,3
47610,0
47611,2
47612,3
47613,0
47614,1
47615,0
47616,3
47617,4
47618,1
47619,4
47620,3
47621,0
47622,3
47623,1
47624,4
47625,3
47626,3
47627,1
47628,0
47629,4
47630,1
47631,3
47632,4
47633,2
47634,2
47635,1
47636,2
47637,0
47638,3
47639,1
47640,1
47641,1
47642,1
47643,0
47644,1
47645,3
47646,1
47647,4
47648,1
47649,4
47650,2
47651,1
47652,2
47653,3
47654,2
47655,0
47656,1
47657,0
47658,3
47659,4
47660,2
47661,4
47662,3
47663,4
47664,2
47665,2
47666,2
47667,2
47668,0
47669,4
47670,3
47671,0
47672,4
47673,3
47674,3
47675,3
47676,2
47677,2
47678,1
47679,4
47680,2
47681,1
47682,3
47683,3
47684,0
47685,0
47686,0
47687,2
47688,2
47689,3
47690,2
47691,2
47692,2
47693,2
47694,3
47695,0
47696,0
47697,3
47698,1
47699,1
47700,3
47701,1
47702,0
47703,0
47704,1
47705,0
47706,3
47707,2
47708,1
47709,0
47710,0
47711,1
47712,1
47713,1
47714,2
47715,4
47716,0
47717,2
47718,1
47719,0
47720,0
47721,1
47722,3
47723,2
47724,0
47725,3
47726,1
47727,3
47728,2
47729,4
47730,0
47731,0
47732,4
47733,2
47734,3
47735,1
47736,1
47737,0
47738,2
47739,1
47740,0
47741,3
47742,0
47743,0
47744,0
47745,0
47746,3
47747,3
47748,2
47749,2
47750,4
47751,2
47752,0
47753,0
47754,0
47755,1
47756,1
47757,4
47758,4
47759,0
47760,1
47761,1
47762,2
47763,0
47764,0
47765,0
47766,1
47767,0
47768,2
47769,4
47770,3
47771,0
47772,1
47773,3
47774,1
47775,2
47776,0
47777,0
47778,1
47779,3
47780,3
47781,4
47782,1
47783,1
47784,0
47785,1
47786,2
47787,2
47788,3
47789,1
47790,2
47791,4
47792,2
47793,0
47794,4
47795,2
47796,2
47797,3
47798,0
47799,4
47800,0
47801,2
47802,2
47803,3
47804,4
47805,0
47806,2
47807,0
47808,1
47809,4
47810,0
47811,4
47812,3
47813,3
47814,0
47815,2
47816,1
47817,2
47818,4
47819,4
47820,3
47821,1
47822,4
47823,2
47824,1
47825,0
47826,4
47827,2
47828,4
47829,2
47830,2
47831,1
47832,0
47833,1
47834,3
47835,1
47836,0
47837,3
47838,2
47839,0
47840,2
47841,2
47842,1
47843,1
47844,4
47845,0
47846,1
47847,2
47848,1
47849,4
47850,2
47851,0
47852,2
47853,4
47854,2
47855,2
47856,4
47857,0
47858,3
47859,1
47860,3
47861,4
47862,0
47863,1
47864,1
47865,2
47866,1
47867,4
47868,4
47869,4
47870,2
47871,4
47872,3
47873,2
47874,0
47875,2
47876,0
47877,0
47878,4
47879,3
47880,3
47881,4
47882,0
47883,0
47884,2
47885,1
47886,2
47887,1
47888,2
47889,4
47890,2
47891,4
47892,1
47893,1
47894,2
47895,4
47896,1
47897,2
47898,2
47899,2
47900,2
47901,1
47902,2
47903,1
47904,3
47905,4
47906,4
47907,4
47908,1
47909,0
47910,1
47911,4
47912,4
47913,0
47914,2
47915,3
47916,3
47917,3
47918,1
47919,1
47920,4
47921,2
47922,0
47923,3
47924,0
47925,2
47926,0
47927,0
47928,4
47929,4
47930,0
47931,3
47932,1
47933,4
47934,4
47935,2
47936,3
47937,0
47938,1
47939,1
47940,0
47941,0
47942,1
47943,1
47944,0
47945,0
47946,0
47947,3
47948,2
47949,4
47950,4
47951,4
47952,4
47953,3
47954,0
47955,3
47956,4
47957,4
47958,2
47959,1
47960,3
47961,0
47962,0
47963,0
47964,0
47965,0
47966,2
47967,2
47968,1
47969,2
47970,1
47971,4
47972,2
47973,3
47974,0
47975,1
47976,4
47977,2
47978,4
47979,2
47980,1
47981,2
47982,2
47983,0
47984,2
47985,0
47986,1
47987,1
47988,1
47989,3
47990,0
47991,0
47992,1
47993,0
47994,3
47995,0
47996,3
47997,2
47998,0
47999,2
48000,4
48001,3
48002,3
48003,4
48004,0
48005,2
48006,2
48007,1
48008,4
48009,3
48010,4
48011,0
48012,1
48013,3
48014,3
48015,2
48016,2
48017,4
48018,1
48019,0
48020,0
48021,3
48022,1
48023,0
48024,0
48025,0
48026,3
48027,0
48028,4
48029,1
48030,4
48031,4
48032,1
48033,1
48034,3
48035,0
48036,3
48037,0
48038,3
48039,0
48040,3
48041,4
48042,1
48043,2
48044,4
48045,1
48046,1
48047,0
48048,4
48049,0
48050,2
48051,3
48052,3
48053,4
48054,4
48055,2
48056,2
48057,2
48058,1
48059,1
48060,2
48061,1
48062,3
48063,3
48064,0
48065,0
48066,2
48067,3
48068,1
48069,2
48070,0
48071,2
48072,0
48073,1
48074,0
48075,0
48076,3
48077,0
48078,1
48079,4
48080,0
48081,1
48082,0
48083,0
48084,2
48085,4
48086,4
48087,0
48088,2
48089,0
48090,1
48091,3
48092,3
48093,2
48094,3
48095,2
48096,0
48097,3
48098,2
48099,0
48100,4
48101,3
48102,4
48103,1
48104,1
48105,2
48106,0
48107,2
48108,3
48109,0
48110,1
48111,4
48112,3
48113,2
48114,1
48115,2
48116,4
48117,3
48118,2
48119,3
48120,0
48121,2
48122,1
48123,0
48124,1
48125,2
48126,0
48127,0
48128,4
48129,0
48130,3
48131,3
48132,1
48133,1
48134,3
48135,0
48136,4
48137,4
48138,3
48139,3
48140,4
48141,4
48142,0
48143,1
48144,0
48145,0
48146,4
48147,4
48148,0
48149,0
48150,2
48151,2
48152,3
48153,1
48154,0
48155,0
48156,2
48157,2
48158,4
48159,0
48160,3
48161,3
48162,2
48163,0
48164,3
48165,2
48166,0
48167,3
48168,2
48169,1
48170,0
48171,4
48172,3
48173,4
48174,1
48175,2
48176,2
48177,3
48178,2
48179,2
48180,4
48181,4
48182,0
48183,4
48184,3
48185,1
48186,4
48187,3
48188,0
48189,2
48190,4
48191,2
48192,1
48193,0
48194,2
48195,0
48196,4
48197,1
48198,0
48199,4
48200,0
48201,2
48202,3
48203,4
48204,1
48205,4
48206,1
48207,0
48208,0
48209,4
48210,1
48211,3
48212,0
48213,0
48214,4
48215,1
48216,3
48217,4
48218,3
48219,1
48220,0
48221,1
48222,0
48223,4
48224,3
48225,0
48226,3
48227,2
48228,0
48229,1
48230,0
48231,4
48232,0
48233,1
48234,2
48235,3
48236,2
48237,0
48238,1
48239,0
48240,1
48241,3
48242,1
48243,3
48244,2
48245,0
48246,2
48247,0
48248,0
48249,4
48250,3
48251,1
48252,1
48253,4
48254,3
48255,2
48256,3
48257,0
48258,2
48259,0
48260,1
48261,3
48262,0
48263,0
48264,2
48265,1
48266,3
48267,3
48268,1
48269,0
48270,1
48271,2
48272,3
48273,1
48274,2
48275,0
48276,3
48277,1
48278,1
48279,1
48280,3
48281,2
48282,2
48283,4
48284,4
48285,0
48286,2
48287,1
48288,1
48289,0
48290,0
48291,1
48292,0
48293,1
48294,2
48295,4
48296,0
48297,1
48298,0
48299,0
48300,1
48301,3
48302,4
48303,1
48304,1
48305,3
48306,1
48307,1
48308,4
48309,0
48310,0
48311,4
48312,0
48313,1
48314,1
48315,2
48316,4
48317,0
48318,3
48319,4
48320,0
48321,2
48322,2
48323,0
48324,2
48325,2
48326,3
48327,4
48328,3
48329,0
48330,3
48331,3
48332,3
48333,3
48334,0
48335,4
48336,0
48337,1
48338,4
48339,3
48340,4
48341,3
48342,2
48343,0
48344,3
48345,0
48346,1
48347,1
48348,3
48349,0
48350,0
48351,0
48352,2
48353,1
48354,3
48355,4
48356,3
48357,2
48358,2
48359,0
48360,4
48361,0
48362,1
48363,3
48364,3
48365,0
48366,2
48367,3
48368,0
48369,1
48370,3
48371,3
48372,3
48373,1
48374,3
48375,4
48376,2
48377,2
48378,3
48379,2
48380,2
48381,2
48382,3
48383,3
48384,0
48385,1
48386,1
48387,2
48388,3
48389,1
48390,4
48391,0
48392,1
48393,2
48394,4
48395,3
48396,2
48397,1
48398,4
48399,3
48400,0
48401,1
48402,1
48403,3
48404,1
48405,3
48406,0
48407,3
48408,1
48409,2
48410,0
48411,1
48412,2
48413,4
48414,4
48415,1
48416,3
48417,4
48418,2
48419,2
48420,4
48421,3
48422,4
48423,3
48424,3
48425,1
48426,3
48427,3
48428,3
48429,3
48430,4
48431,2
48432,2
48433,2
48434,2
48435,1
48436,2
48437,1
48438,1
48439,3
48440,0
48441,0
48442,4
48443,1
48444,1
48445,4
48446,4
48447,1
48448,2
48449,4
48450,2
48451,3
48452,3
48453,0
48454,2
48455,2
48456,3
48457,0
48458,0
48459,1
48460,1
48461,2
48462,4
48463,0
48464,2
48465,4
48466,2
48467,0
48468,1
48469,2
48470,4
48471,0
48472,2
48473,2
48474,4
48475,1
48476,0
48477,4
48478,4
48479,2
48480,3
48481,2
48482,4
48483,1
48484,1
48485,1
48486,2
48487,2
48488,2
48489,3
48490,0
48491,3
48492,0
48493,3
48494,1
48495,1
48496,1
48497,2
48498,0
48499,4
48500,0
48501,1
48502,1
48503,3
48504,1
48505,3
48506,4
48507,0
48508,1
48509,1
48510,3
48511,0
48512,4
48513,0
48514,4
48515,3
48516,3
48517,0
48518,3
48519,2
48520,2
48521,2
48522,2
48523,4
48524,2
48525,3
48526,3
48527,3
48528,1
48529,2
48530,1
48531,0
48532,0
48533,2
48534,3
48535,1
48536,2
48537,0
48538,4
48539,2
48540,0
48541,2
48542,4
48543,0
48544,2
48545,4
48546,1
48547,0
48548,3
48549,3
48550,4
48551,3
48552,2
48553,0
48554,0
48555,1
48556,3
48557,1
48558,1
48559,1
48560,1
48561,3
48562,1
48563,3
48564,1
48565,0
48566,0
48567,3
48568,2
48569,2
48570,0
48571,1
48572,2
48573,1
48574,0
48575,0
48576,2
48577,1
48578,2
48579,3
48580,1
48581,3
48582,4
48583,0
48584,0
48585,1
48586,4
48587,1
48588,1
48589,4
48590,1
48591,1
48592,3
48593,4
48594,2
48595,2
48596,1
48597,1
48598,3
48599,0
48600,1
48601,2
48602,3
48603,2
48604,0
48605,4
48606,2
48607,0
48608,0
48609,4
48610,1
48611,1
48612,4
48613,4
48614,2
48615,4
48616,2
48617,1
48618,0
48619,1
48620,3
48621,1
48622,4
48623,1
48624,2
48625,3
48626,2
48627,2
48628,2
48629,0
48630,2
48631,0
48632,0
48633,1
48634,0
48635,3
48636,2
48637,2
48638,3
48639,1
48640,1
48641,1
48642,1
48643,3
48644,2
48645,2
48646,0
48647,2
48648,1
48649,0
48650,4
48651,2
48652,3
48653,1
48654,3
48655,0
48656,2
48657,1
48658,0
48659,4
48660,4
48661,2
48662,2
48663,3
48664,0
48665,2
48666,0
48667,4
48668,1
48669,2
48670,1
48671,0
48672,1
48673,3
48674,2
48675,3
48676,3
48677,4
48678,3
48679,2
48680,4
48681,4
48682,2
48683,0
48684,4
48685,1
48686,4
48687,3
48688,0
48689,3
48690,4
48691,1
48692,1
48693,2
48694,2
48695,0
48696,3
48697,3
48698,2
48699,2
48700,2
48701,3
48702,4
48703,2
48704,3
48705,0
48706,0
48707,2
48708,2
48709,4
48710,3
48711,1
48712,2
48713,4
48714,2
48715,1
48716,2
48717,0
48718,4
48719,2
48720,2
48721,0
48722,0
48723,2
48724,4
48725,4
48726,1
48727,2
48728,3
48729,4
48730,1
48731,3
48732,0
48733,2
48734,2
48735,1
48736,4
48737,0
48738,3
48739,2
48740,0
48741,0
48742,1
48743,3
48744,2
48745,1
48746,2
48747,0
48748,2
48749,0
48750,0
48751,1
48752,0
48753,2
48754,1
48755,2
48756,1
48757,3
48758,2
48759,2
48760,3
48761,0
48762,2
48763,4
48764,1
48765,3
48766,4
48767,2
48768,4
48769,3
48770,2
48771,4
48772,3
48773,3
48774,0
48775,1
48776,4
48777,3
48778,0
48779,2
48780,0
48781,2
48782,4
48783,4
48784,3
48785,3
48786,3
48787,3
48788,0
48789,2
48790,4
48791,1
48792,3
48793,2
48794,2
48795,1
48796,1
48797,3
48798,1
48799,3
48800,0
48801,4
48802,1
48803,3
48804,3
48805,1
48806,1
48807,2
48808,3
48809,3
48810,4
48811,0
48812,4
48813,4
48814,4
48815,3
48816,2
48817,4
48818,2
48819,4
48820,2
48821,4
48822,0
48823,2
48824,3
48825,2
48826,4
48827,1
48828,0
48829,2
48830,3
48831,0
48832,0
48833,0
48834,0
48835,3
48836,1
48837,2
48838,1
48839,2
48840,3
48841,3
48842,1
48843,3
48844,1
48845,1
48846,0
48847,2
48848,4
48849,0
48850,2
48851,4
48852,3
48853,4
48854,1
48855,2
48856,2
48857,2
48858,4
48859,0
48860,4
48861,4
48862,1
48863,3
48864,0
48865,0
48866,1
48867,2
48868,0
48869,1
48870,0
48871,1
48872,0
48873,0
48874,4
48875,2
48876,2
48877,4
48878,1
48879,2
48880,3
48881,1
48882,1
48883,3
48884,2
48885,0
48886,2
48887,4
48888,1
48889,3
48890,3
48891,2
48892,1
48893,2
48894,3
48895,2
48896,0
48897,1
48898,4
48899,4
48900,0
48901,0
48902,0
48903,3
48904,3
48905,1
48906,2
48907,1
48908,2
48909,4
48910,0
48911,1
48912,2
48913,2
48914,4
48915,4
48916,1
48917,2
48918,2
48919,2
48920,3
48921,0
48922,0
48923,3
48924,2
48925,1
48926,2
48927,0
48928,0
48929,2
48930,4
48931,0
48932,1
48933,0
48934,3
48935,2
48936,1
48937,4
48938,1
48939,0
48940,0
48941,1
48942,2
48943,0
48944,0
48945,3
48946,2
48947,1
48948,3
48949,4
48950,3
48951,0
48952,2
48953,0
48954,4
48955,0
48956,3
48957,0
48958,1
48959,2
48960,2
48961,2
48962,0
48963,3
48964,2
48965,3
48966,2
48967,3
48968,0
48969,2
48970,3
48971,4
48972,4
48973,0
48974,3
48975,0
48976,1
48977,0
48978,0
48979,2
48980,4
48981,4
48982,3
48983,0
48984,2
48985,4
48986,2
48987,3
48988,2
48989,2
48990,0
48991,0
48992,3
48993,4
48994,4
48995,0
48996,4
48997,1
48998,2
48999,3
49000,4
49001,3
49002,1
49003,3
49004,4
49005,0
49006,2
49007,2
49008,3
49009,3
49010,4
49011,1
49012,3
49013,4
49014,2
49015,1
49016,2
49017,1
49018,0
49019,1
49020,0
49021,0
49022,3
49023,1
49024,0
49025,0
49026,2
49027,2
49028,3
49029,2
49030,2
49031,1
49032,2
49033,0
49034,2
49035,2
49036,4
49037,4
49038,0
49039,4
49040,0
49041,0
49042,1
49043,1
49044,0
49045,1
49046,4
49047,4
49048,2
49049,1
49050,4
49051,1
49052,4
49053,2
49054,0
49055,1
49056,3
49057,0
49058,2
49059,1
49060,4
49061,4
49062,3
49063,4
49064,1
49065,2
49066,1
49067,4
49068,4
49069,2
49070,1
49071,2
49072,2
49073,1
49074,3
49075,0
49076,2
49077,3
49078,1
49079,4
49080,0
49081,1
49082,0
49083,0
49084,1
49085,4
49086,4
49087,1
49088,3
49089,0
49090,2
49091,2
49092,4
49093,3
49094,0
49095,2
49096,0
49097,1
49098,3
49099,2
49100,3
49101,4
49102,4
49103,0
49104,2
49105,1
49106,4
49107,2
49108,0
49109,2
49110,1
49111,1
49112,1
49113,2
49114,2
49115,4
49116,1
49117,0
49118,0
49119,0
49120,0
49121,3
49122,2
49123,2
49124,0
49125,1
49126,2
49127,1
49128,0
49129,4
49130,0
49131,2
49132,0
49133,4
49134,2
49135,4
49136,2
49137,0
49138,3
49139,4
49140,2
49141,3
49142,3
49143,2
49144,4
49145,4
49146,4
49147,0
49148,0
49149,0
49150,1
49151,3
49152,2
49153,0
49154,2
49155,1
49156,1
49157,1
49158,0
49159,2
49160,4
49161,2
49162,0
49163,0
49164,1
49165,4
49166,2
49167,1
49168,1
49169,0
49170,4
49171,2
49172,4
49173,4
49174,0
49175,1
49176,2
49177,0
49178,2
49179,0
49180,2
49181,3
49182,0
49183,2
49184,4
49185,3
49186,1
49187,0
49188,3
49189,2
49190,4
49191,0
49192,2
49193,3
49194,1
49195,0
49196,3
49197,2
49198,1
49199,2
49200,2
49201,2
49202,3
49203,1
49204,0
49205,0
49206,2
49207,3
49208,3
49209,2
49210,1
49211,0
49212,3
49213,1
49214,3
49215,1
49216,0
49217,2
49218,1
49219,3
49220,2
49221,0
49222,4
49223,4
49224,3
49225,3
49226,3
49227,1
49228,0
49229,3
49230,2
49231,4
49232,2
49233,0
49234,0
49235,1
49236,4
49237,4
49238,3
49239,1
49240,2
49241,1
49242,1
49243,0
49244,3
49245,2
49246,4
49247,4
49248,0
49249,2
49250,1
49251,4
49252,4
49253,3
49254,1
49255,0
49256,4
49257,0
49258,3
49259,2
49260,3
49261,1
49262,2
49263,0
49264,3
49265,0
49266,0
49267,3
49268,1
49269,1
49270,4
49271,1
49272,1
49273,3
49274,2
49275,1
49276,0
49277,4
49278,2
49279,2
49280,3
49281,1
49282,2
49283,0
49284,3
49285,0
49286,3
49287,0
49288,1
49289,2
49290,4
49291,1
49292,0
49293,1
49294,1
49295,2
49296,0
49297,4
49298,1
49299,3
49300,2
49301,2
49302,1
49303,3
49304,1
49305,3
49306,3
49307,1
49308,2
49309,4
49310,3
49311,2
49312,0
49313,0
49314,2
49315,0
49316,3
49317,0
49318,1
49319,0
49320,3
49321,3
49322,1
49323,0
49324,1
49325,3
49326,2
49327,2
49328,4
49329,4
49330,1
49331,3
49332,0
49333,4
49334,3
49335,1
49336,2
49337,1
49338,1
49339,2
49340,0
49341,4
49342,3
49343,0
49344,2
49345,0
49346,4
49347,4
49348,4
49349,4
49350,4
49351,4
49352,0
49353,4
49354,0
49355,3
49356,1
49357,1
49358,3
49359,1
49360,4
49361,2
49362,2
49363,2
49364,0
49365,0
49366,4
49367,4
49368,0
49369,1
49370,1
49371,2
49372,0
49373,2
49374,0
49375,1
49376,2
49377,0
49378,0
49379,3
49380,0
49381,1
49382,1
49383,3
49384,2
49385,2
49386,2
49387,2
49388,0
49389,2
49390,0
49391,1
49392,2
49393,3
49394,2
49395,3
49396,1
49397,1
49398,3
49399,2
49400,4
49401,0
49402,4
49403,0
49404,1
49405,3
49406,4
49407,4
49408,4
49409,0
49410,0
49411,4
49412,4
49413,1
49414,2
49415,4
49416,1
49417,3
49418,2
49419,2
49420,3
49421,1
49422,3
49423,2
49424,3
49425,0
49426,0
49427,3
49428,3
49429,4
49430,3
49431,3
49432,1
49433,4
49434,4
49435,4
49436,2
49437,2
49438,4
49439,3
49440,2
49441,3
49442,2
49443,2
49444,2
49445,2
49446,1
49447,0
49448,3
49449,2
49450,0
49451,2
49452,0
49453,3
49454,3
49455,4
49456,4
49457,4
49458,3
49459,4
49460,4
49461,4
49462,0
49463,2
49464,1
49465,0
49466,2
49467,0
49468,1
49469,1
49470,4
49471,0
49472,3
49473,0
49474,1
49475,2
49476,1
49477,3
49478,3
49479,4
49480,1
49481,4
49482,2
49483,0
49484,4
49485,4
49486,1
49487,1
49488,0
49489,4
49490,3
49491,2
49492,2
49493,1
49494,2
49495,1
49496,0
49497,3
49498,1
49499,1
49500,1
49501,2
49502,4
49503,3
49504,2
49505,1
49506,3
49507,1
49508,0
49509,1
49510,1
49511,2
49512,2
49513,0
49514,1
49515,3
49516,4
49517,0
49518,2
49519,2
49520,0
49521,3
49522,3
49523,3
49524,4
49525,2
49526,0
49527,4
49528,0
49529,2
49530,1
49531,0
49532,3
49533,4
49534,1
49535,1
49536,1
49537,1
49538,3
49539,4
49540,2
49541,3
49542,1
49543,0
49544,0
49545,0
49546,4
49547,2
49548,0
49549,3
49550,2
49551,0
49552,2
49553,1
49554,1
49555,0
49556,0
49557,2
49558,0
49559,3
49560,3
49561,0
49562,0
49563,0
49564,3
49565,3
49566,3
49567,3
49568,1
49569,1
49570,0
49571,3
49572,1
49573,4
49574,0
49575,3
49576,1
49577,2
49578,0
49579,1
49580,1
49581,3
49582,4
49583,4
49584,4
49585,4
49586,4
49587,2
49588,2
49589,2
49590,2
49591,0
49592,1
49593,3
49594,1
49595,2
49596,0
49597,3
49598,0
49599,4
49600,0
49601,2
49602,3
49603,1
49604,0
49605,3
49606,2
49607,3
49608,3
49609,0
49610,1
49611,0
49612,3
49613,1
49614,0
49615,2
49616,3
49617,1
49618,0
49619,3
49620,4
49621,4
49622,1
49623,3
49624,2
49625,0
49626,1
49627,4
49628,3
49629,3
49630,0
49631,2
49632,1
49633,3
49634,1
49635,4
49636,1
49637,1
49638,4
49639,0
49640,4
49641,1
49642,3
49643,1
49644,3
49645,2
49646,1
49647,0
49648,1
49649,0
49650,0
49651,3
49652,3
49653,3
49654,2
49655,4
49656,0
49657,1
49658,4
49659,0
49660,0
49661,0
49662,3
49663,1
49664,3
49665,0
49666,4
49667,0
49668,1
49669,1
49670,4
49671,4
49672,3
49673,0
49674,2
49675,2
49676,1
49677,3
49678,1
49679,3
49680,2
49681,1
49682,1
49683,4
49684,1
49685,1
49686,3
49687,4
49688,2
49689,3
49690,4
49691,0
49692,4
49693,0
49694,2
49695,3
49696,0
49697,1
49698,1
49699,1
49700,3
49701,4
49702,2
49703,2
49704,2
49705,2
49706,1
49707,0
49708,2
49709,0
49710,3
49711,4
49712,1
49713,3
49714,1
49715,2
49716,3
49717,2
49718,0
49719,2
49720,2
49721,4
49722,1
49723,1
49724,3
49725,1
49726,1
49727,1
49728,4
49729,1
49730,2
49731,3
49732,3
49733,4
49734,1
49735,0
49736,2
49737,2
49738,3
49739,1
49740,2
49741,4
49742,2
49743,3
49744,1
49745,2
49746,1
49747,0
49748,0
49749,0
49750,0
49751,0
49752,0
49753,0
49754,3
49755,1
49756,3
49757,4
49758,0
49759,0
49760,3
49761,3
49762,2
49763,4
49764,1
49765,0
49766,0
49767,1
49768,2
49769,3
49770,2
49771,0
49772,2
49773,2
49774,4
49775,2
49776,2
49777,3
49778,4
49779,2
49780,1
49781,1
49782,4
49783,0
49784,2
49785,0
49786,1
49787,3
49788,2
49789,0
49790,2
49791,0
49792,1
49793,1
49794,3
49795,3
49796,0
49797,2
49798,1
49799,0
49800,3
49801,2
49802,4
49803,1
49804,3
49805,4
49806,3
49807,2
49808,4
49809,4
49810,2
49811,3
49812,3
49813,2
49814,0
49815,3
49816,1
49817,3
49818,0
49819,4
49820,0
49821,0
49822,3
49823,2
49824,1
49825,4
49826,0
49827,1
49828,3
49829,1
49830,2
49831,0
49832,0
49833,0
49834,0
49835,1
49836,3
49837,1
49838,0
49839,0
49840,3
49841,1
49842,4
49843,3
49844,2
49845,0
49846,0
49847,3
49848,4
49849,1
49850,0
49851,2
49852,0
49853,2
49854,4
49855,1
49856,0
49857,2
49858,4
49859,4
49860,3
49861,2
49862,0
49863,1
49864,3
49865,4
49866,1
49867,4
49868,1
49869,1
49870,1
49871,1
49872,4
49873,1
49874,2
49875,0
49876,0
49877,2
49878,2
49879,4
49880,0
49881,3
49882,4
49883,3
49884,1
49885,1
49886,3
49887,4
49888,3
49889,2
49890,4
49891,3
49892,4
49893,1
49894,1
49895,0
49896,2
49897,4
49898,4
49899,0
49900,2
49901,1
49902,1
49903,4
49904,2
49905,4
49906,2
49907,0
49908,2
49909,0
49910,0
49911,2
49912,2
49913,4
49914,3
49915,4
49916,1
49917,1
49918,0
49919,4
49920,3
49921,2
49922,3
49923,1
49924,0
49925,2
49926,3
49927,1
49928,0
49929,1
49930,0
49931,0
49932,2
49933,1
49934,2
49935,0
49936,0
49937,4
49938,0
49939,1
49940,1
49941,0
49942,2
49943,3
49944,0
49945,1
49946,0
49947,4
49948,1
49949,2
49950,4
49951,3
49952,3
49953,3
49954,1
49955,2
49956,3
49957,2
49958,2
49959,1
49960,2
49961,1
49962,0
49963,3
49964,0
49965,1
49966,1
49967,2
49968,3
49969,1
49970,4
49971,0
49972,2
49973,4
49974,1
49975,0
49976,4
49977,0
49978,3
49979,0
49980,3
49981,2
49982,2
49983,3
49984,2
49985,4
49986,4
49987,1
49988,3
49989,0
49990,1
49991,0
49992,1
49993,2
49994,0
49995,0
49996,1
49997,3
49998,2
49999,2
50000,0
50001,0
50002,1
50003,1
50004,1
50005,1
50006,0
50007,1
50008,3
50009,2
50010,4
50011,1
50012,4
50013,2
50014,1
50015,2
50016,3
50017,3
50018,0
50019,1
50020,1
50021,0
50022,0
50023,4
50024,0
50025,0
50026,2
50027,3
50028,3
50029,3
50030,3
50031,2
50032,2
50033,2
50034,2
50035,4
50036,1
50037,4
50038,2
50039,4
50040,0
50041,2
50042,2
50043,4
50044,0
50045,2
50046,3
50047,3
50048,4
50049,3
50050,0
50051,1
50052,1
50053,0
50054,1
50055,0
50056,0
50057,3
50058,1
50059,2
50060,3
50061,2
50062,2
50063,2
50064,3
50065,0
50066,1
50067,4
50068,0
50069,2
50070,3
50071,1
50072,2
50073,0
50074,3
50075,0
50076,3
50077,1
50078,1
50079,4
50080,3
50081,0
50082,2
50083,0
50084,1
50085,1
50086,0
50087,2
50088,2
50089,3
50090,1
50091,3
50092,2
50093,0
50094,3
50095,0
50096,3
50097,4
50098,2
50099,3
50100,4
50101,3
50102,3
50103,3
50104,1
50105,1
50106,0
50107,2
50108,1
50109,1
50110,1
50111,3
50112,1
50113,2
50114,3
50115,2
50116,4
50117,4
50118,0
50119,4
50120,1
50121,1
50122,3
50123,4
50124,1
50125,1
50126,0
50127,0
50128,3
50129,1
50130,4
50131,4
50132,0
50133,1
50134,1
50135,1
50136,2
50137,2
50138,0
50139,4
50140,1
50141,2
50142,2
50143,4
50144,0
50145,3
50146,2
50147,2
50148,0
50149,1
50150,2
50151,1
50152,4
50153,3
50154,3
50155,2
50156,2
50157,1
50158,4
50159,2
50160,0
50161,1
50162,2
50163,1
50164,2
50165,4
50166,2
50167,0
50168,3
50169,0
50170,1
50171,2
50172,1
50173,1
50174,0
50175,1
50176,1
50177,3
50178,0
50179,0
50180,0
50181,2
50182,4
50183,0
50184,1
50185,3
50186,3
50187,0
50188,4
50189,3
50190,2
50191,0
50192,4
50193,4
50194,1
50195,4
50196,2
50197,1
50198,2
50199,0
50200,1
50201,4
50202,3
50203,2
50204,1
50205,3
50206,2
50207,2
50208,2
50209,1
50210,2
50211,3
50212,3
50213,1
50214,0
50215,3
50216,1
50217,1
50218,1
50219,3
50220,3
50221,4
50222,2
50223,2
50224,0
50225,0
50226,2
50227,0
50228,3
50229,3
50230,1
50231,3
50232,0
50233,4
50234,1
50235,1
50236,3
50237,0
50238,3
50239,2
50240,2
50241,2
50242,2
50243,0
50244,2
50245,1
50246,4
50247,4
50248,1
50249,3
50250,0
50251,1
50252,0
50253,2
50254,2
50255,4
50256,3
50257,4
50258,4
50259,1
50260,2
50261,2
50262,0
50263,4
50264,2
50265,0
50266,1
50267,4
50268,4
50269,1
50270,3
50271,0
50272,4
50273,4
50274,1
50275,3
50276,4
50277,3
50278,1
50279,4
50280,3
50281,1
50282,0
50283,2
50284,4
50285,4
50286,2
50287,1
50288,2
50289,2
50290,1
50291,1
50292,2
50293,3
50294,3
50295,1
50296,2
50297,4
50298,3
50299,3
50300,0
50301,2
50302,1
50303,2
50304,0
50305,1
50306,3
50307,2
50308,2
50309,1
50310,0
50311,3
50312,0
50313,2
50314,1
50315,0
50316,1
50317,3
50318,4
50319,2
50320,2
50321,1
50322,2
50323,0
50324,2
50325,3
50326,2
50327,4
50328,2
50329,4
50330,1
50331,3
50332,4
50333,3
50334,3
50335,3
50336,1
50337,0
50338,3
50339,0
50340,0
50341,4
50342,0
50343,0
50344,2
50345,4
50346,4
50347,0
50348,1
50349,3
50350,1
50351,2
50352,2
50353,3
50354,1
50355,2
50356,2
50357,2
50358,3
50359,4
50360,3
50361,3
50362,4
50363,1
50364,3
50365,0
50366,1
50367,4
50368,2
50369,1
50370,4
50371,3
50372,1
50373,1
50374,1
50375,2
50376,0
50377,0
50378,4
50379,0
50380,1
50381,2
50382,0
50383,4
50384,3
50385,0
50386,0
50387,4
50388,1
50389,4
50390,3
50391,0
50392,1
50393,4
50394,4
50395,2
50396,0
50397,2
50398,3
50399,2
50400,2
50401,3
50402,3
50403,4
50404,0
50405,0
50406,2
50407,1
50408,2
50409,0
50410,4
50411,1
50412,0
50413,1
50414,1
50415,2
50416,1
50417,3
50418,2
50419,0
50420,1
50421,2
50422,0
50423,2
50424,2
50425,1
50426,0
50427,1
50428,3
50429,3
50430,1
50431,2
50432,4
50433,3
50434,2
50435,2
50436,2
50437,1
50438,3
50439,2
50440,0
50441,0
50442,2
50443,2
50444,2
50445,0
50446,1
50447,1
50448,0
50449,0
50450,2
50451,1
50452,0
50453,2
50454,2
50455,0
50456,0
50457,4
50458,3
50459,2
50460,4
50461,1
50462,1
50463,3
50464,3
50465,0
50466,0
50467,4
50468,2
50469,3
50470,3
50471,3
50472,1
50473,0
50474,1
50475,2
50476,3
50477,0
50478,0
50479,3
50480,1
50481,0
50482,1
50483,2
50484,2
50485,0
50486,3
50487,0
50488,0
50489,4
50490,1
50491,1
50492,4
50493,1
50494,2
50495,4
50496,3
50497,1
50498,4
50499,4
50500,1
50501,1
50502,3
50503,1
50504,3
50505,2
50506,4
50507,1
50508,1
50509,3
50510,4
50511,1
50512,3
50513,0
50514,2
50515,4
50516,1
50517,2
50518,4
50519,4
50520,4
50521,3
50522,1
50523,0
50524,2
50525,0
50526,1
50527,1
50528,1
50529,4
50530,3
50531,1
50532,3
50533,1
50534,3
50535,1
50536,3
50537,2
50538,0
50539,2
50540,4
50541,3
50542,0
50543,1
50544,0
50545,0
50546,3
50547,0
50548,0
50549,2
50550,3
50551,1
50552,4
50553,3
50554,3
50555,2
50556,0
50557,4
50558,0
50559,0
50560,4
50561,0
50562,0
50563,0
50564,3
50565,3
50566,1
50567,0
50568,2
50569,4
50570,1
50571,4
50572,1
50573,2
50574,1
50575,4
50576,2
50577,1
50578,1
50579,4
50580,3
50581,4
50582,3
50583,3
50584,0
50585,0
50586,3
50587,3
50588,4
50589,0
50590,2
50591,1
50592,3
50593,0
50594,0
50595,3
50596,4
50597,3
50598,2
50599,0
50600,0
50601,4
50602,0
50603,1
50604,0
50605,4
50606,1
50607,3
50608,3
50609,2
50610,1
50611,1
50612,3
50613,2
50614,1
50615,1
50616,0
50617,4
50618,1
50619,0
50620,1
50621,1
50622,0
50623,0
50624,2
50625,3
50626,4
50627,0
50628,3
50629,2
50630,4
50631,1
50632,4
50633,1
50634,3
50635,4
50636,3
50637,4
50638,0
50639,3
50640,1
50641,2
50642,4
50643,0
50644,2
50645,4
50646,3
50647,0
50648,3
50649,2
50650,2
50651,3
50652,0
50653,0
50654,0
50655,3
50656,3
50657,1
50658,3
50659,1
50660,0
50661,1
50662,0
50663,0
50664,0
50665,4
50666,4
50667,1
50668,1
50669,3
50670,3
50671,0
50672,0
50673,0
50674,4
50675,2
50676,1
50677,2
50678,2
50679,2
50680,3
50681,1
50682,0
50683,2
50684,3
50685,2
50686,0
50687,3
50688,2
50689,0
50690,4
50691,0
50692,3
50693,2
50694,0
50695,3
50696,2
50697,2
50698,1
50699,2
50700,4
50701,0
50702,4
50703,2
50704,2
50705,1
50706,1
50707,1
50708,4
50709,0
50710,0
50711,2
50712,3
50713,2
50714,1
50715,1
50716,1
50717,3
50718,3
50719,0
50720,1
50721,3
50722,2
50723,0
50724,2
50725,1
50726,2
50727,2
50728,3
50729,4
50730,3
50731,0
50732,0
50733,0
50734,3
50735,0
50736,3
50737,1
50738,1
50739,2
50740,1
50741,2
50742,4
50743,3
50744,2
50745,3
50746,0
50747,4
50748,3
50749,2
50750,4
50751,0
50752,1
50753,4
50754,1
50755,0
50756,0
50757,2
50758,0
50759,3
50760,2
50761,0
50762,0
50763,4
50764,3
50765,1
50766,0
50767,2
50768,4
50769,2
50770,4
50771,0
50772,3
50773,3
50774,4
50775,2
50776,0
50777,3
50778,3
50779,1
50780,4
50781,0
50782,3
50783,2
50784,2
50785,0
50786,2
50787,4
50788,3
50789,1
50790,3
50791,1
50792,0
50793,4
50794,1
50795,3
50796,3
50797,2
50798,1
50799,3
50800,1
50801,2
50802,3
50803,4
50804,3
50805,2
50806,4
50807,2
50808,3
50809,3
50810,2
50811,4
50812,2
50813,0
50814,3
50815,1
50816,1
50817,1
50818,4
50819,0
50820,0
50821,0
50822,1
50823,4
50824,0
50825,1
50826,1
50827,0
50828,0
50829,3
50830,0
50831,2
50832,0
50833,2
50834,0
50835,0
50836,1
50837,4
50838,3
50839,2
50840,2
50841,0
50842,2
50843,3
50844,4
50845,1
50846,2
50847,0
50848,3
50849,4
50850,3
50851,4
50852,3
50853,2
50854,2
50855,1
50856,0
50857,3
50858,1
50859,3
50860,1
50861,3
50862,3
50863,1
50864,3
50865,2
50866,0
50867,1
50868,2
50869,0
50870,3
50871,2
50872,2
50873,0
50874,4
50875,4
50876,2
50877,1
50878,0
50879,1
50880,0
50881,0
50882,2
50883,4
50884,0
50885,4
50886,0
50887,1
50888,1
50889,0
50890,1
50891,2
50892,4
50893,0
50894,0
50895,4
50896,2
50897,0
50898,3
50899,1
50900,3
50901,1
50902,1
50903,3
50904,2
50905,1
50906,0
50907,4
50908,1
50909,3
50910,0
50911,1
50912,3
50913,1
50914,4
50915,2
50916,4
50917,0
50918,1
50919,4
50920,3
50921,0
50922,2
50923,3
50924,3
50925,2
50926,0
50927,1
50928,0
50929,3
50930,0
50931,0
50932,0
50933,1
50934,2
50935,3
50936,0
50937,1
50938,3
50939,0
50940,1
50941,0
50942,1
50943,3
50944,1
50945,1
50946,3
50947,1
50948,4
50949,3
50950,0
50951,4
50952,1
50953,4
50954,4
50955,4
50956,3
50957,0
50958,1
50959,2
50960,0
50961,3
50962,4
50963,2
50964,0
50965,2
50966,1
50967,2
50968,0
50969,3
50970,0
50971,1
50972,4
50973,1
50974,1
50975,3
50976,3
50977,3
50978,4
50979,1
50980,0
50981,0
50982,0
50983,4
50984,4
50985,1
50986,1
50987,0
50988,1
50989,3
50990,4
50991,0
50992,2
50993,3
50994,4
50995,4
50996,3
50997,4
50998,0
50999,4
51000,2
51001,3
51002,4
51003,4
51004,2
51005,4
51006,3
51007,0
51008,1
51009,2
51010,0
51011,2
51012,3
51013,3
51014,4
51015,3
51016,2
51017,2
51018,0
51019,0
51020,2
51021,0
51022,2
51023,2
51024,1
51025,0
51026,4
51027,0
51028,4
51029,2
51030,4
51031,1
51032,3
51033,1
51034,4
51035,0
51036,0
51037,0
51038,1
51039,1
51040,4
51041,1
51042,2
51043,4
51044,4
51045,2
51046,0
51047,0
51048,2
51049,3
51050,3
51051,2
51052,1
51053,3
51054,2
51055,0
51056,4
51057,3
51058,4
51059,4
51060,3
51061,1
51062,0
51063,3
51064,0
51065,3
51066,3
51067,1
51068,2
51069,3
51070,0
51071,3
51072,4
51073,3
51074,3
51075,4
51076,0
51077,2
51078,3
51079,3
51080,2
51081,2
51082,3
51083,1
51084,1
51085,2
51086,2
51087,4
51088,0
51089,1
51090,1
51091,4
51092,2
51093,3
51094,3
51095,3
51096,0
51097,3
51098,2
51099,4
51100,3
51101,2
51102,1
51103,3
51104,2
51105,3
51106,1
51107,4
51108,0
51109,3
51110,3
51111,3
51112,4
51113,1
51114,1
51115,0
51116,0
51117,1
51118,2
51119,0
51120,0
51121,4
51122,0
51123,1
51124,1
51125,0
51126,3
51127,2
51128,2
51129,4
51130,2
51131,4
51132,2
51133,3
51134,3
51135,0
51136,0
51137,2
51138,4
51139,2
51140,0
51141,1
51142,3
51143,1
51144,1
51145,0
51146,0
51147,1
51148,2
51149,1
51150,1
51151,0
51152,2
51153,2
51154,1
51155,3
51156,1
51157,4
51158,4
51159,1
51160,3
51161,2
51162,2
51163,2
51164,2
51165,2
51166,1
51167,1
51168,3
51169,4
51170,1
51171,3
51172,1
51173,0
51174,0
51175,2
51176,2
51177,2
51178,4
51179,2
51180,4
51181,3
51182,3
51183,4
51184,3
51185,0
51186,1
51187,4
51188,0
51189,2
51190,3
51191,4
51192,2
51193,4
51194,1
51195,0
51196,1
51197,4
51198,2
51199,3
51200,1
51201,4
51202,2
51203,2
51204,4
51205,3
51206,2
51207,2
51208,1
51209,0
51210,2
51211,1
51212,3
51213,0
51214,3
51215,1
51216,0
51217,0
51218,3
51219,3
51220,2
51221,2
51222,1
51223,0
51224,2
51225,3
51226,1
51227,4
51228,4
51229,1
51230,0
51231,3
51232,3
51233,4
51234,4
51235,1
51236,1
51237,4
51238,4
51239,0
51240,0
51241,0
51242,0
51243,0
51244,0
51245,1
51246,4
51247,0
51248,0
51249,0
51250,3
51251,1
51252,0
51253,4
51254,3
51255,1
51256,2
51257,0
51258,0
51259,3
51260,2
51261,4
51262,0
51263,4
51264,3
51265,2
51266,0
51267,0
51268,1
51269,4
51270,2
51271,4
51272,3
51273,3
51274,0
51275,4
51276,1
51277,3
51278,1
51279,4
51280,0
51281,4
51282,0
51283,4
51284,2
51285,3
51286,1
51287,4
51288,4
51289,3
51290,0
51291,2
51292,1
51293,2
51294,1
51295,3
51296,0
51297,0
51298,2
51299,0
51300,3
51301,2
51302,3
51303,1
51304,3
51305,4
51306,4
51307,4
51308,0
51309,4
51310,1
51311,3
51312,4
51313,4
51314,4
51315,1
51316,1
51317,4
51318,0
51319,4
51320,1
51321,1
51322,0
51323,4
51324,0
51325,0
51326,1
51327,2
51328,2
51329,1
51330,0
51331,2
51332,4
51333,3
51334,3
51335,3
51336,0
51337,3
51338,0
51339,2
51340,1
51341,1
51342,2
51343,0
51344,3
51345,2
51346,3
51347,3
51348,3
51349,1
51350,2
51351,3
51352,4
51353,2
51354,2
51355,1
51356,2
51357,0
51358,3
51359,1
51360,3
51361,2
51362,3
51363,4
51364,0
51365,2
51366,1
51367,3
51368,1
51369,3
51370,2
51371,2
51372,0
51373,1
51374,3
51375,4
51376,1
51377,2
51378,2
51379,0
51380,2
51381,2
51382,1
51383,0
51384,2
51385,2
51386,3
51387,3
51388,2
51389,4
51390,1
51391,2
51392,0
51393,3
51394,4
51395,1
51396,0
51397,1
51398,4
51399,1
51400,2
51401,3
51402,0
51403,0
51404,2
51405,4
51406,4
51407,3
51408,4
51409,1
51410,2
51411,3
51412,0
51413,0
51414,0
51415,1
51416,2
51417,2
51418,1
51419,2
51420,2
51421,3
51422,1
51423,4
51424,0
51425,2
51426,1
51427,3
51428,4
51429,4
51430,2
51431,2
51432,2
51433,1
51434,3
51435,1
51436,2
51437,1
51438,2
51439,1
51440,1
51441,3
51442,3
51443,2
51444,2
51445,3
51446,3
51447,3
51448,2
51449,4
51450,1
51451,2
51452,2
51453,1
51454,3
51455,2
51456,0
51457,1
51458,2
51459,2
51460,4
51461,3
51462,2
51463,0
51464,4
51465,4
51466,2
51467,4
51468,1
51469,1
51470,3
51471,3
51472,2
51473,3
51474,3
51475,3
51476,4
51477,1
51478,0
51479,2
51480,3
51481,0
51482,1
51483,2
51484,2
51485,0
51486,2
51487,1
51488,1
51489,0
51490,1
51491,3
51492,4
51493,2
51494,1
51495,2
51496,4
51497,1
51498,0
51499,4
51500,2
51501,2
51502,2
51503,1
51504,1
51505,0
51506,1
51507,1
51508,2
51509,2
51510,3
51511,2
51512,0
51513,2
51514,3
51515,4
51516,0
51517,1
51518,0
51519,2
51520,3
51521,0
51522,3
51523,2
51524,3
51525,2
51526,3
51527,1
51528,4
51529,4
51530,1
51531,3
51532,2
51533,4
51534,3
51535,1
51536,3
51537,2
51538,2
51539,3
51540,1
51541,3
51542,2
51543,0
51544,0
51545,2
51546,3
51547,1
51548,0
51549,2
51550,0
51551,1
51552,3
51553,4
51554,0
51555,3
51556,2
51557,1
51558,0
51559,3
51560,2
51561,3
51562,1
51563,2
51564,2
51565,1
51566,2
51567,4
51568,1
51569,1
51570,0
51571,3
51572,2
51573,4
51574,1
51575,1
51576,3
51577,1
51578,0
51579,3
51580,1
51581,3
51582,1
51583,0
51584,4
51585,0
51586,0
51587,2
51588,0
51589,0
51590,0
51591,3
51592,0
51593,2
51594,1
51595,0
51596,0
51597,0
51598,0
51599,3
51600,1
51601,0
51602,2
51603,3
51604,0
51605,3
51606,3
51607,2
51608,1
51609,1
51610,1
51611,4
51612,3
51613,2
51614,2
51615,0
51616,3
51617,4
51618,0
51619,0
51620,4
51621,1
51622,0
51623,2
51624,4
51625,0
51626,1
51627,3
51628,2
51629,0
51630,3
51631,3
51632,0
51633,0
51634,3
51635,4
51636,1
51637,2
51638,2
51639,0
51640,0
51641,2
51642,2
51643,2
51644,0
51645,3
51646,2
51647,3
51648,1
51649,1
51650,3
51651,3
51652,4
51653,4
51654,2
51655,1
51656,3
51657,3
51658,0
51659,1
51660,4
51661,0
51662,3
51663,0
51664,3
51665,0
51666,2
51667,0
51668,3
51669,0
51670,2
51671,2
51672,3
51673,1
51674,1
51675,4
51676,3
51677,1
51678,1
51679,1
51680,4
51681,1
51682,0
51683,0
51684,4
51685,4
51686,3
51687,3
51688,0
51689,0
51690,3
51691,0
51692,4
51693,0
51694,1
51695,3
51696,0
51697,3
51698,4
51699,1
51700,2
51701,3
51702,2
51703,0
51704,1
51705,1
51706,4
51707,0
51708,4
51709,4
51710,1
51711,3
51712,1
51713,0
51714,1
51715,0
51716,2
51717,2
51718,4
51719,4
51720,2
51721,2
51722,4
51723,0
51724,2
51725,4
51726,1
51727,1
51728,4
51729,3
51730,1
51731,2
51732,0
51733,0
51734,0
51735,2
51736,3
51737,1
51738,0
51739,0
51740,1
51741,0
51742,4
51743,1
51744,2
51745,2
51746,4
51747,3
51748,1
51749,1
51750,0
51751,0
51752,1
51753,1
51754,3
51755,1
51756,4
51757,1
51758,3
51759,0
51760,3
51761,1
51762,4
51763,4
51764,3
51765,3
51766,2
51767,1
51768,0
51769,3
51770,4
51771,3
51772,0
51773,2
51774,4
51775,1
51776,2
51777,1
51778,4
51779,0
51780,2
51781,2
51782,0
51783,2
51784,2
51785,4
51786,3
51787,0
51788,1
51789,4
51790,0
51791,0
51792,2
51793,3
51794,3
51795,2
51796,2
51797,3
51798,1
51799,1
51800,3
51801,3
51802,4
51803,4
51804,1
51805,2
51806,2
51807,1
51808,3
51809,1
51810,3
51811,3
51812,2
51813,3
51814,4
51815,0
51816,2
51817,3
51818,2
51819,2
51820,3
51821,0
51822,3
51823,2
51824,3
51825,2
51826,4
51827,2
51828,0
51829,4
51830,2
51831,3
51832,1
51833,1
51834,0
51835,1
51836,0
51837,2
51838,0
51839,3
51840,1
51841,1
51842,3
51843,2
51844,4
51845,1
51846,1
51847,0
51848,2
51849,4
51850,1
51851,3
51852,1
51853,3
51854,4
51855,0
51856,1
51857,1
51858,0
51859,4
51860,2
51861,0
51862,4
51863,0
51864,3
51865,2
51866,4
51867,0
51868,4
51869,3
51870,0
51871,4
51872,0
51873,4
51874,0
51875,0
51876,0
51877,0
51878,1
51879,3
51880,2
51881,0
51882,4
51883,0
51884,4
51885,1
51886,2
51887,0
51888,3
51889,1
51890,2
51891,0
51892,1
51893,1
51894,1
51895,2
51896,1
51897,0
51898,2
51899,4
51900,1
51901,2
51902,1
51903,4
51904,2
51905,1
51906,4
51907,0
51908,2
51909,1
51910,3
51911,4
51912,0
51913,2
51914,3
51915,0
51916,3
51917,3
51918,0
51919,4
51920,3
51921,3
51922,1
51923,3
51924,1
51925,2
51926,4
51927,0
51928,3
51929,0
51930,1
51931,4
51932,3
51933,0
51934,3
51935,4
51936,1
51937,2
51938,2
51939,1
51940,1
51941,2
51942,1
51943,2
51944,1
51945,3
51946,2
51947,2
51948,1
51949,3
51950,3
51951,0
51952,4
51953,0
51954,3
51955,0
51956,2
51957,3
51958,2
51959,0
51960,0
51961,1
51962,2
51963,4
51964,4
51965,2
51966,4
51967,1
51968,3
51969,3
51970,2
51971,1
51972,1
51973,4
51974,0
51975,1
51976,3
51977,1
51978,3
51979,1
51980,3
51981,3
51982,0
51983,2
51984,4
51985,1
51986,4
51987,3
51988,3
51989,2
51990,2
51991,4
51992,3
51993,4
51994,0
51995,1
51996,1
51997,0
51998,0
51999,1
52000,3
52001,4
52002,2
52003,3
52004,4
52005,0
52006,3
52007,3
52008,4
52009,1
52010,3
52011,0
52012,4
52013,2
52014,0
52015,4
52016,0
52017,3
52018,2
52019,4
52020,0
52021,3
52022,3
52023,0
52024,4
52025,3
52026,2
52027,2
52028,0
52029,0
52030,4
52031,3
52032,3
52033,4
52034,1
52035,0
52036,2
52037,0
52038,3
52039,4
52040,3
52041,4
52042,0
52043,0
52044,0
52045,1
52046,3
52047,2
52048,1
52049,0
52050,2
52051,1
52052,0
52053,4
52054,3
52055,0
52056,1
52057,1
52058,0
52059,0
52060,4
52061,1
52062,0
52063,2
52064,4
52065,4
52066,3
52067,0
52068,3
52069,0
52070,2
52071,0
52072,3
52073,3
52074,0
52075,2
52076,1
52077,3
52078,2
52079,1
52080,3
52081,2
52082,3
52083,4
52084,2
52085,4
52086,3
52087,2
52088,2
52089,1
52090,0
52091,4
52092,4
52093,2
52094,3
52095,0
52096,1
52097,1
52098,3
52099,4
52100,0
52101,2
52102,1
52103,4
52104,1
52105,4
52106,3
52107,1
52108,4
52109,3
52110,2
52111,2
52112,2
52113,1
52114,2
52115,1
52116,2
52117,2
52118,2
52119,1
52120,2
52121,0
52122,3
52123,2
52124,2
52125,1
52126,1
52127,4
52128,0
52129,0
52130,0
52131,4
52132,4
52133,3
52134,2
52135,4
52136,1
52137,3
52138,3
52139,0
52140,3
52141,4
52142,3
52143,1
52144,0
52145,1
52146,1
52147,3
52148,1
52149,3
52150,2
52151,0
52152,2
52153,4
52154,2
52155,0
52156,3
52157,4
52158,2
52159,3
52160,3
52161,0
52162,4
52163,4
52164,1
52165,3
52166,3
52167,3
52168,3
52169,4
52170,1
52171,0
52172,0
52173,2
52174,0
52175,2
52176,1
52177,0
52178,4
52179,4
52180,0
52181,2
52182,4
52183,1
52184,1
52185,2
52186,0
52187,2
52188,4
52189,3
52190,1
52191,4
52192,3
52193,2
52194,4
52195,2
52196,0
52197,4
52198,4
52199,0
52200,1
52201,3
52202,2
52203,1
52204,2
52205,3
52206,1
52207,2
52208,1
52209,0
52210,1
52211,3
52212,1
52213,3
52214,1
52215,4
52216,0
52217,3
52218,1
52219,4
52220,2
52221,2
52222,1
52223,0
52224,4
52225,2
52226,3
52227,3
52228,0
52229,0
52230,3
52231,2
52232,3
52233,3
52234,2
52235,2
52236,0
52237,0
52238,4
52239,1
52240,1
52241,1
52242,0
52243,1
52244,1
52245,4
52246,3
52247,1
52248,0
52249,0
52250,4
52251,3
52252,0
52253,2
52254,2
52255,1
52256,0
52257,0
52258,3
52259,0
52260,4
52261,0
52262,0
52263,2
52264,4
52265,1
52266,1
52267,1
52268,0
52269,1
52270,1
52271,1
52272,3
52273,1
52274,3
52275,3
52276,1
52277,4
52278,3
52279,3
52280,3
52281,1
52282,4
52283,1
52284,2
52285,2
52286,0
52287,0
52288,0
52289,2
52290,2
52291,3
52292,1
52293,0
52294,2
52295,1
52296,0
52297,2
52298,4
52299,4
52300,1
52301,2
52302,2
52303,2
52304,0
52305,0
52306,3
52307,2
52308,2
52309,4
52310,1
52311,0
52312,1
52313,3
52314,4
52315,1
52316,1
52317,4
52318,4
52319,3
52320,1
52321,2
52322,4
52323,1
52324,2
52325,4
52326,1
52327,2
52328,0
52329,0
52330,2
52331,2
52332,1
52333,2
52334,1
52335,0
52336,2
52337,3
52338,1
52339,4
52340,3
52341,0
52342,4
52343,4
52344,0
52345,4
52346,2
52347,1
52348,4
52349,0
52350,4
52351,2
52352,4
52353,2
52354,0
52355,2
52356,4
52357,1
52358,4
52359,1
52360,0
52361,1
52362,4
52363,0
52364,4
52365,3
52366,2
52367,0
52368,2
52369,0
52370,1
52371,1
52372,1
52373,0
52374,1
52375,0
52376,0
52377,4
52378,3
52379,0
52380,4
52381,1
52382,1
52383,3
52384,2
52385,3
52386,2
52387,3
52388,3
52389,4
52390,2
52391,4
52392,1
52393,4
52394,2
52395,0
52396,0
52397,1
52398,1
52399,2
52400,3
52401,4
52402,0
52403,2
52404,2
52405,2
52406,0
52407,4
52408,0
52409,0
52410,1
52411,0
52412,0
52413,0
52414,0
52415,3
52416,3
52417,2
52418,0
52419,4
52420,2
52421,0
52422,3
52423,4
52424,0
52425,0
52426,3
52427,2
52428,0
52429,1
52430,3
52431,1
52432,0
52433,0
52434,0
52435,0
52436,1
52437,0
52438,3
52439,1
52440,2
52441,3
52442,1
52443,0
52444,1
52445,3
52446,0
52447,0
52448,0
52449,0
52450,0
52451,4
52452,3
52453,3
52454,1
52455,3
52456,1
52457,2
52458,2
52459,0
52460,4
52461,2
52462,1
52463,1
52464,0
52465,1
52466,1
52467,2
52468,0
52469,3
52470,4
52471,1
52472,2
52473,4
52474,0
52475,4
52476,0
52477,3
52478,3
52479,1
52480,0
52481,1
52482,0
52483,4
52484,0
52485,2
52486,2
52487,2
52488,3
52489,1
52490,0
52491,3
52492,3
52493,2
52494,2
52495,0
52496,4
52497,4
52498,0
52499,0
52500,3
52501,1
52502,3
52503,2
52504,2
52505,0
52506,4
52507,0
52508,0
52509,4
52510,0
52511,3
52512,3
52513,4
52514,3
52515,1
52516,1
52517,1
52518,1
52519,4
52520,1
52521,2
52522,3
52523,1
52524,1
52525,2
52526,4
52527,3
52528,4
52529,1
52530,3
52531,3
52532,1
52533,3
52534,1
52535,1
52536,1
52537,4
52538,4
52539,2
52540,1
52541,2
52542,2
52543,3
52544,0
52545,4
52546,4
52547,2
52548,3
52549,2
52550,2
52551,1
52552,1
52553,2
52554,0
52555,0
52556,3
52557,1
52558,3
52559,2
52560,4
52561,4
52562,2
52563,4
52564,0
52565,0
52566,3
52567,0
52568,3
52569,1
52570,1
52571,3
52572,1
52573,4
52574,0
52575,3
52576,3
52577,4
52578,0
52579,2
52580,4
52581,2
52582,4
52583,0
52584,1
52585,0
52586,0
52587,4
52588,1
52589,2
52590,2
52591,4
52592,0
52593,0
52594,1
52595,0
52596,3
52597,0
52598,1
52599,4
52600,1
52601,0
52602,3
52603,0
52604,2
52605,1
52606,3
52607,2
52608,3
52609,2
52610,1
52611,3
52612,0
52613,4
52614,1
52615,2
52616,3
52617,2
52618,3
52619,2
52620,0
52621,1
52622,2
52623,2
52624,0
52625,3
52626,1
52627,2
52628,3
52629,0
52630,0
52631,0
52632,2
52633,0
52634,0
52635,2
52636,2
52637,3
52638,4
52639,1
52640,4
52641,3
52642,2
52643,2
52644,0
52645,0
52646,0
52647,1
52648,3
52649,0
52650,0
52651,4
52652,2
52653,1
52654,0
52655,1
52656,4
52657,1
52658,1
52659,0
52660,3
52661,1
52662,1
52663,1
52664,4
52665,2
52666,1
52667,1
52668,0
52669,1
52670,3
52671,2
52672,1
52673,4
52674,0
52675,4
52676,2
52677,0
52678,3
52679,4
52680,0
52681,2
52682,0
52683,3
52684,3
52685,4
52686,0
52687,1
52688,2
52689,4
52690,2
52691,4
52692,4
52693,0
52694,2
52695,3
52696,1
52697,3
52698,0
52699,0
52700,2
52701,3
52702,2
52703,0
52704,3
52705,2
52706,3
52707,4
52708,1
52709,0
52710,3
52711,3
52712,0
52713,1
52714,4
52715,1
52716,3
52717,2
52718,4
52719,0
52720,2
52721,1
52722,2
52723,2
52724,3
52725,3
52726,2
52727,0
52728,1
52729,0
52730,0
52731,4
52732,2
52733,0
52734,1
52735,0
52736,3
52737,2
52738,1
52739,0
52740,2
52741,4
52742,0
52743,1
52744,4
52745,2
52746,3
52747,4
52748,3
52749,4
52750,2
52751,0
52752,3
52753,1
52754,1
52755,3
52756,1
52757,4
52758,2
52759,3
52760,3
52761,1
52762,0
52763,1
52764,4
52765,3
52766,0
52767,1
52768,0
52769,3
52770,3
52771,3
52772,0
52773,2
52774,0
52775,0
52776,4
52777,1
52778,3
52779,1
52780,0
52781,1
52782,1
52783,2
52784,3
52785,0
52786,3
52787,4
52788,1
52789,1
52790,2
52791,2
52792,0
52793,2
52794,0
52795,4
52796,0
52797,2
52798,0
52799,3
52800,2
52801,1
52802,4
52803,4
52804,2
52805,0
52806,1
52807,3
52808,2
52809,2
52810,4
52811,3
52812,3
52813,1
52814,3
52815,3
52816,3
52817,1
52818,1
52819,1
52820,1
52821,3
52822,1
52823,0
52824,0
52825,0
52826,0
52827,3
52828,4
52829,1
52830,2
52831,2
52832,1
52833,3
52834,2
52835,3
52836,2
52837,3
52838,3
52839,3
52840,1
52841,0
52842,1
52843,4
52844,0
52845,1
52846,3
52847,4
52848,4
52849,3
52850,3
52851,1
52852,0
52853,1
52854,1
52855,2
52856,4
52857,2
52858,4
52859,3
52860,2
52861,0
52862,4
52863,4
52864,1
52865,1
52866,3
52867,0
52868,2
52869,3
52870,3
52871,3
52872,3
52873,2
52874,1
52875,3
52876,3
52877,0
52878,2
52879,4
52880,0
52881,3
52882,0
52883,1
52884,3
52885,1
52886,4
52887,1
52888,4
52889,2
52890,4
52891,0
52892,4
52893,2
52894,2
52895,2
52896,3
52897,2
52898,2
52899,0
52900,2
52901,3
52902,3
52903,1
52904,4
52905,0
52906,1
52907,3
52908,2
52909,0
52910,1
52911,1
52912,1
52913,3
52914,2
52915,2
52916,1
52917,2
52918,4
52919,2
52920,1
52921,3
52922,2
52923,3
52924,2
52925,2
52926,2
52927,1
52928,1
52929,3
52930,0
52931,3
52932,1
52933,2
52934,4
52935,1
52936,2
52937,3
52938,2
52939,3
52940,2
52941,4
52942,3
52943,4
52944,0
52945,2
52946,0
52947,2
52948,2
52949,0
52950,2
52951,3
52952,2
52953,3
52954,1
52955,0
52956,3
52957,2
52958,2
52959,3
52960,4
52961,1
52962,0
52963,2
52964,3
52965,1
52966,2
52967,4
52968,2
52969,2
52970,4
52971,4
52972,2
52973,3
52974,1
52975,1
52976,2
52977,0
52978,3
52979,2
52980,1
52981,0
52982,1
52983,0
52984,0
52985,0
52986,0
52987,0
52988,3
52989,3
52990,1
52991,0
52992,1
52993,1
52994,0
52995,4
52996,2
52997,2
52998,3
52999,4
53000,2
53001,3
53002,0
53003,0
53004,2
53005,4
53006,3
53007,1
53008,1
53009,3
53010,1
53011,0
53012,2
53013,3
53014,2
53015,0
53016,4
53017,0
53018,0
53019,3
53020,3
53021,1
53022,3
53023,4
53024,3
53025,0
53026,1
53027,2
53028,2
53029,2
53030,0
53031,2
53032,1
53033,3
53034,4
53035,0
53036,1
53037,0
53038,4
53039,1
53040,1
53041,1
53042,4
53043,3
53044,4
53045,3
53046,0
53047,1
53048,1
53049,3
53050,3
53051,3
53052,1
53053,3
53054,0
53055,2
53056,0
53057,4
53058,0
53059,1
53060,1
53061,2
53062,0
53063,0
53064,3
53065,3
53066,0
53067,4
53068,2
53069,3
53070,4
53071,0
53072,0
53073,4
53074,1
53075,4
53076,1
53077,4
53078,2
53079,0
53080,2
53081,0
53082,2
53083,0
53084,4
53085,3
53086,1
53087,1
53088,3
53089,1
53090,3
53091,0
53092,3
53093,0
53094,2
53095,4
53096,3
53097,2
53098,4
53099,1
53100,2
53101,2
53102,0
53103,0
53104,2
53105,1
53106,2
53107,1
53108,2
53109,1
53110,3
53111,1
53112,3
53113,4
53114,2
53115,4
53116,0
53117,1
53118,0
53119,4
53120,1
53121,2
53122,0
53123,1
53124,3
53125,0
53126,0
53127,1
53128,0
53129,1
53130,0
53131,1
53132,0
53133,3
53134,3
53135,3
53136,2
53137,3
53138,4
53139,3
53140,1
53141,2
53142,1
53143,0
53144,4
53145,2
53146,3
53147,2
53148,2
53149,2
53150,1
53151,4
53152,2
53153,1
53154,3
53155,3
53156,2
53157,3
53158,2
53159,1
53160,2
53161,0
53162,4
53163,1
53164,0
53165,3
53166,1
53167,2
53168,4
53169,3
53170,0
53171,2
53172,1
53173,4
53174,2
53175,4
53176,3
53177,2
53178,3
53179,1
53180,0
53181,2
53182,4
53183,3
53184,2
53185,3
53186,0
53187,4
53188,0
53189,1
53190,1
53191,2
53192,2
53193,1
53194,2
53195,3
53196,1
53197,2
53198,4
53199,3
53200,4
53201,3
53202,1
53203,4
53204,4
53205,3
53206,3
53207,2
53208,1
53209,1
53210,1
53211,4
53212,0
53213,3
53214,1
53215,2
53216,0
53217,2
53218,0
53219,4
53220,0
53221,3
53222,4
53223,1
53224,2
53225,3
53226,1
53227,4
53228,1
53229,3
53230,2
53231,4
53232,1
53233,0
53234,0
53235,1
53236,0
53237,4
53238,0
53239,0
53240,3
53241,0
53242,2
53243,3
53244,4
53245,1
53246,1
53247,1
53248,0
53249,1
53250,2
53251,2
53252,0
53253,3
53254,0
53255,3
53256,0
53257,0
53258,0
53259,4
53260,2
53261,3
53262,1
53263,2
53264,2
53265,4
53266,3
53267,2
53268,0
53269,3
53270,0
53271,2
53272,4
53273,2
53274,1
53275,1
53276,4
53277,2
53278,2
53279,1
53280,0
53281,0
53282,2
53283,3
53284,1
53285,4
53286,2
53287,3
53288,2
53289,2
53290,2
53291,3
53292,2
53293,3
53294,2
53295,3
53296,0
53297,1
53298,2
53299,0
53300,0
53301,4
53302,2
53303,0
53304,0
53305,2
53306,0
53307,1
53308,3
53309,0
53310,2
53311,3
53312,4
53313,2
53314,2
53315,2
53316,1
53317,0
53318,3
53319,0
53320,0
53321,4
53322,1
53323,3
53324,3
53325,2
53326,2
53327,0
53328,2
53329,0
53330,4
53331,2
53332,1
53333,0
53334,1
53335,2
53336,4
53337,4
53338,4
53339,2
53340,4
53341,2
53342,1
53343,3
53344,2
53345,0
53346,3
53347,3
53348,2
53349,0
53350,1
53351,1
53352,3
53353,1
53354,2
53355,2
53356,2
53357,0
53358,2
53359,3
53360,4
53361,0
53362,4
53363,2
53364,1
53365,0
53366,0
53367,1
53368,4
53369,4
53370,1
53371,2
53372,4
53373,0
53374,1
53375,3
53376,0
53377,2
53378,4
53379,3
53380,2
53381,2
53382,3
53383,4
53384,1
53385,2
53386,2
53387,3
53388,1
53389,0
53390,4
53391,2
53392,0
53393,3
53394,1
53395,2
53396,2
53397,1
53398,2
53399,3
53400,4
53401,2
53402,0
53403,3
53404,0
53405,0
53406,2
53407,1
53408,4
53409,1
53410,1
53411,3
53412,2
53413,1
53414,1
53415,4
53416,2
53417,4
53418,4
53419,4
53420,0
53421,0
53422,3
53423,1
53424,0
53425,2
53426,1
53427,1
53428,1
53429,4
53430,2
53431,4
53432,3
53433,4
53434,3
53435,3
53436,2
53437,3
53438,1
53439,1
53440,3
53441,1
53442,0
53443,0
53444,1
53445,2
53446,3
53447,4
53448,3
53449,1
53450,0
53451,4
53452,2
53453,1
53454,0
53455,4
53456,4
53457,1
53458,1
53459,1
53460,0
53461,1
53462,2
53463,1
53464,0
53465,2
53466,4
53467,0
53468,1
53469,4
53470,0
53471,1
53472,0
53473,4
53474,1
53475,3
53476,3
53477,4
53478,2
53479,4
53480,3
53481,2
53482,4
53483,1
53484,0
53485,2
53486,1
53487,0
53488,1
53489,3
53490,4
53491,0
53492,3
53493,1
53494,4
53495,2
53496,2
53497,1
53498,4
53499,2
53500,4
53501,2
53502,3
53503,0
53504,1
53505,0
53506,2
53507,1
53508,1
53509,2
53510,0
53511,1
53512,2
53513,0
53514,1
53515,0
53516,3
53517,1
53518,0
53519,1
53520,4
53521,2
53522,3
53523,0
53524,3
53525,2
53526,1
53527,0
53528,0
53529,4
53530,1
53531,3
53532,4
53533,1
53534,2
53535,3
53536,1
53537,0
53538,0
53539,4
53540,0
53541,2
53542,4
53543,0
53544,2
53545,4
53546,4
53547,0
53548,0
53549,0
53550,0
53551,0
53552,0
53553,3
53554,0
53555,0
53556,4
53557,0
53558,3
53559,4
53560,1
53561,3
53562,4
53563,0
53564,0
53565,2
53566,0
53567,3
53568,0
53569,2
53570,3
53571,1
53572,2
53573,1
53574,3
53575,2
53576,4
53577,1
53578,3
53579,0
53580,0
53581,4
53582,1
53583,4
53584,1
53585,0
53586,1
53587,2
53588,0
53589,2
53590,2
53591,4
53592,3
53593,4
53594,2
53595,2
53596,3
53597,3
53598,0
53599,3
53600,1
53601,3
53602,3
53603,2
53604,1
53605,0
53606,2
53607,3
53608,1
53609,1
53610,3
53611,2
53612,0
53613,3
53614,3
53615,4
53616,1
53617,4
53618,1
53619,4
53620,4
53621,2
53622,1
53623,4
53624,4
53625,2
53626,1
53627,3
53628,2
53629,1
53630,1
53631,0
53632,3
53633,1
53634,2
53635,1
53636,2
53637,2
53638,2
53639,2
53640,1
53641,4
53642,1
53643,2
53644,1
53645,2
53646,2
53647,1
53648,4
53649,2
53650,1
53651,0
53652,0
53653,4
53654,0
53655,1
53656,2
53657,1
53658,4
53659,0
53660,0
53661,3
53662,4
53663,4
53664,4
53665,2
53666,3
53667,2
53668,3
53669,1
53670,0
53671,2
53672,3
53673,0
53674,3
53675,2
53676,1
53677,4
53678,1
53679,1
53680,3
53681,2
53682,1
53683,0
53684,2
53685,4
53686,0
53687,1
53688,0
53689,1
53690,4
53691,1
53692,3
53693,2
53694,0
53695,2
53696,2
53697,3
53698,0
53699,2
53700,1
53701,1
53702,3
53703,1
53704,4
53705,2
53706,0
53707,3
53708,1
53709,0
53710,3
53711,4
53712,2
53713,0
53714,1
53715,2
53716,0
53717,4
53718,3
53719,4
53720,3
53721,2
53722,1
53723,1
53724,3
53725,2
53726,3
53727,0
53728,0
53729,0
53730,3
53731,0
53732,2
53733,0
53734,3
53735,3
53736,4
53737,1
53738,1
53739,3
53740,0
53741,3
53742,3
53743,0
53744,0
53745,2
53746,2
53747,0
53748,1
53749,3
53750,0
53751,0
53752,2
53753,3
53754,2
53755,4
53756,3
53757,0
53758,4
53759,4
53760,1
53761,1
53762,1
53763,0
53764,2
53765,1
53766,4
53767,0
53768,2
53769,1
53770,1
53771,4
53772,0
53773,1
53774,1
53775,3
53776,3
53777,1
53778,2
53779,3
53780,3
53781,4
53782,0
53783,0
53784,4
53785,0
53786,3
53787,1
53788,3
53789,4
53790,4
53791,3
53792,3
53793,3
53794,2
53795,0
53796,0
53797,3
53798,1
53799,2
53800,4
53801,0
53802,0
53803,2
53804,1
53805,0
53806,3
53807,1
53808,2
53809,2
53810,3
53811,3
53812,1
53813,3
53814,0
53815,0
53816,1
53817,4
53818,3
53819,2
53820,2
53821,0
53822,4
53823,0
53824,2
53825,0
53826,1
53827,1
53828,2
53829,3
53830,0
53831,3
53832,2
53833,3
53834,0
53835,1
53836,4
53837,0
53838,3
53839,0
53840,2
53841,1
53842,1
53843,3
53844,1
53845,0
53846,0
53847,3
53848,0
53849,0
53850,2
53851,3
53852,3
53853,1
53854,4
53855,0
53856,2
53857,1
53858,0
53859,3
53860,4
53861,4
53862,2
53863,0
53864,4
53865,1
53866,2
53867,0
53868,0
53869,4
53870,3
53871,2
53872,2
53873,3
53874,3
53875,1
53876,2
53877,3
53878,0
53879,2
53880,3
53881,4
53882,4
53883,2
53884,0
53885,2
53886,1
53887,0
53888,1
53889,2
53890,4
53891,0
53892,2
53893,3
53894,1
53895,0
53896,2
53897,1
53898,3
53899,0
53900,2
53901,1
53902,4
53903,3
53904,4
53905,2
53906,2
53907,2
53908,1
53909,4
53910,0
53911,3
53912,3
53913,0
53914,0
53915,1
53916,3
53917,0
53918,2
53919,0
53920,4
53921,1
53922,2
53923,1
53924,0
53925,3
53926,3
53927,3
53928,1
53929,1
53930,3
53931,1
53932,3
53933,2
53934,2
53935,3
53936,1
53937,0
53938,3
53939,3
53940,2
53941,2
53942,2
53943,2
53944,0
53945,1
53946,1
53947,2
53948,3
53949,2
53950,1
53951,4
53952,4
53953,1
53954,4
53955,1
53956,2
53957,0
53958,2
53959,4
53960,1
53961,1
53962,4
53963,1
53964,2
53965,4
53966,2
53967,3
53968,3
53969,0
53970,1
53971,0
53972,2
53973,3
53974,4
53975,3
53976,2
53977,3
53978,3
53979,0
53980,2
53981,0
53982,1
53983,4
53984,0
53985,2
53986,4
53987,3
53988,3
53989,2
53990,2
53991,0
53992,3
53993,1
53994,4
53995,4
53996,4
53997,2
53998,1
53999,1
54000,0
54001,2
54002,2
54003,2
54004,4
54005,4
54006,0
54007,0
54008,1
54009,3
54010,2
54011,2
54012,3
54013,2
54014,3
54015,4
54016,3
54017,4
54018,4
54019,4
54020,2
54021,0
54022,3
54023,2
54024,2
54025,3
54026,1
54027,3
54028,4
54029,0
54030,2
54031,0
54032,4
54033,0
54034,0
54035,3
54036,3
54037,1
54038,3
54039,4
54040,4
54041,0
54042,2
54043,1
54044,0
54045,3
54046,0
54047,4
54048,0
54049,3
54050,1
54051,3
54052,3
54053,3
54054,1
54055,2
54056,2
54057,0
54058,1
54059,2
54060,3
54061,4
54062,0
54063,2
54064,3
54065,0
54066,4
54067,3
54068,1
54069,0
54070,4
54071,0
54072,2
54073,3
54074,2
54075,0
54076,0
54077,2
54078,4
54079,1
54080,4
54081,3
54082,1
54083,4
54084,0
54085,4
54086,3
54087,3
54088,2
54089,0
54090,2
54091,0
54092,0
54093,3
54094,1
54095,1
54096,2
54097,3
54098,1
54099,0
54100,0
54101,0
54102,3
54103,3
54104,0
54105,4
54106,1
54107,3
54108,2
54109,0
54110,1
54111,1
54112,3
54113,2
54114,0
54115,1
54116,0
54117,3
54118,4
54119,3
54120,3
54121,0
54122,2
54123,2
54124,3
54125,4
54126,0
54127,1
54128,1
54129,0
54130,0
54131,3
54132,1
54133,1
54134,1
54135,1
54136,3
54137,3
54138,0
54139,1
54140,1
54141,0
54142,2
54143,1
54144,0
54145,1
54146,1
54147,3
54148,0
54149,0
54150,4
54151,0
54152,2
54153,3
54154,2
54155,0
54156,4
54157,2
54158,2
54159,3
54160,2
54161,1
54162,2
54163,0
54164,3
54165,4
54166,2
54167,2
54168,1
54169,4
54170,3
54171,1
54172,0
54173,3
54174,3
54175,1
54176,2
54177,1
54178,0
54179,1
54180,0
54181,0
54182,1
54183,3
54184,3
54185,1
54186,0
54187,2
54188,4
54189,1
54190,1
54191,4
54192,2
54193,2
54194,2
54195,4
54196,3
54197,2
54198,0
54199,4
54200,4
54201,4
54202,0
54203,4
54204,0
54205,1
54206,4
54207,0
54208,4
54209,0
54210,4
54211,3
54212,0
54213,3
54214,1
54215,0
54216,2
54217,2
54218,1
54219,0
54220,2
54221,2
54222,0
54223,0
54224,4
54225,1
54226,4
54227,2
54228,4
54229,0
54230,4
54231,0
54232,4
54233,4
54234,0
54235,2
54236,0
54237,0
54238,4
54239,3
54240,3
54241,3
54242,4
54243,2
54244,4
54245,3
54246,4
54247,3
54248,4
54249,1
54250,4
54251,0
54252,0
54253,1
54254,3
54255,0
54256,0
54257,1
54258,0
54259,0
54260,0
54261,2
54262,3
54263,0
54264,2
54265,4
54266,1
54267,0
54268,0
54269,0
54270,3
54271,0
54272,4
54273,0
54274,1
54275,4
54276,2
54277,0
54278,1
54279,4
54280,0
54281,4
54282,2
54283,2
54284,3
54285,4
54286,4
54287,1
54288,3
54289,4
54290,3
54291,1
54292,4
54293,2
54294,1
54295,3
54296,0
54297,2
54298,0
54299,0
54300,1
54301,2
54302,3
54303,2
54304,2
54305,3
54306,2
54307,0
54308,0
54309,4
54310,0
54311,2
54312,3
54313,0
54314,3
54315,1
54316,1
54317,0
54318,2
54319,3
54320,2
54321,0
54322,1
54323,1
54324,1
54325,4
54326,4
54327,4
54328,3
54329,1
54330,0
54331,4
54332,0
54333,0
54334,3
54335,1
54336,0
54337,3
54338,2
54339,2
54340,3
54341,3
54342,3
54343,4
54344,2
54345,4
54346,2
54347,1
54348,4
54349,4
54350,1
54351,0
54352,3
54353,0
54354,2
54355,1
54356,1
54357,1
54358,2
54359,0
54360,0
54361,2
54362,3
54363,2
54364,4
54365,2
54366,3
54367,3
54368,1
54369,4
54370,0
54371,4
54372,1
54373,3
54374,4
54375,0
54376,0
54377,3
54378,3
54379,3
54380,0
54381,3
54382,1
54383,2
54384,2
54385,3
54386,3
54387,0
54388,0
54389,4
54390,2
54391,2
54392,3
54393,1
54394,0
54395,2
54396,0
54397,4
54398,2
54399,0
54400,2
54401,4
54402,2
54403,2
54404,2
54405,3
54406,2
54407,4
54408,1
54409,3
54410,2
54411,0
54412,2
54413,0
54414,3
54415,1
54416,3
54417,1
54418,4
54419,2
54420,3
54421,1
54422,1
54423,1
54424,4
54425,3
54426,1
54427,0
54428,3
54429,1
54430,3
54431,0
54432,0
54433,3
54434,0
54435,4
54436,3
54437,1
54438,3
54439,4
54440,2
54441,3
54442,4
54443,1
54444,1
54445,1
54446,0
54447,2
54448,0
54449,3
54450,2
54451,0
54452,0
54453,2
54454,2
54455,1
54456,2
54457,0
54458,3
54459,2
54460,1
54461,4
54462,3
54463,2
54464,3
54465,1
54466,2
54467,0
54468,0
54469,1
54470,4
54471,0
54472,1
54473,2
54474,2
54475,0
54476,3
54477,1
54478,4
54479,1
54480,0
54481,0
54482,2
54483,3
54484,0
54485,2
54486,1
54487,4
54488,3
54489,4
54490,3
54491,4
54492,3
54493,1
54494,2
54495,4
54496,2
54497,4
54498,0
54499,1
54500,0
54501,2
54502,1
54503,3
54504,3
54505,1
54506,0
54507,0
54508,1
54509,2
54510,4
54511,4
54512,3
54513,1
54514,1
54515,3
54516,1
54517,4
54518,1
54519,2
54520,2
54521,0
54522,0
54523,3
54524,0
54525,4
54526,0
54527,3
54528,1
54529,1
54530,1
54531,2
54532,0
54533,0
54534,3
54535,3
54536,2
54537,3
54538,2
54539,0
54540,4
54541,3
54542,2
54543,4
54544,4
54545,1
54546,2
54547,0
54548,1
54549,3
54550,3
54551,0
54552,1
54553,1
54554,0
54555,1
54556,2
54557,1
54558,0
54559,3
54560,0
54561,1
54562,3
54563,3
54564,1
54565,0
54566,1
54567,0
54568,3
54569,3
54570,2
54571,4
54572,2
54573,2
54574,0
54575,3
54576,4
54577,1
54578,3
54579,1
54580,4
54581,0
54582,1
54583,4
54584,3
54585,1
54586,2
54587,3
54588,4
54589,0
54590,1
54591,4
54592,0
54593,0
54594,2
54595,4
54596,0
54597,1
54598,2
54599,0
54600,3
54601,2
54602,4
54603,3
54604,0
54605,0
54606,0
54607,4
54608,2
54609,2
54610,3
54611,0
54612,2
54613,1
54614,1
54615,0
54616,2
54617,1
54618,0
54619,3
54620,4
54621,3
54622,0
54623,0
54624,2
54625,1
54626,4
54627,2
54628,1
54629,0
54630,0
54631,4
54632,1
54633,4
54634,1
54635,2
54636,3
54637,0
54638,3
54639,4
54640,1
54641,2
54642,0
54643,0
54644,2
54645,4
54646,1
54647,3
54648,0
54649,3
54650,1
54651,4
54652,4
54653,0
54654,1
54655,4
54656,3
54657,4
54658,0
54659,2
54660,3
54661,4
54662,0
54663,1
54664,0
54665,2
54666,1
54667,3
54668,1
54669,3
54670,4
54671,4
54672,1
54673,0
54674,0
54675,3
54676,2
54677,3
54678,3
54679,1
54680,2
54681,0
54682,0
54683,2
54684,0
54685,3
54686,3
54687,1
54688,3
54689,4
54690,3
54691,0
54692,0
54693,0
54694,0
54695,0
54696,0
54697,4
54698,1
54699,0
54700,4
54701,4
54702,2
54703,1
54704,0
54705,4
54706,1
54707,3
54708,2
54709,0
54710,2
54711,2
54712,3
54713,3
54714,3
54715,0
54716,2
54717,0
54718,4
54719,3
54720,1
54721,3
54722,4
54723,2
54724,4
54725,4
54726,2
54727,1
54728,2
54729,0
54730,0
54731,4
54732,3
54733,2
54734,2
54735,2
54736,2
54737,4
54738,4
54739,4
54740,3
54741,2
54742,1
54743,1
54744,2
54745,3
54746,0
54747,1
54748,3
54749,0
54750,0
54751,0
54752,2
54753,1
54754,2
54755,3
54756,0
54757,1
54758,1
54759,1
54760,2
54761,4
54762,0
54763,4
54764,4
54765,4
54766,0
54767,2
54768,1
54769,2
54770,1
54771,4
54772,2
54773,1
54774,3
54775,3
54776,0
54777,1
54778,4
54779,3
54780,2
54781,0
54782,4
54783,2
54784,1
54785,0
54786,3
54787,4
54788,1
54789,2
54790,4
54791,4
54792,2
54793,2
54794,0
54795,2
54796,3
54797,0
54798,1
54799,1
54800,0
54801,4
54802,1
54803,0
54804,1
54805,1
54806,2
54807,0
54808,0
54809,1
54810,2
54811,1
54812,1
54813,1
54814,2
54815,3
54816,2
54817,4
54818,0
54819,2
54820,3
54821,1
54822,1
54823,3
54824,3
54825,2
54826,3
54827,1
54828,1
54829,0
54830,1
54831,3
54832,0
54833,3
54834,2
54835,0
54836,3
54837,3
54838,3
54839,3
54840,1
54841,1
54842,2
54843,2
54844,3
54845,2
54846,2
54847,0
54848,2
54849,2
54850,1
54851,1
54852,4
54853,4
54854,0
54855,1
54856,2
54857,4
54858,2
54859,4
54860,3
54861,1
54862,4
54863,3
54864,1
54865,2
54866,0
54867,4
54868,0
54869,0
54870,1
54871,1
54872,1
54873,0
54874,2
54875,2
54876,0
54877,4
54878,2
54879,1
54880,0
54881,1
54882,2
54883,3
54884,1
54885,2
54886,2
54887,1
54888,2
54889,1
54890,1
54891,0
54892,0
54893,0
54894,1
54895,4
54896,0
54897,3
54898,0
54899,0
54900,4
54901,4
54902,2
54903,4
54904,2
54905,3
54906,3
54907,0
54908,1
54909,1
54910,4
54911,2
54912,3
54913,2
54914,4
54915,1
54916,1
54917,4
54918,4
54919,1
54920,4
54921,0
54922,0
54923,3
54924,1
54925,4
54926,1
54927,1
54928,2
54929,1
54930,1
54931,1
54932,0
54933,0
54934,1
54935,1
54936,0
54937,4
54938,3
54939,4
54940,3
54941,1
54942,3
54943,4
54944,4
54945,3
54946,1
54947,2
54948,2
54949,4
54950,0
54951,4
54952,4
54953,4
54954,4
54955,0
54956,2
54957,2
54958,0
54959,2
54960,4
54961,3
54962,2
54963,1
54964,2
54965,2
54966,0
54967,4
54968,1
54969,2
54970,2
54971,3
54972,3
54973,4
54974,0
54975,1
54976,3
54977,3
54978,4
54979,0
54980,2
54981,3
54982,2
54983,2
54984,4
54985,2
54986,0
54987,1
54988,0
54989,0
54990,4
54991,2
54992,0
54993,2
54994,3
54995,0
54996,4
54997,0
54998,0
54999,0
55000,3
55001,1
55002,3
55003,0
55004,3
55005,3
55006,0
55007,3
55008,2
55009,3
55010,4
55011,3
55012,2
55013,2
55014,3
55015,3
55016,1
55017,0
55018,0
55019,4
55020,0
55021,2
55022,1
55023,2
55024,3
55025,1
55026,3
55027,2
55028,4
55029,2
55030,0
55031,3
55032,2
55033,0
55034,0
55035,0
55036,4
55037,1
55038,0
55039,3
55040,2
55041,3
55042,0
55043,1
55044,0
55045,1
55046,1
55047,1
55048,2
55049,2
55050,1
55051,3
55052,3
55053,1
55054,3
55055,0
55056,1
55057,3
55058,0
55059,1
55060,1
55061,1
55062,3
55063,2
55064,2
55065,0
55066,2
55067,0
55068,0
55069,0
55070,3
55071,0
55072,1
55073,3
55074,2
55075,2
55076,0
55077,2
55078,4
55079,4
55080,2
55081,1
55082,4
55083,1
55084,2
55085,4
55086,2
55087,0
55088,3
55089,4
55090,3
55091,1
55092,3
55093,2
55094,0
55095,3
55096,2
55097,2
55098,0
55099,0
55100,4
55101,3
55102,2
55103,1
55104,0
55105,2
55106,1
55107,2
55108,3
55109,4
55110,2
55111,1
55112,3
55113,4
55114,0
55115,0
55116,0
55117,3
55118,4
55119,2
55120,1
55121,1
55122,0
55123,4
55124,1
55125,0
55126,2
55127,3
55128,3
55129,0
55130,0
55131,3
55132,2
55133,3
55134,2
55135,3
55136,4
55137,1
55138,0
55139,1
55140,2
55141,0
55142,1
55143,4
55144,0
55145,4
55146,0
55147,1
55148,4
55149,4
55150,2
55151,1
55152,3
55153,0
55154,0
55155,0
55156,0
55157,4
55158,3
55159,4
55160,1
55161,4
55162,4
55163,1
55164,2
55165,2
55166,2
55167,3
55168,1
55169,1
55170,1
55171,2
55172,2
55173,2
55174,0
55175,3
55176,1
55177,0
55178,3
55179,3
55180,2
55181,2
55182,1
55183,2
55184,3
55185,4
55186,0
55187,0
55188,1
55189,0
55190,2
55191,0
55192,4
55193,2
55194,1
55195,3
55196,2
55197,4
55198,2
55199,3
55200,2
55201,4
55202,1
55203,3
55204,3
55205,4
55206,1
55207,4
55208,1
55209,2
55210,2
55211,1
55212,4
55213,1
55214,0
55215,4
55216,4
55217,2
55218,4
55219,0
55220,1
55221,0
55222,3
55223,2
55224,2
55225,1
55226,3
55227,1
55228,1
55229,4
55230,0
55231,2
55232,1
55233,3
55234,3
55235,3
55236,3
55237,2
55238,3
55239,2
55240,4
55241,1
55242,0
55243,2
55244,1
55245,1
55246,2
55247,0
55248,2
55249,3
55250,4
55251,2
55252,3
55253,3
55254,0
55255,1
55256,3
55257,1
55258,2
55259,4
55260,0
55261,0
55262,4
55263,1
55264,3
55265,4
55266,0
55267,3
55268,4
55269,0
55270,1
55271,2
55272,1
55273,0
55274,4
55275,1
55276,4
55277,1
55278,0
55279,1
55280,4
55281,1
55282,1
55283,0
55284,0
55285,0
55286,3
55287,3
55288,0
55289,3
55290,0
55291,3
55292,1
55293,3
55294,2
55295,0
55296,3
55297,2
55298,4
55299,2
55300,4
55301,0
55302,1
55303,1
55304,0
55305,1
55306,4
55307,4
55308,2
55309,3
55310,2
55311,2
55312,4
55313,4
55314,1
55315,2
55316,0
55317,0
55318,1
55319,1
55320,1
55321,0
55322,4
55323,4
55324,3
55325,1
55326,0
55327,0
55328,2
55329,2
55330,3
55331,4
55332,1
55333,4
55334,0
55335,0
55336,2
55337,0
55338,3
55339,4
55340,3
55341,3
55342,0
55343,1
55344,4
55345,4
55346,4
55347,0
55348,1
55349,0
55350,0
55351,2
55352,0
55353,4
55354,2
55355,0
55356,0
55357,0
55358,0
55359,3
55360,1
55361,0
55362,1
55363,3
55364,1
55365,0
55366,3
55367,1
55368,2
55369,2
55370,1
55371,3
55372,2
55373,2
55374,3
55375,1
55376,0
55377,2
55378,1
55379,4
55380,0
55381,4
55382,2
55383,2
55384,1
55385,1
55386,2
55387,3
55388,4
55389,2
55390,1
55391,4
55392,2
55393,1
55394,4
55395,1
55396,3
55397,1
55398,3
55399,3
55400,3
55401,3
55402,2
55403,4
55404,1
55405,0
55406,2
55407,2
55408,3
55409,2
55410,2
55411,1
55412,3
55413,0
55414,2
55415,4
55416,3
55417,0
55418,0
55419,1
55420,1
55421,2
55422,4
55423,0
55424,2
55425,1
55426,2
55427,2
55428,0
55429,1
55430,2
55431,0
55432,3
55433,1
55434,1
55435,3
55436,3
55437,2
55438,0
55439,4
55440,1
55441,0
55442,3
55443,0
55444,2
55445,3
55446,0
55447,3
55448,3
55449,1
55450,3
55451,3
55452,2
55453,2
55454,2
55455,1
55456,0
55457,3
55458,0
55459,1
55460,2
55461,0
55462,1
55463,2
55464,1
55465,0
55466,0
55467,0
55468,0
55469,0
55470,3
55471,1
55472,4
55473,2
55474,1
55475,3
55476,2
55477,0
55478,4
55479,4
55480,1
55481,3
55482,2
55483,2
55484,1
55485,1
55486,4
55487,1
55488,3
55489,1
55490,1
55491,2
55492,4
55493,2
55494,0
55495,0
55496,1
55497,3
55498,2
55499,0
55500,3
55501,1
55502,3
55503,1
55504,1
55505,0
55506,3
55507,4
55508,0
55509,0
55510,3
55511,4
55512,4
55513,2
55514,2
55515,4
55516,4
55517,1
55518,3
55519,1
55520,3
55521,1
55522,1
55523,3
55524,0
55525,1
55526,0
55527,4
55528,4
55529,2
55530,1
55531,1
55532,2
55533,3
55534,1
55535,0
55536,2
55537,2
55538,0
55539,4
55540,1
55541,3
55542,4
55543,3
55544,3
55545,1
55546,3
55547,0
55548,2
55549,0
55550,1
55551,1
55552,4
55553,0
55554,3
55555,2
55556,2
55557,3
55558,4
55559,2
55560,4
55561,3
55562,0
55563,1
55564,3
55565,1
55566,4
55567,1
55568,0
55569,1
55570,3
55571,1
55572,0
55573,2
55574,2
55575,4
55576,1
55577,3
55578,3
55579,1
55580,2
55581,0
55582,0
55583,1
55584,3
55585,2
55586,3
55587,3
55588,0
55589,3
55590,1
55591,1
55592,4
55593,2
55594,3
55595,3
55596,0
55597,1
55598,4
55599,2
55600,1
55601,4
55602,4
55603,1
55604,2
55605,1
55606,3
55607,2
55608,3
55609,4
55610,3
55611,0
55612,4
55613,2
55614,4
55615,4
55616,3
55617,0
55618,0
55619,0
55620,1
55621,4
55622,3
55623,3
55624,3
55625,0
55626,3
55627,1
55628,4
55629,1
55630,3
55631,0
55632,1
55633,0
55634,1
55635,3
55636,0
55637,1
55638,4
55639,3
55640,4
55641,4
55642,4
55643,3
55644,3
55645,2
55646,3
55647,4
55648,0
55649,2
55650,1
55651,0
55652,0
55653,0
55654,3
55655,4
55656,2
55657,2
55658,0
55659,0
55660,2
55661,0
55662,3
55663,0
55664,1
55665,0
55666,2
55667,3
55668,0
55669,0
55670,4
55671,2
55672,0
55673,1
55674,0
55675,2
55676,4
55677,0
55678,0
55679,2
55680,4
55681,3
55682,3
55683,3
55684,0
55685,3
55686,1
55687,4
55688,2
55689,1
55690,4
55691,2
55692,1
55693,4
55694,1
55695,4
55696,1
55697,1
55698,4
55699,2
55700,0
55701,2
55702,0
55703,3
55704,3
55705,4
55706,2
55707,2
55708,0
55709,2
55710,0
55711,1
55712,2
55713,2
55714,1
55715,2
55716,3
55717,0
55718,1
55719,4
55720,2
55721,2
55722,2
55723,0
55724,2
55725,0
55726,3
55727,1
55728,3
55729,1
55730,0
55731,1
55732,4
55733,3
55734,2
55735,1
55736,3
55737,3
55738,2
55739,3
55740,1
55741,0
55742,2
55743,4
55744,0
55745,4
55746,2
55747,2
55748,3
55749,1
55750,2
55751,0
55752,1
55753,3
55754,3
55755,3
55756,1
55757,0
55758,3
55759,1
55760,4
55761,2
55762,0
55763,4
55764,3
55765,2
55766,1
55767,3
55768,2
55769,3
55770,1
55771,0
55772,1
55773,2
55774,2
55775,0
55776,0
55777,4
55778,0
55779,0
55780,1
55781,0
55782,0
55783,1
55784,4
55785,2
55786,4
55787,4
55788,2
55789,3
55790,4
55791,3
55792,2
55793,2
55794,1
55795,2
55796,3
55797,0
55798,2
55799,3
55800,2
55801,3
55802,2
55803,2
55804,4
55805,2
55806,1
55807,0
55808,2
55809,1
55810,2
55811,0
55812,0
55813,3
55814,1
55815,3
55816,1
55817,1
55818,3
55819,2
55820,1
55821,4
55822,0
55823,4
55824,1
55825,3
55826,3
55827,0
55828,2
55829,1
55830,2
55831,2
55832,3
55833,1
55834,4
55835,1
55836,4
55837,0
55838,2
55839,4
55840,1
55841,3
55842,4
55843,0
55844,2
55845,2
55846,3
55847,3
55848,0
55849,4
55850,0
55851,1
55852,0
55853,3
55854,0
55855,2
55856,3
55857,0
55858,1
55859,0
55860,0
55861,0
55862,4
55863,2
55864,2
55865,0
55866,2
55867,2
55868,3
55869,0
55870,1
55871,2
55872,1
55873,0
55874,4
55875,3
55876,0
55877,4
55878,0
55879,2
55880,1
55881,0
55882,3
55883,0
55884,2
55885,1
55886,1
55887,3
55888,0
55889,0
55890,0
55891,4
55892,2
55893,4
55894,1
55895,0
55896,2
55897,0
55898,0
55899,3
55900,3
55901,2
55902,2
55903,4
55904,0
55905,1
55906,0
55907,4
55908,0
55909,1
55910,0
55911,3
55912,1
55913,4
55914,2
55915,2
55916,2
55917,2
55918,2
55919,3
55920,2
55921,0
55922,1
55923,0
55924,2
55925,4
55926,2
55927,0
55928,1
55929,1
55930,1
55931,3
55932,3
55933,3
55934,3
55935,0
55936,4
55937,3
55938,3
55939,2
55940,3
55941,4
55942,1
55943,2
55944,2
55945,0
55946,4
55947,3
55948,3
55949,0
55950,4
55951,0
55952,1
55953,4
55954,4
55955,1
55956,3
55957,0
55958,0
55959,1
55960,1
55961,1
55962,4
55963,0
55964,2
55965,0
55966,3
55967,4
55968,3
55969,2
55970,0
55971,2
55972,2
55973,0
55974,2
55975,1
55976,2
55977,2
55978,4
55979,0
55980,2
55981,1
55982,2
55983,2
55984,0
55985,3
55986,1
55987,0
55988,1
55989,2
55990,0
55991,1
55992,3
55993,1
55994,4
55995,3
55996,3
55997,3
55998,1
55999,0
56000,0
56001,3
56002,0
56003,4
56004,2
56005,1
56006,2
56007,1
56008,0
56009,3
56010,1
56011,4
56012,3
56013,1
56014,0
56015,0
56016,4
56017,4
56018,4
56019,4
56020,0
56021,0
56022,0
56023,0
56024,2
56025,4
56026,2
56027,0
56028,1
56029,1
56030,0
56031,0
56032,2
56033,4
56034,2
56035,3
56036,2
56037,1
56038,2
56039,0
56040,0
56041,1
56042,1
56043,3
56044,0
56045,4
56046,1
56047,2
56048,3
56049,1
56050,3
56051,3
56052,1
56053,0
56054,2
56055,2
56056,2
56057,4
56058,4
56059,1
56060,2
56061,0
56062,0
56063,2
56064,1
56065,1
56066,1
56067,0
56068,0
56069,0
56070,0
56071,2
56072,2
56073,2
56074,4
56075,2
56076,1
56077,1
56078,1
56079,2
56080,4
56081,2
56082,3
56083,2
56084,0
56085,4
56086,4
56087,1
56088,2
56089,4
56090,1
56091,2
56092,4
56093,3
56094,3
56095,1
56096,1
56097,0
56098,0
56099,0
56100,2
56101,3
56102,1
56103,1
56104,4
56105,1
56106,4
56107,4
56108,0
56109,4
56110,0
56111,2
56112,0
56113,3
56114,1
56115,0
56116,4
56117,1
56118,4
56119,3
56120,1
56121,4
56122,1
56123,4
56124,1
56125,0
56126,1
56127,2
56128,1
56129,3
56130,1
56131,4
56132,1
56133,4
56134,3
56135,2
56136,2
56137,0
56138,2
56139,1
56140,0
56141,1
56142,4
56143,2
56144,1
56145,3
56146,1
56147,2
56148,3
56149,1
56150,2
56151,3
56152,0
56153,2
56154,4
56155,2
56156,1
56157,1
56158,2
56159,3
56160,0
56161,3
56162,1
56163,1
56164,2
56165,2
56166,3
56167,1
56168,0
56169,0
56170,1
56171,3
56172,0
56173,1
56174,3
56175,4
56176,3
56177,4
56178,4
56179,3
56180,1
56181,3
56182,4
56183,3
56184,3
56185,2
56186,0
56187,1
56188,4
56189,3
56190,4
56191,4
56192,2
56193,4
56194,4
56195,3
56196,1
56197,0
56198,2
56199,3
56200,0
56201,0
56202,1
56203,3
56204,4
56205,0
56206,1
56207,0
56208,0
56209,0
56210,3
56211,1
56212,1
56213,3
56214,2
56215,1
56216,3
56217,4
56218,0
56219,1
56220,3
56221,1
56222,0
56223,4
56224,3
56225,4
56226,3
56227,4
56228,0
56229,2
56230,3
56231,3
56232,4
56233,1
56234,2
56235,3
56236,0
56237,3
56238,2
56239,3
56240,1
56241,0
56242,0
56243,1
56244,3
56245,0
56246,4
56247,3
56248,1
56249,3
56250,4
56251,2
56252,4
56253,0
56254,4
56255,0
56256,3
56257,2
56258,2
56259,0
56260,3
56261,1
56262,2
56263,0
56264,1
56265,2
56266,3
56267,1
56268,0
56269,3
56270,3
56271,0
56272,0
56273,0
56274,0
56275,3
56276,1
56277,0
56278,0
56279,3
56280,3
56281,2
56282,0
56283,4
56284,2
56285,0
56286,3
56287,2
56288,3
56289,2
56290,1
56291,0
56292,1
56293,4
56294,0
56295,3
56296,2
56297,3
56298,3
56299,4
56300,3
56301,4
56302,4
56303,2
56304,0
56305,3
56306,1
56307,0
56308,3
56309,4
56310,0
56311,3
56312,4
56313,0
56314,0
56315,0
56316,0
56317,3
56318,1
56319,0
56320,1
56321,0
56322,2
56323,4
56324,3
56325,2
56326,3
56327,3
56328,1
56329,1
56330,0
56331,3
56332,3
56333,0
56334,0
56335,2
56336,3
56337,1
56338,0
56339,3
56340,1
56341,3
56342,0
56343,2
56344,2
56345,1
56346,4
56347,0
56348,1
56349,1
56350,2
56351,2
56352,1
56353,0
56354,1
56355,2
56356,1
56357,3
56358,1
56359,1
56360,3
56361,4
56362,1
56363,0
56364,2
56365,2
56366,0
56367,4
56368,1
56369,2
56370,1
56371,0
56372,4
56373,0
56374,1
56375,1
56376,4
56377,0
56378,4
56379,0
56380,2
56381,4
56382,1
56383,3
56384,2
56385,0
56386,0
56387,1
56388,3
56389,3
56390,3
56391,0
56392,2
56393,4
56394,0
56395,1
56396,3
56397,2
56398,4
56399,2
56400,0
56401,0
56402,1
56403,0
56404,0
56405,3
56406,0
56407,0
56408,3
56409,2
56410,1
56411,3
56412,0
56413,0
56414,0
56415,3
56416,0
56417,1
56418,2
56419,0
56420,3
56421,2
56422,3
56423,0
56424,1
56425,1
56426,3
56427,3
56428,0
56429,4
56430,4
56431,3
56432,4
56433,1
56434,3
56435,4
56436,3
56437,0
56438,2
56439,0
56440,0
56441,0
56442,0
56443,1
56444,0
56445,0
56446,1
56447,3
56448,0
56449,4
56450,3
56451,2
56452,1
56453,2
56454,1
56455,3
56456,0
56457,4
56458,1
56459,3
56460,2
56461,1
56462,1
56463,1
56464,3
56465,2
56466,3
56467,2
56468,2
56469,3
56470,3
56471,3
56472,2
56473,4
56474,2
56475,0
56476,3
56477,2
56478,3
56479,2
56480,2
56481,0
56482,0
56483,0
56484,0
56485,0
56486,2
56487,0
56488,3
56489,1
56490,2
56491,1
56492,4
56493,4
56494,1
56495,1
56496,0
56497,1
56498,3
56499,4
56500,3
56501,4
56502,2
56503,1
56504,0
56505,2
56506,1
56507,2
56508,4
56509,4
56510,2
56511,3
56512,0
56513,3
56514,4
56515,4
56516,0
56517,4
56518,0
56519,3
56520,3
56521,0
56522,1
56523,4
56524,2
56525,4
56526,2
56527,2
56528,1
56529,0
56530,4
56531,4
56532,2
56533,4
56534,4
56535,2
56536,0
56537,4
56538,4
56539,0
56540,1
56541,2
56542,1
56543,2
56544,4
56545,4
56546,4
56547,4
56548,0
56549,4
56550,1
56551,4
56552,3
56553,1
56554,3
56555,1
56556,2
56557,1
56558,4
56559,2
56560,4
56561,0
56562,0
56563,3
56564,2
56565,3
56566,2
56567,2
56568,1
56569,0
56570,4
56571,4
56572,0
56573,3
56574,3
56575,0
56576,1
56577,2
56578,2
56579,0
56580,1
56581,2
56582,4
56583,4
56584,0
56585,0
56586,1
56587,4
56588,3
56589,0
56590,1
56591,4
56592,2
56593,2
56594,2
56595,0
56596,1
56597,0
56598,2
56599,4
56600,3
56601,3
56602,2
56603,3
56604,4
56605,0
56606,2
56607,0
56608,3
56609,1
56610,2
56611,2
56612,2
56613,2
56614,1
56615,0
56616,3
56617,4
56618,2
56619,2
56620,1
56621,1
56622,1
56623,0
56624,2
56625,4
56626,3
56627,0
56628,1
56629,1
56630,2
56631,4
56632,1
56633,1
56634,0
56635,4
56636,4
56637,0
56638,2
56639,2
56640,2
56641,1
56642,1
56643,1
56644,3
56645,2
56646,3
56647,1
56648,3
56649,0
56650,2
56651,3
56652,1
56653,3
56654,0
56655,3
56656,1
56657,0
56658,1
56659,2
56660,2
56661,1
56662,2
56663,0
56664,1
56665,4
56666,3
56667,0
56668,3
56669,4
56670,1
56671,0
56672,2
56673,2
56674,1
56675,3
56676,1
56677,4
56678,2
56679,2
56680,1
56681,0
56682,2
56683,3
56684,0
56685,1
56686,3
56687,0
56688,4
56689,0
56690,3
56691,4
56692,1
56693,1
56694,1
56695,4
56696,4
56697,0
56698,1
56699,0
56700,4
56701,0
56702,1
56703,0
56704,0
56705,4
56706,1
56707,1
56708,1
56709,0
56710,1
56711,4
56712,4
56713,3
56714,0
56715,3
56716,2
56717,4
56718,3
56719,2
56720,2
56721,4
56722,0
56723,3
56724,1
56725,3
56726,2
56727,3
56728,1
56729,3
56730,3
56731,4
56732,0
56733,1
56734,3
56735,2
56736,1
56737,0
56738,4
56739,4
56740,0
56741,1
56742,2
56743,3
56744,0
56745,4
56746,4
56747,0
56748,2
56749,4
56750,1
56751,1
56752,4
56753,0
56754,0
56755,1
56756,1
56757,4
56758,0
56759,3
56760,4
56761,4
56762,1
56763,2
56764,2
56765,3
56766,4
56767,0
56768,1
56769,3
56770,3
56771,3
56772,2
56773,2
56774,0
56775,0
56776,3
56777,2
56778,0
56779,4
56780,1
56781,2
56782,2
56783,2
56784,3
56785,3
56786,0
56787,3
56788,0
56789,1
56790,0
56791,4
56792,3
56793,1
56794,3
56795,3
56796,3
56797,0
56798,2
56799,4
56800,3
56801,2
56802,0
56803,1
56804,1
56805,4
56806,3
56807,1
56808,1
56809,2
56810,3
56811,1
56812,0
56813,3
56814,4
56815,3
56816,3
56817,4
56818,2
56819,1
56820,4
56821,2
56822,2
56823,3
56824,0
56825,0
56826,2
56827,1
56828,0
56829,0
56830,4
56831,1
56832,1
56833,3
56834,3
56835,3
56836,1
56837,4
56838,1
56839,1
56840,2
56841,1
56842,2
56843,1
56844,2
56845,4
56846,3
56847,3
56848,0
56849,0
56850,0
56851,2
56852,2
56853,1
56854,1
56855,4
56856,3
56857,0
56858,0
56859,0
56860,0
56861,1
56862,4
56863,4
56864,4
56865,4
56866,2
56867,4
56868,4
56869,3
56870,2
56871,0
56872,2
56873,1
56874,3
56875,1
56876,4
56877,3
56878,0
56879,0
56880,1
56881,0
56882,0
56883,0
56884,2
56885,3
56886,2
56887,1
56888,1
56889,3
56890,2
56891,0
56892,4
56893,4
56894,1
56895,0
56896,2
56897,4
56898,2
56899,0
56900,0
56901,3
56902,4
56903,4
56904,4
56905,0
56906,1
56907,1
56908,4
56909,3
56910,1
56911,0
56912,3
56913,1
56914,2
56915,0
56916,2
56917,1
56918,1
56919,2
56920,3
56921,3
56922,3
56923,2
56924,2
56925,1
56926,2
56927,0
56928,1
56929,4
56930,2
56931,0
56932,0
56933,1
56934,0
56935,2
56936,1
56937,3
56938,2
56939,0
56940,2
56941,3
56942,0
56943,2
56944,0
56945,0
56946,2
56947,0
56948,0
56949,3
56950,4
56951,2
56952,3
56953,3
56954,3
56955,2
56956,1
56957,0
56958,2
56959,0
56960,2
56961,0
56962,0
56963,2
56964,4
56965,3
56966,3
56967,4
56968,4
56969,0
56970,3
56971,2
56972,4
56973,0
56974,1
56975,2
56976,0
56977,1
56978,2
56979,3
56980,1
56981,2
56982,3
56983,2
56984,2
56985,4
56986,3
56987,2
56988,1
56989,4
56990,0
56991,0
56992,3
56993,3
56994,2
56995,2
56996,2
56997,0
56998,0
56999,0
57000,1
57001,3
57002,2
57003,1
57004,3
57005,4
57006,2
57007,0
57008,0
57009,2
57010,2
57011,0
57012,2
57013,1
57014,3
57015,1
57016,2
57017,1
57018,2
57019,3
57020,1
57021,1
57022,4
57023,1
57024,0
57025,0
57026,3
57027,0
57028,3
57029,3
57030,0
57031,0
57032,1
57033,2
57034,3
57035,0
57036,2
57037,2
57038,0
57039,0
57040,3
57041,0
57042,0
57043,0
57044,3
57045,1
57046,3
57047,1
57048,1
57049,0
57050,1
57051,0
57052,3
57053,1
57054,2
57055,2
57056,2
57057,4
57058,4
57059,4
57060,4
57061,3
57062,3
57063,1
57064,3
57065,1
57066,4
57067,2
57068,1
57069,2
57070,2
57071,2
57072,0
57073,1
57074,0
57075,2
57076,3
57077,0
57078,1
57079,3
57080,0
57081,4
57082,4
57083,2
57084,3
57085,2
57086,4
57087,0
57088,0
57089,2
57090,0
57091,0
57092,4
57093,1
57094,1
57095,4
57096,4
57097,2
57098,2
57099,3
57100,1
57101,1
57102,4
57103,0
57104,0
57105,2
57106,2
57107,1
57108,3
57109,4
57110,3
57111,1
57112,2
57113,2
57114,3
57115,2
57116,2
57117,4
57118,2
57119,3
57120,0
57121,0
57122,3
57123,0
57124,0
57125,2
57126,3
57127,3
57128,0
57129,2
57130,2
57131,0
57132,3
57133,3
57134,2
57135,1
57136,1
57137,0
57138,0
57139,2
57140,4
57141,4
57142,0
57143,1
57144,3
57145,1
57146,1
57147,4
57148,4
57149,0
57150,0
57151,3
57152,2
57153,4
57154,3
57155,2
57156,4
57157,0
57158,2
57159,4
57160,1
57161,2
57162,3
57163,2
57164,0
57165,3
57166,0
57167,0
57168,0
57169,4
57170,3
57171,2
57172,3
57173,0
57174,2
57175,0
57176,3
57177,0
57178,2
57179,2
57180,4
57181,1
57182,0
57183,0
57184,4
57185,3
57186,3
57187,2
57188,1
57189,4
57190,1
57191,4
57192,2
57193,1
57194,2
57195,3
57196,3
57197,4
57198,1
57199,0
57200,1
57201,3
57202,2
57203,3
57204,1
57205,1
57206,1
57207,0
57208,4
57209,0
57210,1
57211,2
57212,1
57213,1
57214,0
57215,4
57216,3
57217,4
57218,4
57219,1
57220,1
57221,4
57222,1
57223,4
57224,0
57225,3
57226,1
57227,1
57228,1
57229,3
57230,3
57231,0
57232,0
57233,2
57234,3
57235,0
57236,4
57237,1
57238,1
57239,0
57240,1
57241,4
57242,0
57243,0
57244,4
57245,2
57246,0
57247,2
57248,4
57249,1
57250,4
57251,2
57252,3
57253,4
57254,0
57255,3
57256,3
57257,1
57258,1
57259,3
57260,0
57261,1
57262,2
57263,1
57264,1
57265,4
57266,0
57267,3
57268,4
57269,1
57270,2
57271,2
57272,4
57273,1
57274,1
57275,0
57276,1
57277,3
57278,2
57279,0
57280,0
57281,0
57282,4
57283,4
57284,0
57285,1
57286,3
57287,3
57288,4
57289,2
57290,4
57291,4
57292,0
57293,4
57294,2
57295,3
57296,1
57297,2
57298,0
57299,2
57300,1
57301,1
57302,2
57303,4
57304,4
57305,3
57306,1
57307,2
57308,2
57309,3
57310,2
57311,2
57312,3
57313,0
57314,0
57315,2
57316,2
57317,3
57318,2
57319,2
57320,0
57321,2
57322,4
57323,0
57324,2
57325,2
57326,2
57327,3
57328,2
57329,2
57330,4
57331,2
57332,3
57333,2
57334,3
57335,3
57336,3
57337,3
57338,3
57339,2
57340,2
57341,2
57342,3
57343,2
57344,3
57345,4
57346,1
57347,4
57348,3
57349,1
57350,2
57351,3
57352,2
57353,2
57354,0
57355,1
57356,3
57357,3
57358,1
57359,2
57360,1
57361,3
57362,1
57363,1
57364,2
57365,2
57366,3
57367,2
57368,0
57369,2
57370,4
57371,0
57372,2
57373,0
57374,2
57375,0
57376,1
57377,0
57378,3
57379,3
57380,4
57381,0
57382,1
57383,1
57384,2
57385,0
57386,1
57387,2
57388,1
57389,1
57390,4
57391,3
57392,3
57393,4
57394,1
57395,1
57396,3
57397,4
57398,2
57399,4
57400,0
57401,1
57402,4
57403,3
57404,4
57405,2
57406,3
57407,1
57408,1
57409,4
57410,0
57411,0
57412,1
57413,0
57414,3
57415,2
57416,0
57417,2
57418,4
57419,1
57420,4
57421,0
57422,0
57423,0
57424,4
57425,4
57426,4
57427,2
57428,0
57429,0
57430,2
57431,3
57432,2
57433,4
57434,4
57435,2
57436,0
57437,1
57438,1
57439,3
57440,3
57441,0
57442,3
57443,3
57444,2
57445,3
57446,3
57447,1
57448,3
57449,4
57450,4
57451,3
57452,0
57453,2
57454,2
57455,4
57456,0
57457,3
57458,3
57459,3
57460,2
57461,1
57462,0
57463,3
57464,0
57465,3
57466,3
57467,3
57468,0
57469,0
57470,2
57471,4
57472,2
57473,2
57474,4
57475,0
57476,3
57477,0
57478,1
57479,4
57480,0
57481,3
57482,0
57483,2
57484,1
57485,0
57486,2
57487,4
57488,0
57489,3
57490,3
57491,3
57492,3
57493,1
57494,2
57495,3
57496,3
57497,3
57498,2
57499,3
57500,0
57501,1
57502,2
57503,3
57504,0
57505,2
57506,0
57507,2
57508,0
57509,3
57510,0
57511,3
57512,4
57513,2
57514,3
57515,4
57516,3
57517,2
57518,0
57519,0
57520,3
57521,0
57522,3
57523,3
57524,3
57525,3
57526,1
57527,1
57528,3
57529,1
57530,2
57531,0
57532,1
57533,2
57534,4
57535,4
57536,4
57537,0
57538,4
57539,3
57540,4
57541,1
57542,3
57543,0
57544,1
57545,1
57546,4
57547,2
57548,1
57549,3
57550,2
57551,2
57552,0
57553,0
57554,4
57555,0
57556,1
57557,0
57558,1
57559,1
57560,3
57561,1
57562,2
57563,4
57564,1
57565,2
57566,1
57567,0
57568,0
57569,4
57570,2
57571,0
57572,0
57573,3
57574,4
57575,4
57576,4
57577,2
57578,2
57579,3
57580,3
57581,0
57582,4
57583,0
57584,2
57585,0
57586,0
57587,1
57588,0
57589,3
57590,1
57591,1
57592,0
57593,3
57594,1
57595,0
57596,2
57597,4
57598,1
57599,3
57600,3
57601,0
57602,1
57603,0
57604,0
57605,2
57606,1
57607,4
57608,0
57609,2
57610,0
57611,2
57612,3
57613,4
57614,4
57615,3
57616,3
57617,0
57618,2
57619,2
57620,2
57621,3
57622,3
57623,4
57624,3
57625,2
57626,1
57627,0
57628,2
57629,0
57630,2
57631,2
57632,3
57633,1
57634,4
57635,2
57636,0
57637,2
57638,0
57639,0
57640,1
57641,1
57642,2
57643,2
57644,3
57645,3
57646,3
57647,2
57648,3
57649,4
57650,2
57651,2
57652,1
57653,2
57654,2
57655,4
57656,0
57657,0
57658,0
57659,2
57660,0
57661,1
57662,4
57663,0
57664,1
57665,1
57666,3
57667,4
57668,2
57669,1
57670,2
57671,2
57672,0
57673,0
57674,2
57675,2
57676,4
57677,0
57678,0
57679,3
57680,1
57681,4
57682,0
57683,1
57684,2
57685,4
57686,1
57687,2
57688,1
57689,1
57690,3
57691,2
57692,2
57693,2
57694,3
57695,0
57696,2
57697,0
57698,4
57699,2
57700,4
57701,0
57702,1
57703,2
57704,0
57705,2
57706,0
57707,3
57708,3
57709,3
57710,1
57711,0
57712,2
57713,2
57714,3
57715,1
57716,4
57717,0
57718,0
57719,1
57720,0
57721,3
57722,0
57723,2
57724,4
57725,3
57726,3
57727,4
57728,4
57729,0
57730,1
57731,2
57732,0
57733,0
57734,3
57735,1
57736,4
57737,0
57738,2
57739,2
57740,0
57741,3
57742,1
57743,1
57744,1
57745,0
57746,4
57747,4
57748,0
57749,2
57750,2
57751,4
57752,0
57753,4
57754,3
57755,3
57756,1
57757,2
57758,2
57759,0
57760,0
57761,3
57762,4
57763,0
57764,1
57765,0
57766,4
57767,0
57768,3
57769,3
57770,3
57771,2
57772,1
57773,0
57774,0
57775,4
57776,2
57777,4
57778,1
57779,1
57780,2
57781,0
57782,3
57783,3
57784,4
57785,2
57786,2
57787,3
57788,3
57789,0
57790,3
57791,0
57792,0
57793,2
57794,1
57795,2
57796,1
57797,1
57798,0
57799,0
57800,1
57801,2
57802,0
57803,4
57804,1
57805,2
57806,2
57807,0
57808,0
57809,2
57810,3
57811,0
57812,1
57813,2
57814,2
57815,3
57816,0
57817,1
57818,0
57819,0
57820,2
57821,2
57822,1
57823,3
57824,3
57825,0
57826,3
57827,0
57828,4
57829,3
57830,1
57831,4
57832,0
57833,1
57834,3
57835,3
57836,3
57837,0
57838,1
57839,2
57840,1
57841,1
57842,3
57843,4
57844,2
57845,1
57846,3
57847,4
57848,1
57849,1
57850,2
57851,1
57852,2
57853,2
57854,2
57855,4
57856,0
57857,4
57858,1
57859,1
57860,0
57861,3
57862,1
57863,4
57864,4
57865,2
57866,3
57867,3
57868,1
57869,3
57870,1
57871,2
57872,0
57873,4
57874,3
57875,4
57876,2
57877,4
57878,1
57879,1
57880,1
57881,1
57882,1
57883,0
57884,3
57885,2
57886,4
57887,4
57888,4
57889,0
57890,3
57891,2
57892,2
57893,0
57894,1
57895,0
57896,2
57897,0
57898,3
57899,3
57900,0
57901,0
57902,3
57903,3
57904,1
57905,4
57906,3
57907,2
57908,0
57909,0
57910,3
57911,2
57912,4
57913,1
57914,3
57915,3
57916,3
57917,3
57918,4
57919,3
57920,4
57921,3
57922,2
57923,2
57924,4
57925,2
57926,0
57927,1
57928,1
57929,1
57930,4
57931,4
57932,0
57933,2
57934,0
57935,0
57936,0
57937,0
57938,2
57939,0
57940,0
57941,0
57942,4
57943,3
57944,2
57945,3
57946,3
57947,4
57948,4
57949,1
57950,4
57951,2
57952,1
57953,2
57954,0
57955,3
57956,1
57957,0
57958,3
57959,0
57960,2
57961,2
57962,1
57963,2
57964,0
57965,2
57966,0
57967,3
57968,0
57969,0
57970,0
57971,0
57972,0
57973,1
57974,2
57975,3
57976,3
57977,4
57978,0
57979,0
57980,2
57981,4
57982,4
57983,1
57984,3
57985,3
57986,0
57987,2
57988,0
57989,0
57990,0
57991,3
57992,3
57993,3
57994,2
57995,2
57996,3
57997,0
57998,3
57999,1
58000,1
58001,1
58002,1
58003,2
58004,2
58005,0
58006,1
58007,2
58008,3
58009,0
58010,0
58011,3
58012,2
58013,1
58014,2
58015,4
58016,4
58017,1
58018,0
58019,2
58020,1
58021,3
58022,1
58023,1
58024,2
58025,1
58026,1
58027,0
58028,2
58029,3
58030,0
58031,1
58032,0
58033,3
58034,2
58035,1
58036,1
58037,0
58038,3
58039,0
58040,3
58041,2
58042,0
58043,3
58044,1
58045,0
58046,2
58047,0
58048,4
58049,1
58050,1
58051,4
58052,2
58053,3
58054,1
58055,4
58056,0
58057,0
58058,1
58059,2
58060,4
58061,2
58062,3
58063,1
58064,4
58065,4
58066,0
58067,2
58068,3
58069,2
58070,0
58071,0
58072,0
58073,3
58074,3
58075,0
58076,2
58077,3
58078,4
58079,0
58080,3
58081,2
58082,0
58083,2
58084,1
58085,1
58086,1
58087,1
58088,2
58089,4
58090,1
58091,1
58092,2
58093,2
58094,2
58095,1
58096,3
58097,4
58098,2
58099,0
58100,0
58101,2
58102,4
58103,1
58104,0
58105,3
58106,2
58107,0
58108,2
58109,0
58110,3
58111,0
58112,4
58113,1
58114,1
58115,2
58116,2
58117,2
58118,1
58119,0
58120,1
58121,1
58122,1
58123,3
58124,2
58125,0
58126,2
58127,1
58128,2
58129,0
58130,0
58131,2
58132,0
58133,1
58134,3
58135,3
58136,0
58137,1
58138,3
58139,4
58140,3
58141,0
58142,2
58143,4
58144,3
58145,2
58146,3
58147,0
58148,0
58149,3
58150,0
58151,1
58152,1
58153,2
58154,2
58155,3
58156,2
58157,0
58158,2
58159,4
58160,3
58161,3
58162,4
58163,3
58164,1
58165,0
58166,1
58167,3
58168,3
58169,1
58170,3
58171,3
58172,0
58173,3
58174,1
58175,3
58176,4
58177,3
58178,1
58179,3
58180,0
58181,0
58182,1
58183,0
58184,1
58185,2
58186,4
58187,1
58188,0
58189,0
58190,3
58191,2
58192,2
58193,2
58194,2
58195,0
58196,4
58197,0
58198,1
58199,4
58200,0
58201,3
58202,0
58203,0
58204,0
58205,2
58206,3
58207,2
58208,2
58209,1
58210,3
58211,2
58212,2
58213,2
58214,3
58215,2
58216,2
58217,4
58218,4
58219,0
58220,2
58221,0
58222,3
58223,1
58224,4
58225,2
58226,0
58227,2
58228,1
58229,3
58230,4
58231,2
58232,1
58233,1
58234,4
58235,2
58236,2
58237,0
58238,0
58239,4
58240,2
58241,1
58242,2
58243,1
58244,3
58245,0
58246,2
58247,2
58248,3
58249,3
58250,3
58251,2
58252,2
58253,1
58254,1
58255,0
58256,2
58257,0
58258,2
58259,3
58260,4
58261,3
58262,1
58263,2
58264,3
58265,4
58266,2
58267,2
58268,2
58269,1
58270,0
58271,3
58272,2
58273,2
58274,1
58275,4
58276,1
58277,4
58278,2
58279,1
58280,1
58281,0
58282,0
58283,1
58284,1
58285,3
58286,2
58287,3
58288,0
58289,1
58290,1
58291,0
58292,1
58293,1
58294,2
58295,0
58296,2
58297,0
58298,0
58299,0
58300,4
58301,3
58302,1
58303,1
58304,3
58305,1
58306,0
58307,1
58308,1
58309,4
58310,1
58311,4
58312,1
58313,2
58314,4
58315,1
58316,4
58317,0
58318,2
58319,0
58320,4
58321,2
58322,2
58323,3
58324,1
58325,0
58326,3
58327,4
58328,4
58329,3
58330,0
58331,2
58332,1
58333,0
58334,0
58335,2
58336,2
58337,1
58338,3
58339,1
58340,3
58341,1
58342,1
58343,3
58344,1
58345,0
58346,2
58347,4
58348,1
58349,2
58350,4
58351,4
58352,0
58353,0
58354,2
58355,0
58356,2
58357,4
58358,3
58359,2
58360,4
58361,1
58362,2
58363,2
58364,0
58365,2
58366,0
58367,0
58368,0
58369,1
58370,0
58371,4
58372,4
58373,2
58374,1
58375,0
58376,2
58377,1
58378,4
58379,3
58380,0
58381,2
58382,4
58383,4
58384,2
58385,3
58386,4
58387,0
58388,1
58389,3
58390,1
58391,0
58392,2
58393,4
58394,1
58395,2
58396,2
58397,4
58398,0
58399,1
58400,3
58401,0
58402,3
58403,2
58404,3
58405,3
58406,3
58407,4
58408,2
58409,0
58410,1
58411,0
58412,1
58413,2
58414,1
58415,4
58416,4
58417,1
58418,0
58419,3
58420,1
58421,2
58422,1
58423,1
58424,4
58425,3
58426,3
58427,4
58428,4
58429,1
58430,0
58431,0
58432,1
58433,2
58434,3
58435,4
58436,3
58437,3
58438,4
58439,3
58440,1
58441,0
58442,3
58443,0
58444,0
58445,2
58446,4
58447,1
58448,1
58449,1
58450,3
58451,2
58452,1
58453,1
58454,1
58455,1
58456,0
58457,2
58458,2
58459,0
58460,4
58461,2
58462,3
58463,4
58464,1
58465,2
58466,3
58467,3
58468,2
58469,4
58470,4
58471,2
58472,0
58473,4
58474,1
58475,0
58476,1
58477,2
58478,1
58479,4
58480,4
58481,0
58482,0
58483,1
58484,2
58485,3
58486,1
58487,2
58488,4
58489,2
58490,0
58491,0
58492,1
58493,0
58494,3
58495,1
58496,2
58497,0
58498,0
58499,3
58500,2
58501,1
58502,1
58503,0
58504,1
58505,1
58506,2
58507,0
58508,2
58509,1
58510,4
58511,4
58512,0
58513,2
58514,3
58515,1
58516,0
58517,4
58518,0
58519,2
58520,0
58521,2
58522,0
58523,2
58524,0
58525,3
58526,0
58527,3
58528,0
58529,1
58530,1
58531,0
58532,1
58533,4
58534,3
58535,3
58536,0
58537,2
58538,2
58539,4
58540,4
58541,2
58542,2
58543,3
58544,0
58545,0
58546,1
58547,3
58548,1
58549,3
58550,0
58551,2
58552,2
58553,2
58554,0
58555,2
58556,1
58557,0
58558,3
58559,1
58560,1
58561,4
58562,0
58563,4
58564,4
58565,1
58566,0
58567,4
58568,0
58569,2
58570,1
58571,0
58572,2
58573,3
58574,0
58575,3
58576,4
58577,2
58578,0
58579,2
58580,1
58581,4
58582,0
58583,2
58584,0
58585,1
58586,2
58587,4
58588,0
58589,2
58590,3
58591,3
58592,3
58593,3
58594,3
58595,0
58596,1
58597,0
58598,0
58599,0
58600,1
58601,2
58602,4
58603,3
58604,3
58605,4
58606,0
58607,3
58608,1
58609,0
58610,4
58611,2
58612,3
58613,3
58614,2
58615,0
58616,3
58617,0
58618,2
58619,3
58620,0
58621,2
58622,4
58623,4
58624,3
58625,1
58626,3
58627,4
58628,3
58629,2
58630,4
58631,3
58632,0
58633,1
58634,4
58635,2
58636,2
58637,2
58638,4
58639,3
58640,0
58641,3
58642,2
58643,0
58644,0
58645,1
58646,3
58647,3
58648,3
58649,2
58650,4
58651,0
58652,4
58653,3
58654,3
58655,2
58656,0
58657,1
58658,3
58659,2
58660,0
58661,3
58662,4
58663,1
58664,1
58665,4
58666,1
58667,2
58668,2
58669,4
58670,3
58671,3
58672,4
58673,0
58674,2
58675,1
58676,1
58677,3
58678,3
58679,1
58680,4
58681,3
58682,1
58683,3
58684,2
58685,3
58686,3
58687,3
58688,2
58689,1
58690,0
58691,2
58692,2
58693,3
58694,3
58695,4
58696,1
58697,0
58698,3
58699,2
58700,2
58701,0
58702,3
58703,0
58704,0
58705,0
58706,0
58707,2
58708,1
58709,3
58710,2
58711,0
58712,2
58713,1
58714,0
58715,1
58716,4
58717,3
58718,1
58719,2
58720,0
58721,3
58722,4
58723,1
58724,0
58725,3
58726,1
58727,4
58728,1
58729,1
58730,2
58731,2
58732,1
58733,1
58734,2
58735,1
58736,3
58737,0
58738,3
58739,3
58740,1
58741,2
58742,1
58743,0
58744,0
58745,0
58746,2
58747,4
58748,4
58749,2
58750,3
58751,3
58752,3
58753,2
58754,3
58755,3
58756,0
58757,2
58758,1
58759,4
58760,0
58761,4
58762,0
58763,0
58764,3
58765,0
58766,2
58767,1
58768,0
58769,1
58770,2
58771,2
58772,0
58773,0
58774,3
58775,0
58776,2
58777,2
58778,0
58779,4
58780,2
58781,2
58782,1
58783,0
58784,2
58785,0
58786,3
58787,2
58788,3
58789,0
58790,1
58791,4
58792,1
58793,2
58794,0
58795,1
58796,3
58797,3
58798,1
58799,2
58800,2
58801,2
58802,1
58803,3
58804,3
58805,2
58806,1
58807,1
58808,0
58809,3
58810,0
58811,0
58812,1
58813,3
58814,2
58815,1
58816,1
58817,0
58818,1
58819,3
58820,1
58821,0
58822,0
58823,1
58824,0
58825,2
58826,1
58827,4
58828,0
58829,1
58830,2
58831,1
58832,1
58833,4
58834,0
58835,1
58836,0
58837,3
58838,2
58839,3
58840,3
58841,2
58842,4
58843,0
58844,1
58845,1
58846,0
58847,4
58848,2
58849,1
58850,2
58851,3
58852,3
58853,2
58854,1
58855,0
58856,4
58857,1
58858,4
58859,3
58860,1
58861,0
58862,1
58863,2
58864,4
58865,2
58866,1
58867,4
58868,3
58869,0
58870,2
58871,4
58872,3
58873,4
58874,4
58875,4
58876,0
58877,3
58878,3
58879,4
58880,4
58881,1
58882,0
58883,0
58884,2
58885,0
58886,2
58887,4
58888,1
58889,4
58890,0
58891,4
58892,4
58893,1
58894,0
58895,1
58896,4
58897,3
58898,4
58899,4
58900,1
58901,1
58902,0
58903,2
58904,3
58905,0
58906,2
58907,1
58908,4
58909,4
58910,2
58911,1
58912,4
58913,1
58914,3
58915,3
58916,4
58917,0
58918,3
58919,1
58920,2
58921,2
58922,2
58923,3
58924,4
58925,0
58926,2
58927,1
58928,2
58929,3
58930,2
58931,0
58932,0
58933,2
58934,0
58935,1
58936,1
58937,1
58938,3
58939,1
58940,3
58941,4
58942,4
58943,1
58944,1
58945,3
58946,0
58947,2
58948,3
58949,1
58950,0
58951,1
58952,4
58953,3
58954,1
58955,1
58956,4
58957,3
58958,2
58959,3
58960,0
58961,0
58962,0
58963,3
58964,2
58965,0
58966,4
58967,4
58968,3
58969,1
58970,2
58971,3
58972,4
58973,1
58974,1
58975,4
58976,1
58977,2
58978,2
58979,4
58980,4
58981,1
58982,1
58983,2
58984,0
58985,3
58986,1
58987,0
58988,3
58989,3
58990,2
58991,2
58992,0
58993,0
58994,3
58995,0
58996,2
58997,2
58998,3
58999,4
59000,3
59001,1
59002,2
59003,1
59004,3
59005,1
59006,2
59007,2
59008,2
59009,1
59010,2
59011,1
59012,2
59013,2
59014,0
59015,1
59016,4
59017,1
59018,1
59019,1
59020,1
59021,4
59022,2
59023,1
59024,2
59025,3
59026,0
59027,1
59028,4
59029,0
59030,3
59031,4
59032,1
59033,2
59034,2
59035,4
59036,3
59037,4
59038,3
59039,0
59040,2
59041,0
59042,2
59043,4
59044,1
59045,3
59046,0
59047,2
59048,0
59049,1
59050,2
59051,0
59052,4
59053,0
59054,0
59055,4
59056,3
59057,2
59058,0
59059,3
59060,3
59061,2
59062,4
59063,3
59064,4
59065,0
59066,3
59067,3
59068,2
59069,1
59070,2
59071,0
59072,2
59073,2
59074,2
59075,0
59076,2
59077,2
59078,3
59079,4
59080,4
59081,2
59082,0
59083,1
59084,2
59085,2
59086,3
59087,4
59088,3
59089,3
59090,3
59091,2
59092,1
59093,4
59094,2
59095,2
59096,0
59097,2
59098,4
59099,1
59100,2
59101,1
59102,1
59103,4
59104,2
59105,2
59106,2
59107,4
59108,3
59109,3
59110,2
59111,0
59112,1
59113,0
59114,0
59115,4
59116,0
59117,3
59118,1
59119,0
59120,4
59121,4
59122,2
59123,0
59124,0
59125,0
59126,4
59127,4
59128,1
59129,1
59130,0
59131,2
59132,3
59133,1
59134,4
59135,1
59136,4
59137,2
59138,3
59139,0
59140,4
59141,0
59142,4
59143,1
59144,0
59145,2
59146,4
59147,0
59148,1
59149,2
59150,0
59151,2
59152,0
59153,1
59154,2
59155,4
59156,0
59157,0
59158,3
59159,4
59160,3
59161,0
59162,0
59163,1
59164,3
59165,4
59166,2
59167,3
59168,2
59169,3
59170,4
59171,2
59172,3
59173,4
59174,4
59175,3
59176,3
59177,0
59178,4
59179,2
59180,0
59181,3
59182,3
59183,0
59184,3
59185,1
59186,2
59187,4
59188,1
59189,2
59190,4
59191,1
59192,0
59193,1
59194,1
59195,3
59196,1
59197,4
59198,3
59199,3
59200,3
59201,1
59202,4
59203,2
59204,2
59205,0
59206,0
59207,4
59208,0
59209,0
59210,2
59211,1
59212,0
59213,4
59214,2
59215,1
59216,2
59217,2
59218,1
59219,4
59220,2
59221,3
59222,3
59223,0
59224,2
59225,2
59226,4
59227,1
59228,0
59229,1
59230,1
59231,2
59232,2
59233,1
59234,1
59235,1
59236,2
59237,0
59238,2
59239,1
59240,4
59241,3
59242,0
59243,1
59244,0
59245,0
59246,2
59247,3
59248,4
59249,1
59250,4
59251,2
59252,0
59253,4
59254,0
59255,2
59256,2
59257,3
59258,3
59259,3
59260,4
59261,4
59262,0
59263,1
59264,0
59265,2
59266,4
59267,0
59268,1
59269,0
59270,2
59271,1
59272,1
59273,3
59274,1
59275,3
59276,0
59277,3
59278,0
59279,4
59280,3
59281,2
59282,1
59283,0
59284,2
59285,0
59286,3
59287,3
59288,3
59289,3
59290,2
59291,1
59292,0
59293,1
59294,2
59295,3
59296,2
59297,2
59298,2
59299,0
59300,3
59301,1
59302,2
59303,3
59304,2
59305,3
59306,3
59307,4
59308,3
59309,0
59310,0
59311,4
59312,0
59313,1
59314,0
59315,2
59316,1
59317,4
59318,0
59319,3
59320,1
59321,2
59322,2
59323,3
59324,0
59325,4
59326,3
59327,4
59328,2
59329,1
59330,1
59331,1
59332,2
59333,1
59334,1
59335,3
59336,4
59337,2
59338,2
59339,0
59340,2
59341,1
59342,2
59343,0
59344,2
59345,0
59346,2
59347,4
59348,1
59349,1
59350,0
59351,2
59352,2
59353,0
59354,3
59355,0
59356,1
59357,3
59358,0
59359,2
59360,0
59361,2
59362,2
59363,3
59364,2
59365,3
59366,0
59367,2
59368,1
59369,0
59370,1
59371,0
59372,1
59373,0
59374,2
59375,4
59376,1
59377,1
59378,2
59379,0
59380,4
59381,2
59382,2
59383,4
59384,2
59385,1
59386,1
59387,3
59388,1
59389,3
59390,0
59391,1
59392,1
59393,1
59394,0
59395,3
59396,4
59397,2
59398,0
59399,1
59400,1
59401,1
59402,4
59403,1
59404,3
59405,2
59406,4
59407,3
59408,3
59409,3
59410,2
59411,0
59412,3
59413,3
59414,2
59415,0
59416,1
59417,2
59418,4
59419,1
59420,1
59421,2
59422,3
59423,3
59424,0
59425,3
59426,4
59427,2
59428,2
59429,1
59430,4
59431,4
59432,0
59433,2
59434,2
59435,1
59436,4
59437,4
59438,2
59439,0
59440,2
59441,1
59442,4
59443,3
59444,0
59445,4
59446,1
59447,1
59448,4
59449,2
59450,0
59451,0
59452,3
59453,1
59454,1
59455,1
59456,1
59457,4
59458,4
59459,4
59460,3
59461,3
59462,1
59463,1
59464,0
59465,2
59466,1
59467,3
59468,0
59469,0
59470,4
59471,4
59472,2
59473,2
59474,2
59475,1
59476,0
59477,4
59478,4
59479,1
59480,3
59481,4
59482,3
59483,3
59484,0
59485,1
59486,2
59487,0
59488,0
59489,2
59490,3
59491,0
59492,3
59493,2
59494,3
59495,3
59496,0
59497,2
59498,1
59499,2
59500,0
59501,1
59502,1
59503,0
59504,2
59505,4
59506,1
59507,2
59508,3
59509,4
59510,0
59511,4
59512,4
59513,2
59514,2
59515,2
59516,2
59517,3
59518,0
59519,0
59520,1
59521,1
59522,2
59523,3
59524,1
59525,1
59526,1
59527,1
59528,1
59529,0
59530,0
59531,2
59532,0
59533,2
59534,2
59535,3
59536,1
59537,3
59538,1
59539,1
59540,2
59541,2
59542,0
59543,1
59544,3
59545,2
59546,1
59547,4
59548,1
59549,1
59550,0
59551,0
59552,3
59553,1
59554,3
59555,1
59556,2
59557,3
59558,1
59559,1
59560,3
59561,3
59562,1
59563,4
59564,2
59565,0
59566,1
59567,0
59568,0
59569,2
59570,0
59571,2
59572,1
59573,0
59574,2
59575,4
59576,0
59577,0
59578,3
59579,0
59580,0
59581,2
59582,2
59583,0
59584,1
59585,0
59586,4
59587,4
59588,4
59589,2
59590,2
59591,3
59592,1
59593,1
59594,3
59595,1
59596,1
59597,2
59598,0
59599,2
59600,0
59601,4
59602,3
59603,1
59604,3
59605,0
59606,3
59607,0
59608,1
59609,1
59610,4
59611,0
59612,0
59613,1
59614,3
59615,3
59616,4
59617,0
59618,3
59619,1
59620,2
59621,4
59622,2
59623,0
59624,3
59625,1
59626,0
59627,1
59628,3
59629,3
59630,4
59631,2
59632,0
59633,4
59634,1
59635,3
59636,3
59637,1
59638,3
59639,0
59640,1
59641,3
59642,1
59643,0
59644,0
59645,0
59646,1
59647,3
59648,0
59649,0
59650,3
59651,3
59652,3
59653,4
59654,1
59655,0
59656,4
59657,0
59658,0
59659,1
59660,3
59661,0
59662,0
59663,0
59664,1
59665,1
59666,3
59667,1
59668,0
59669,1
59670,2
59671,2
59672,2
59673,4
59674,4
59675,2
59676,4
59677,4
59678,0
59679,1
59680,4
59681,4
59682,1
59683,3
59684,2
59685,3
59686,3
59687,0
59688,0
59689,0
59690,0
59691,1
59692,2
59693,3
59694,2
59695,0
59696,4
59697,2
59698,4
59699,4
59700,1
59701,1
59702,2
59703,0
59704,1
59705,4
59706,4
59707,2
59708,1
59709,0
59710,1
59711,1
59712,1
59713,0
59714,0
59715,0
59716,2
59717,2
59718,1
59719,2
59720,0
59721,3
59722,2
59723,4
59724,4
59725,0
59726,0
59727,3
59728,4
59729,2
59730,3
59731,1
59732,2
59733,2
59734,0
59735,0
59736,4
59737,0
59738,4
59739,4
59740,0
59741,0
59742,2
59743,2
59744,3
59745,3
59746,0
59747,0
59748,3
59749,2
59750,2
59751,0
59752,4
59753,0
59754,2
59755,2
59756,0
59757,1
59758,1
59759,2
59760,1
59761,3
59762,4
59763,2
59764,2
59765,0
59766,3
59767,2
59768,2
59769,2
59770,0
59771,4
59772,4
59773,2
59774,3
59775,2
59776,0
59777,0
59778,3
59779,4
59780,4
59781,0
59782,2
59783,3
59784,2
59785,4
59786,0
59787,2
59788,0
59789,2
59790,1
59791,1
59792,2
59793,1
59794,0
59795,4
59796,1
59797,2
59798,0
59799,2
59800,3
59801,2
59802,2
59803,1
59804,4
59805,3
59806,4
59807,2
59808,1
59809,4
59810,2
59811,2
59812,0
59813,3
59814,0
59815,1
59816,4
59817,0
59818,1
59819,3
59820,2
59821,2
59822,0
59823,3
59824,3
59825,4
59826,3
59827,4
59828,2
59829,0
59830,2
59831,2
59832,2
59833,1
59834,4
59835,4
59836,0
59837,0
59838,2
59839,3
59840,1
59841,4
59842,0
59843,0
59844,4
59845,1
59846,4
59847,3
59848,3
59849,0
59850,1
59851,4
59852,0
59853,0
59854,0
59855,1
59856,4
59857,3
59858,4
59859,2
59860,3
59861,1
59862,2
59863,3
59864,1
59865,1
59866,3
59867,0
59868,0
59869,2
59870,2
59871,0
59872,3
59873,1
59874,4
59875,3
59876,0
59877,1
59878,1
59879,0
59880,4
59881,4
59882,2
59883,2
59884,3
59885,2
59886,3
59887,0
59888,0
59889,1
59890,0
59891,3
59892,2
59893,1
59894,2
59895,3
59896,3
59897,2
59898,4
59899,3
59900,1
59901,0
59902,2
59903,1
59904,2
59905,1
59906,2
59907,4
59908,2
59909,4
59910,2
59911,0
59912,0
59913,1
59914,3
59915,0
59916,3
59917,0
59918,3
59919,1
59920,3
59921,0
59922,1
59923,2
59924,2
59925,0
59926,2
59927,1
59928,4
59929,4
59930,0
59931,0
59932,1
59933,3
59934,4
59935,1
59936,0
59937,3
59938,3
59939,3
59940,1
59941,2
59942,2
59943,0
59944,2
59945,3
59946,3
59947,2
59948,1
59949,4
59950,2
59951,3
59952,4
59953,1
59954,1
59955,3
59956,3
59957,4
59958,2
59959,4
59960,2
59961,1
59962,3
59963,3
59964,3
59965,0
59966,3
59967,2
59968,2
59969,3
59970,3
59971,3
59972,1
59973,1
59974,1
59975,3
59976,1
59977,2
59978,1
59979,0
59980,2
59981,1
59982,1
59983,2
59984,2
59985,3
59986,4
59987,1
59988,0
59989,4
59990,4
59991,0
59992,2
59993,3
59994,4
59995,1
59996,3
59997,2
59998,3
59999,0
60000,1
60001,3
60002,1
60003,1
60004,4
60005,2
60006,0
60007,0
60008,2
60009,4
60010,3
60011,0
60012,1
60013,0
60014,1
60015,4
60016,1
60017,0
60018,4
60019,1
60020,1
60021,2
60022,1
60023,0
60024,2
60025,2
60026,3
60027,1
60028,3
60029,0
60030,2
60031,2
60032,2
60033,4
60034,2
60035,1
60036,1
60037,3
60038,2
60039,2
60040,0
60041,0
60042,4
60043,0
60044,0
60045,2
60046,3
60047,0
60048,3
60049,4
60050,4
60051,1
60052,3
60053,1
60054,3
60055,0
60056,4
60057,0
60058,2
60059,4
60060,0
60061,1
60062,1
60063,2
60064,0
60065,4
60066,1
60067,3
60068,2
60069,3
60070,0
60071,3
60072,0
60073,0
60074,4
60075,3
60076,4
60077,3
60078,2
60079,1
60080,3
60081,0
60082,3
60083,3
60084,2
60085,2
60086,4
60087,1
60088,3
60089,2
60090,4
60091,2
60092,2
60093,1
60094,2
60095,2
60096,0
60097,0
60098,0
60099,3
60100,1
60101,3
60102,2
60103,3
60104,0
60105,0
60106,3
60107,1
60108,0
60109,4
60110,3
60111,0
60112,2
60113,2
60114,2
60115,3
60116,4
60117,4
60118,0
60119,1
60120,1
60121,3
60122,2
60123,3
60124,0
60125,3
60126,4
60127,3
60128,4
60129,2
60130,4
60131,0
60132,3
60133,3
60134,1
60135,1
60136,1
60137,3
60138,0
60139,0
60140,2
60141,2
60142,4
60143,0
60144,1
60145,2
60146,1
60147,0
60148,0
60149,3
60150,1
60151,4
60152,3
60153,1
60154,3
60155,2
60156,4
60157,2
60158,1
60159,3
60160,3
60161,3
60162,2
60163,0
60164,3
60165,1
60166,0
60167,3
60168,2
60169,1
60170,2
60171,4
60172,0
60173,1
60174,2
60175,3
60176,4
60177,0
60178,1
60179,3
60180,2
60181,2
60182,4
60183,3
60184,4
60185,1
60186,4
60187,1
60188,0
60189,0
60190,2
60191,2
60192,0
60193,4
60194,1
60195,3
60196,1
60197,3
60198,2
60199,4
60200,2
60201,1
60202,2
60203,4
60204,2
60205,0
60206,1
60207,3
60208,0
60209,1
60210,3
60211,1
60212,2
60213,0
60214,2
60215,3
60216,3
60217,2
60218,3
60219,2
60220,2
60221,2
60222,3
60223,4
60224,2
60225,3
60226,3
60227,1
60228,0
60229,4
60230,1
60231,4
60232,0
60233,3
60234,3
60235,1
60236,4
60237,3
60238,1
60239,1
60240,2
60241,2
60242,4
60243,0
60244,3
60245,4
60246,3
60247,2
60248,0
60249,0
60250,4
60251,4
60252,4
60253,1
60254,0
60255,4
60256,1
60257,0
60258,2
60259,4
60260,2
60261,2
60262,0
60263,4
60264,0
60265,3
60266,0
60267,0
60268,0
60269,3
60270,1
60271,1
60272,1
60273,1
60274,3
60275,4
60276,4
60277,0
60278,1
60279,4
60280,3
60281,2
60282,1
60283,4
60284,1
60285,4
60286,1
60287,0
60288,2
60289,2
60290,0
60291,0
60292,1
60293,0
60294,0
60295,0
60296,2
60297,4
60298,2
60299,0
60300,3
60301,2
60302,4
60303,3
60304,3
60305,2
60306,4
60307,1
60308,2
60309,3
60310,1
60311,0
60312,2
60313,0
60314,4
60315,0
60316,0
60317,2
60318,4
60319,1
60320,4
60321,3
60322,2
60323,1
60324,1
60325,0
60326,4
60327,4
60328,0
60329,2
60330,3
60331,0
60332,3
60333,4
60334,3
60335,0
60336,3
60337,1
60338,2
60339,0
60340,4
60341,1
60342,3
60343,0
60344,1
60345,2
60346,2
60347,2
60348,2
60349,4
60350,0
60351,3
60352,3
60353,2
60354,3
60355,4
60356,3
60357,1
60358,0
60359,4
60360,0
60361,1
60362,0
60363,0
60364,0
60365,3
60366,4
60367,3
60368,0
60369,2
60370,0
60371,0
60372,0
60373,0
60374,0
60375,1
60376,0
60377,0
60378,4
60379,0
60380,3
60381,3
60382,4
60383,0
60384,0
60385,1
60386,0
60387,3
60388,0
60389,3
60390,1
60391,1
60392,2
60393,3
60394,1
60395,4
60396,1
60397,4
60398,0
60399,3
60400,3
60401,0
60402,4
60403,0
60404,1
60405,0
60406,3
60407,4
60408,0
60409,4
60410,1
60411,0
60412,2
60413,2
60414,1
60415,1
60416,0
60417,2
60418,3
60419,0
60420,2
60421,4
60422,3
60423,2
60424,3
60425,3
60426,1
60427,4
60428,4
60429,3
60430,4
60431,3
60432,2
60433,3
60434,2
60435,0
60436,0
60437,4
60438,1
60439,1
60440,0
60441,4
60442,2
60443,2
60444,1
60445,4
60446,2
60447,0
60448,1
60449,2
60450,4
60451,0
60452,3
60453,1
60454,2
60455,4
60456,4
60457,0
60458,2
60459,2
60460,2
60461,0
60462,3
60463,0
60464,2
60465,0
60466,4
60467,2
60468,2
60469,0
60470,1
60471,3
60472,2
60473,3
60474,1
60475,0
60476,1
60477,2
60478,1
60479,0
60480,1
60481,0
60482,2
60483,1
60484,1
60485,1
60486,1
60487,2
60488,2
60489,1
60490,0
60491,0
60492,1
60493,2
60494,1
60495,0
60496,0
60497,3
60498,3
60499,0
60500,1
60501,0
60502,1
60503,1
60504,0
60505,2
60506,0
60507,3
60508,0
60509,2
60510,1
60511,4
60512,2
60513,4
60514,0
60515,4
60516,4
60517,3
60518,0
60519,0
60520,4
60521,4
60522,4
60523,3
60524,4
60525,1
60526,3
60527,4
60528,3
60529,2
60530,3
60531,4
60532,0
60533,4
60534,2
60535,4
60536,4
60537,0
60538,2
60539,4
60540,0
60541,2
60542,1
60543,3
60544,3
60545,1
60546,0
60547,0
60548,4
60549,3
60550,3
60551,3
60552,2
60553,2
60554,2
60555,0
60556,3
60557,2
60558,0
60559,3
60560,2
60561,1
60562,0
60563,1
60564,0
60565,0
60566,2
60567,2
60568,4
60569,3
60570,2
60571,2
60572,3
60573,0
60574,0
60575,4
60576,0
60577,2
60578,3
60579,2
60580,3
60581,3
60582,1
60583,2
60584,1
60585,4
60586,4
60587,2
60588,2
60589,3
60590,1
60591,2
60592,4
60593,1
60594,2
60595,2
60596,3
60597,2
60598,3
60599,2
60600,2
60601,4
60602,4
60603,4
60604,2
60605,1
60606,0
60607,3
60608,1
60609,0
60610,3
60611,3
60612,4
60613,1
60614,4
60615,2
60616,4
60617,3
60618,1
60619,1
60620,1
60621,3
60622,2
60623,1
60624,1
60625,1
60626,3
60627,0
60628,3
60629,0
60630,0
60631,3
60632,3
60633,3
60634,0
60635,1
60636,1
60637,0
60638,2
60639,2
60640,1
60641,4
60642,4
60643,1
60644,3
60645,3
60646,1
60647,4
60648,4
60649,0
60650,4
60651,4
60652,2
60653,1
60654,4
60655,4
60656,4
60657,4
60658,0
60659,2
60660,1
60661,4
60662,1
60663,4
60664,1
60665,0
60666,3
60667,1
60668,0
60669,1
60670,3
60671,4
60672,1
60673,3
60674,1
60675,3
60676,0
60677,2
60678,4
60679,1
60680,2
60681,4
60682,2
60683,0
60684,1
60685,2
60686,0
60687,3
60688,1
60689,0
60690,3
60691,0
60692,0
60693,1
60694,2
60695,4
60696,3
60697,2
60698,1
60699,0
60700,2
60701,3
60702,3
60703,3
60704,0
60705,0
60706,0
60707,4
60708,0
60709,1
60710,3
60711,4
60712,3
60713,3
60714,0
60715,3
60716,1
60717,4
60718,4
60719,3
60720,4
60721,1
60722,4
60723,4
60724,0
60725,1
60726,1
60727,0
60728,2
60729,4
60730,0
60731,4
60732,1
60733,4
60734,0
60735,2
60736,1
60737,2
60738,0
60739,2
60740,0
60741,2
60742,4
60743,4
60744,1
60745,1
60746,2
60747,4
60748,0
60749,2
60750,4
60751,2
60752,1
60753,1
60754,3
60755,2
60756,2
60757,0
60758,1
60759,1
60760,0
60761,3
60762,3
60763,1
60764,0
60765,2
60766,1
60767,0
60768,0
60769,3
60770,0
60771,4
60772,2
60773,2
60774,2
60775,2
60776,4
60777,1
60778,4
60779,2
60780,3
60781,2
60782,0
60783,1
60784,3
60785,2
60786,0
60787,0
60788,3
60789,4
60790,1
60791,3
60792,2
60793,1
60794,3
60795,2
60796,3
60797,3
60798,0
60799,3
60800,2
60801,2
60802,4
60803,1
60804,0
60805,1
60806,2
60807,2
60808,0
60809,3
60810,4
60811,2
60812,4
60813,0
60814,2
60815,1
60816,2
60817,1
60818,3
60819,0
60820,1
60821,2
60822,4
60823,3
60824,0
60825,0
60826,4
60827,0
60828,2
60829,0
60830,0
60831,1
60832,1
60833,1
60834,4
60835,2
60836,4
60837,2
60838,1
60839,2
60840,2
60841,2
60842,3
60843,0
60844,3
60845,1
60846,1
60847,1
60848,3
60849,1
60850,3
60851,2
60852,3
60853,3
60854,0
60855,1
60856,3
60857,2
60858,1
60859,4
60860,1
60861,1
60862,0
60863,3
60864,2
60865,2
60866,1
60867,4
60868,0
60869,0
60870,1
60871,4
60872,2
60873,3
60874,2
60875,1
60876,1
60877,1
60878,1
60879,3
60880,3
60881,3
60882,2
60883,3
60884,3
60885,2
60886,2
60887,0
60888,4
60889,4
60890,2
60891,1
60892,0
60893,3
60894,3
60895,0
60896,1
60897,0
60898,0
60899,2
60900,3
60901,1
60902,4
60903,4
60904,4
60905,1
60906,3
60907,2
60908,3
60909,4
60910,4
60911,3
60912,2
60913,4
60914,1
60915,1
60916,0
60917,2
60918,0
60919,0
60920,3
60921,2
60922,1
60923,3
60924,1
60925,0
60926,0
60927,2
60928,1
60929,4
60930,0
60931,1
60932,3
60933,0
60934,3
60935,0
60936,4
60937,0
60938,3
60939,2
60940,3
60941,1
60942,0
60943,1
60944,2
60945,4
60946,2
60947,0
60948,0
60949,4
60950,0
60951,4
60952,3
60953,4
60954,1
60955,3
60956,3
60957,3
60958,2
60959,2
60960,1
60961,4
60962,0
60963,1
60964,1
60965,4
60966,1
60967,1
60968,0
60969,2
60970,0
60971,3
60972,1
60973,1
60974,0
60975,2
60976,2
60977,2
60978,2
60979,0
60980,3
60981,1
60982,2
60983,3
60984,1
60985,1
60986,2
60987,2
60988,0
60989,1
60990,1
60991,1
60992,1
60993,1
60994,2
60995,2
60996,4
60997,4
60998,0
60999,3
61000,0
61001,2
61002,3
61003,0
61004,2
61005,0
61006,1
61007,0
61008,2
61009,2
61010,2
61011,0
61012,1
61013,4
61014,3
61015,0
61016,2
61017,3
61018,0
61019,4
61020,3
61021,1
61022,3
61023,3
61024,0
61025,1
61026,2
61027,4
61028,0
61029,1
61030,3
61031,1
61032,4
61033,2
61034,4
61035,0
61036,4
61037,4
61038,0
61039,1
61040,4
61041,4
61042,4
61043,1
61044,2
61045,0
61046,3
61047,0
61048,0
61049,0
61050,2
61051,1
61052,0
61053,1
61054,4
61055,2
61056,4
61057,2
61058,4
61059,2
61060,1
61061,1
61062,0
61063,0
61064,4
61065,1
61066,4
61067,1
61068,2
61069,4
61070,0
61071,4
61072,0
61073,1
61074,0
61075,3
61076,1
61077,4
61078,0
61079,2
61080,1
61081,1
61082,0
61083,1
61084,2
61085,2
61086,3
61087,2
61088,0
61089,3
61090,4
61091,1
61092,4
61093,0
61094,2
61095,3
61096,0
61097,3
61098,1
61099,4
61100,1
61101,3
61102,2
61103,3
61104,4
61105,3
61106,0
61107,4
61108,1
61109,3
61110,0
61111,2
61112,0
61113,0
61114,3
61115,0
61116,2
61117,0
61118,2
61119,1
61120,4
61121,1
61122,3
61123,1
61124,1
61125,3
61126,2
61127,1
61128,2
61129,0
61130,0
61131,1
61132,2
61133,2
61134,0
61135,2
61136,1
61137,1
61138,0
61139,3
61140,3
61141,3
61142,3
61143,4
61144,0
61145,3
61146,2
61147,3
61148,0
61149,0
61150,1
61151,0
61152,3
61153,2
61154,0
61155,0
61156,1
61157,0
61158,0
61159,3
61160,3
61161,2
61162,0
61163,3
61164,3
61165,0
61166,1
61167,1
61168,4
61169,0
61170,0
61171,1
61172,3
61173,2
61174,0
61175,4
61176,1
61177,4
61178,2
61179,4
61180,0
61181,0
61182,3
61183,0
61184,4
61185,3
61186,1
61187,1
61188,3
61189,1
61190,2
61191,0
61192,4
61193,3
61194,2
61195,1
61196,1
61197,4
61198,4
61199,4
61200,2
61201,0
61202,0
61203,3
61204,0
61205,2
61206,2
61207,1
61208,3
61209,3
61210,4
61211,3
61212,4
61213,0
61214,0
61215,1
61216,3
61217,2
61218,1
61219,1
61220,4
61221,0
61222,3
61223,0
61224,2
61225,1
61226,4
61227,1
61228,0
61229,2
61230,4
61231,2
61232,2
61233,3
61234,2
61235,0
61236,1
61237,3
61238,4
61239,4
61240,1
61241,2
61242,4
61243,0
61244,0
61245,0
61246,1
61247,4
61248,0
61249,0
61250,0
61251,3
61252,3
61253,3
61254,3
61255,3
61256,0
61257,4
61258,1
61259,4
61260,4
61261,4
61262,1
61263,3
61264,3
61265,0
61266,1
61267,4
61268,2
61269,4
61270,0
61271,4
61272,3
61273,1
61274,2
61275,2
61276,4
61277,2
61278,1
61279,1
61280,0
61281,3
61282,2
61283,1
61284,2
61285,0
61286,1
61287,0
61288,2
61289,4
61290,4
61291,1
61292,0
61293,4
61294,2
61295,0
61296,3
61297,0
61298,2
61299,3
61300,2
61301,4
61302,1
61303,4
61304,2
61305,4
61306,4
61307,1
61308,0
61309,2
61310,2
61311,4
61312,0
61313,1
61314,4
61315,3
61316,3
61317,1
61318,2
61319,4
61320,0
61321,2
61322,4
61323,1
61324,2
61325,3
61326,4
61327,2
61328,4
61329,0
61330,4
61331,0
61332,1
61333,3
61334,2
61335,2
61336,2
61337,3
61338,4
61339,2
61340,0
61341,4
61342,1
61343,4
61344,3
61345,4
61346,0
61347,4
61348,1
61349,4
61350,3
61351,0
61352,4
61353,0
61354,2
61355,0
61356,4
61357,0
61358,1
61359,1
61360,0
61361,0
61362,2
61363,0
61364,0
61365,3
61366,1
61367,2
61368,3
61369,4
61370,1
61371,1
61372,1
61373,0
61374,0
61375,4
61376,4
61377,3
61378,2
61379,2
61380,1
61381,2
61382,3
61383,3
61384,2
61385,3
61386,3
61387,4
61388,0
61389,1
61390,0
61391,1
61392,2
61393,1
61394,2
61395,0
61396,2
61397,1
61398,0
61399,1
61400,4
61401,1
61402,2
61403,0
61404,4
61405,4
61406,2
61407,0
61408,3
61409,3
61410,1
61411,2
61412,1
61413,3
61414,3
61415,1
61416,1
61417,3
61418,3
61419,1
61420,1
61421,2
61422,4
61423,2
61424,0
61425,0
61426,4
61427,2
61428,1
61429,2
61430,1
61431,1
61432,0
61433,1
61434,4
61435,3
61436,0
61437,0
61438,3
61439,3
61440,0
61441,2
61442,4
61443,2
61444,0
61445,1
61446,2
61447,1
61448,3
61449,4
61450,0
61451,4
61452,3
61453,3
61454,3
61455,0
61456,1
61457,3
61458,1
61459,2
61460,2
61461,1
61462,0
61463,1
61464,0
61465,0
61466,2
61467,3
61468,0
61469,2
61470,0
61471,1
61472,0
61473,3
61474,2
61475,2
61476,1
61477,2
61478,1
61479,2
61480,1
61481,4
61482,4
61483,4
61484,1
61485,3
61486,1
61487,0
61488,2
61489,4
61490,0
61491,2
61492,0
61493,2
61494,1
61495,3
61496,3
61497,0
61498,2
61499,3
61500,2
61501,2
61502,2
61503,0
61504,3
61505,1
61506,2
61507,0
61508,1
61509,0
61510,3
61511,0
61512,0
61513,2
61514,1
61515,0
61516,0
61517,0
61518,2
61519,2
61520,1
61521,3
61522,4
61523,3
61524,3
61525,2
61526,2
61527,1
61528,3
61529,1
61530,4
61531,0
61532,1
61533,2
61534,3
61535,4
61536,3
61537,0
61538,4
61539,4
61540,1
61541,1
61542,3
61543,3
61544,0
61545,0
61546,2
61547,1
61548,3
61549,3
61550,1
61551,1
61552,0
61553,3
61554,2
61555,3
61556,2
61557,1
61558,0
61559,3
61560,3
61561,3
61562,1
61563,1
61564,4
61565,4
61566,4
61567,2
61568,4
61569,2
61570,2
61571,0
61572,1
61573,1
61574,3
61575,0
61576,0
61577,3
61578,2
61579,1
61580,2
61581,2
61582,3
61583,2
61584,4
61585,0
61586,0
61587,3
61588,2
61589,0
61590,0
61591,1
61592,3
61593,1
61594,2
61595,3
61596,3
61597,3
61598,4
61599,0
61600,0
61601,2
61602,0
61603,1
61604,1
61605,2
61606,1
61607,0
61608,0
61609,4
61610,0
61611,4
61612,4
61613,4
61614,2
61615,1
61616,2
61617,2
61618,1
61619,2
61620,0
61621,4
61622,3
61623,4
61624,2
61625,2
61626,0
61627,4
61628,0
61629,0
61630,4
61631,3
61632,4
61633,1
61634,1
61635,1
61636,2
61637,0
61638,2
61639,2
61640,2
61641,1
61642,3
61643,2
61644,0
61645,2
61646,3
61647,1
61648,4
61649,4
61650,0
61651,4
61652,4
61653,3
61654,0
61655,2
61656,4
61657,1
61658,1
61659,1
61660,0
61661,2
61662,3
61663,1
61664,4
61665,2
61666,2
61667,2
61668,0
61669,3
61670,2
61671,0
61672,3
61673,0
61674,2
61675,0
61676,2
61677,1
61678,3
61679,4
61680,1
61681,1
61682,2
61683,2
61684,3
61685,1
61686,2
61687,2
61688,3
61689,2
61690,3
61691,3
61692,3
61693,1
61694,1
61695,1
61696,0
61697,3
61698,0
61699,0
61700,0
61701,3
61702,3
61703,0
61704,4
61705,0
61706,4
61707,3
61708,3
61709,4
61710,4
61711,1
61712,1
61713,0
61714,2
61715,0
61716,2
61717,3
61718,1
61719,0
61720,2
61721,1
61722,0
61723,1
61724,1
61725,2
61726,4
61727,1
61728,1
61729,1
61730,3
61731,0
61732,1
61733,0
61734,2
61735,1
61736,1
61737,2
61738,3
61739,0
61740,0
61741,3
61742,2
61743,2
61744,2
61745,0
61746,4
61747,0
61748,2
61749,3
61750,1
61751,3
61752,0
61753,4
61754,4
61755,1
61756,0
61757,2
61758,4
61759,2
61760,2
61761,3
61762,1
61763,1
61764,3
61765,4
61766,2
61767,3
61768,0
61769,2
61770,0
61771,3
61772,0
61773,1
61774,1
61775,1
61776,4
61777,3
61778,0
61779,0
61780,4
61781,1
61782,1
61783,4
61784,3
61785,3
61786,2
61787,0
61788,3
61789,2
61790,0
61791,2
61792,0
61793,0
61794,1
61795,1
61796,3
61797,4
61798,0
61799,3
61800,1
61801,4
61802,0
61803,2
61804,3
61805,2
61806,2
61807,1
61808,0
61809,4
61810,1
61811,0
61812,0
61813,3
61814,1
61815,3
61816,2
61817,2
61818,1
61819,0
61820,2
61821,3
61822,2
61823,1
61824,0
61825,4
61826,0
61827,0
61828,0
61829,4
61830,3
61831,3
61832,0
61833,3
61834,2
61835,1
61836,2
61837,3
61838,0
61839,3
61840,3
61841,4
61842,1
61843,0
61844,1
61845,1
61846,2
61847,0
61848,1
61849,1
61850,0
61851,4
61852,0
61853,1
61854,1
61855,1
61856,1
61857,3
61858,0
61859,0
61860,3
61861,1
61862,0
61863,2
61864,4
61865,4
61866,3
61867,1
61868,3
61869,0
61870,3
61871,2
61872,1
61873,4
61874,1
61875,4
61876,3
61877,4
61878,4
61879,1
61880,1
61881,1
61882,3
61883,2
61884,2
61885,4
61886,2
61887,0
61888,1
61889,3
61890,3
61891,2
61892,3
61893,3
61894,4
61895,2
61896,2
61897,3
61898,0
61899,2
61900,3
61901,2
61902,1
61903,3
61904,1
61905,1
61906,1
61907,3
61908,0
61909,3
61910,2
61911,3
61912,2
61913,2
61914,4
61915,0
61916,2
61917,0
61918,1
61919,3
61920,1
61921,0
61922,0
61923,3
61924,0
61925,3
61926,1
61927,4
61928,2
61929,1
61930,2
61931,0
61932,0
61933,0
61934,0
61935,3
61936,2
61937,3
61938,3
61939,0
61940,0
61941,0
61942,4
61943,4
61944,2
61945,0
61946,3
61947,4
61948,0
61949,2
61950,2
61951,4
61952,2
61953,1
61954,4
61955,0
61956,1
61957,4
61958,2
61959,1
61960,1
61961,2
61962,3
61963,2
61964,4
61965,2
61966,0
61967,4
61968,1
61969,3
61970,4
61971,1
61972,3
61973,0
61974,0
61975,0
61976,3
61977,1
61978,4
61979,2
61980,0
61981,3
61982,0
61983,2
61984,0
61985,3
61986,1
61987,2
61988,4
61989,0
61990,1
61991,0
61992,1
61993,1
61994,4
61995,0
61996,2
61997,4
61998,2
61999,1
62000,2
62001,0
62002,2
62003,3
62004,0
62005,3
62006,1
62007,2
62008,1
62009,2
62010,2
62011,3
62012,0
62013,1
62014,4
62015,2
62016,0
62017,0
62018,0
62019,0
62020,2
62021,1
62022,0
62023,2
62024,1
62025,0
62026,2
62027,0
62028,3
62029,0
62030,4
62031,4
62032,3
62033,4
62034,4
62035,1
62036,2
62037,2
62038,2
62039,4
62040,4
62041,1
62042,1
62043,3
62044,2
62045,4
62046,0
62047,1
62048,0
62049,0
62050,2
62051,0
62052,3
62053,0
62054,1
62055,4
62056,3
62057,1
62058,3
62059,3
62060,4
62061,1
62062,1
62063,3
62064,2
62065,0
62066,4
62067,4
62068,2
62069,0
62070,4
62071,2
62072,2
62073,0
62074,0
62075,1
62076,0
62077,3
62078,1
62079,3
62080,4
62081,3
62082,1
62083,4
62084,0
62085,1
62086,4
62087,3
62088,2
62089,1
62090,4
62091,1
62092,0
62093,3
62094,0
62095,3
62096,3
62097,4
62098,1
62099,0
62100,0
62101,2
62102,4
62103,3
62104,4
62105,3
62106,1
62107,2
62108,1
62109,2
62110,2
62111,2
62112,1
62113,3
62114,1
62115,0
62116,2
62117,2
62118,2
62119,3
62120,3
62121,2
62122,4
62123,1
62124,4
62125,3
62126,3
62127,2
62128,1
62129,0
62130,3
62131,0
62132,4
62133,2
62134,2
62135,0
62136,3
62137,0
62138,3
62139,1
62140,2
62141,1
62142,4
62143,3
62144,2
62145,0
62146,2
62147,0
62148,0
62149,1
62150,1
62151,0
62152,2
62153,0
62154,2
62155,0
62156,2
62157,1
62158,0
62159,2
62160,1
62161,4
62162,3
62163,1
62164,0
62165,4
62166,2
62167,1
62168,3
62169,4
62170,1
62171,3
62172,2
62173,0
62174,4
62175,3
62176,1
62177,2
62178,4
62179,3
62180,0
62181,4
62182,3
62183,2
62184,4
62185,0
62186,3
62187,0
62188,0
62189,4
62190,3
62191,2
62192,1
62193,0
62194,1
62195,2
62196,3
62197,1
62198,3
62199,2
62200,0
62201,0
62202,4
62203,1
62204,1
62205,2
62206,2
62207,4
62208,3
62209,3
62210,0
62211,0
62212,0
62213,3
62214,3
62215,0
62216,4
62217,3
62218,4
62219,3
62220,0
62221,0
62222,0
62223,3
62224,4
62225,4
62226,3
62227,0
62228,3
62229,4
62230,3
62231,3
62232,4
62233,2
62234,3
62235,2
62236,4
62237,0
62238,1
62239,3
62240,3
62241,4
62242,2
62243,4
62244,4
62245,1
62246,1
62247,2
62248,2
62249,2
62250,0
62251,2
62252,1
62253,3
62254,2
62255,0
62256,3
62257,1
62258,3
62259,3
62260,2
62261,1
62262,3
62263,1
62264,1
62265,2
62266,0
62267,3
62268,1
62269,4
62270,0
62271,3
62272,4
62273,1
62274,2
62275,4
62276,2
62277,1
62278,4
62279,1
62280,4
62281,1
62282,3
62283,1
62284,4
62285,3
62286,2
62287,4
62288,2
62289,3
62290,1
62291,3
62292,3
62293,2
62294,3
62295,1
62296,1
62297,0
62298,1
62299,3
62300,4
62301,2
62302,2
62303,0
62304,4
62305,2
62306,2
62307,1
62308,2
62309,3
62310,3
62311,1
62312,3
62313,2
62314,2
62315,2
62316,2
62317,1
62318,0
62319,4
62320,3
62321,1
62322,1
62323,4
62324,2
62325,4
62326,4
62327,1
62328,1
62329,3
62330,1
62331,2
62332,2
62333,0
62334,2
62335,3
62336,3
62337,1
62338,0
62339,2
62340,0
62341,0
62342,3
62343,3
62344,0
62345,0
62346,1
62347,2
62348,3
62349,4
62350,3
62351,3
62352,1
62353,3
62354,2
62355,1
62356,2
62357,3
62358,3
62359,4
62360,2
62361,4
62362,3
62363,2
62364,1
62365,1
62366,3
62367,1
62368,0
62369,3
62370,4
62371,0
62372,3
62373,2
62374,4
62375,0
62376,0
62377,1
62378,0
62379,1
62380,2
62381,1
62382,0
62383,2
62384,1
62385,3
62386,0
62387,3
62388,0
62389,0
62390,3
62391,3
62392,0
62393,2
62394,0
62395,1
62396,3
62397,3
62398,2
62399,4
62400,3
62401,2
62402,1
62403,4
62404,3
62405,4
62406,3
62407,2
62408,3
62409,1
62410,0
62411,2
62412,3
62413,3
62414,3
62415,3
62416,1
62417,4
62418,1
62419,4
62420,3
62421,2
62422,2
62423,0
62424,2
62425,0
62426,1
62427,1
62428,1
62429,1
62430,3
62431,4
62432,1
62433,3
62434,1
62435,2
62436,0
62437,2
62438,2
62439,2
62440,3
62441,3
62442,1
62443,1
62444,0
62445,4
62446,2
62447,2
62448,3
62449,1
62450,4
62451,4
62452,2
62453,0
62454,1
62455,4
62456,4
62457,0
62458,4
62459,4
62460,3
62461,0
62462,2
62463,2
62464,1
62465,4
62466,1
62467,4
62468,2
62469,0
62470,1
62471,1
62472,4
62473,2
62474,0
62475,1
62476,0
62477,1
62478,2
62479,0
62480,4
62481,0
62482,2
62483,2
62484,0
62485,0
62486,3
62487,3
62488,2
62489,0
62490,2
62491,2
62492,4
62493,4
62494,3
62495,3
62496,4
62497,3
62498,0
62499,4
62500,3
62501,2
62502,0
62503,4
62504,2
62505,0
62506,3
62507,1
62508,2
62509,0
62510,1
62511,2
62512,2
62513,3
62514,2
62515,4
62516,1
62517,0
62518,3
62519,1
62520,1
62521,3
62522,0
62523,0
62524,2
62525,3
62526,3
62527,1
62528,0
62529,1
62530,3
62531,1
62532,3
62533,1
62534,1
62535,0
62536,0
62537,1
62538,2
62539,2
62540,4
62541,0
62542,3
62543,0
62544,3
62545,3
62546,0
62547,4
62548,2
62549,1
62550,1
62551,3
62552,1
62553,3
62554,1
62555,3
62556,0
62557,2
62558,0
62559,0
62560,1
62561,1
62562,1
62563,3
62564,2
62565,3
62566,2
62567,1
62568,0
62569,2
62570,1
62571,0
62572,0
62573,4
62574,3
62575,1
62576,4
62577,1
62578,3
62579,1
62580,2
62581,0
62582,4
62583,2
62584,1
62585,0
62586,2
62587,1
62588,3
62589,3
62590,3
62591,4
62592,1
62593,3
62594,0
62595,3
62596,4
62597,2
62598,1
62599,2
62600,1
62601,3
62602,4
62603,0
62604,2
62605,4
62606,1
62607,0
62608,3
62609,0
62610,4
62611,2
62612,0
62613,2
62614,4
62615,0
62616,3
62617,1
62618,2
62619,2
62620,3
62621,4
62622,0
62623,2
62624,2
62625,2
62626,2
62627,2
62628,1
62629,1
62630,1
62631,3
62632,1
62633,2
62634,1
62635,0
62636,2
62637,4
62638,2
62639,3
62640,0
62641,2
62642,0
62643,2
62644,0
62645,2
62646,3
62647,0
62648,2
62649,0
62650,1
62651,3
62652,2
62653,2
62654,3
62655,4
62656,4
62657,3
62658,4
62659,1
62660,0
62661,1
62662,0
62663,2
62664,1
62665,3
62666,3
62667,4
62668,1
62669,4
62670,4
62671,3
62672,0
62673,2
62674,3
62675,0
62676,3
62677,3
62678,1
62679,4
62680,1
62681,3
62682,1
62683,2
62684,3
62685,0
62686,1
62687,0
62688,2
62689,1
62690,4
62691,1
62692,1
62693,0
62694,1
62695,1
62696,1
62697,0
62698,1
62699,0
62700,1
62701,2
62702,4
62703,0
62704,2
62705,2
62706,1
62707,1
62708,3
62709,2
62710,0
62711,3
62712,1
62713,0
62714,4
62715,3
62716,0
62717,3
62718,2
62719,3
62720,0
62721,1
62722,0
62723,0
62724,0
62725,1
62726,1
62727,2
62728,2
62729,2
62730,1
62731,0
62732,0
62733,1
62734,1
62735,2
62736,2
62737,3
62738,2
62739,4
62740,0
62741,4
62742,2
62743,0
62744,1
62745,0
62746,0
62747,3
62748,1
62749,0
62750,0
62751,2
62752,3
62753,0
62754,0
62755,2
62756,4
62757,4
62758,0
62759,4
62760,2
62761,4
62762,1
62763,0
62764,2
62765,3
62766,2
62767,2
62768,2
62769,2
62770,1
62771,4
62772,2
62773,2
62774,3
62775,0
62776,2
62777,2
62778,2
62779,4
62780,1
62781,3
62782,3
62783,0
62784,0
62785,0
62786,3
62787,3
62788,1
62789,4
62790,3
62791,0
62792,1
62793,2
62794,2
62795,1
62796,0
62797,4
62798,4
62799,3
62800,2
62801,0
62802,0
62803,0
62804,0
62805,2
62806,4
62807,4
62808,3
62809,3
62810,1
62811,2
62812,4
62813,0
62814,0
62815,4
62816,0
62817,0
62818,0
62819,3
62820,1
62821,0
62822,0
62823,0
62824,2
62825,2
62826,0
62827,0
62828,2
62829,1
62830,0
62831,3
62832,0
62833,2
62834,2
62835,3
62836,4
62837,2
62838,2
62839,2
62840,4
62841,0
62842,3
62843,3
62844,1
62845,3
62846,4
62847,0
62848,0
62849,0
62850,0
62851,0
62852,3
62853,3
62854,4
62855,1
62856,2
62857,3
62858,1
62859,2
62860,1
62861,0
62862,2
62863,2
62864,3
62865,0
62866,4
62867,4
62868,1
62869,1
62870,4
62871,2
62872,1
62873,2
62874,3
62875,1
62876,1
62877,3
62878,2
62879,1
62880,0
62881,0
62882,1
62883,1
62884,0
62885,1
62886,0
62887,1
62888,0
62889,2
62890,4
62891,4
62892,2
62893,2
62894,0
62895,0
62896,0
62897,3
62898,1
62899,0
62900,3
62901,2
62902,1
62903,3
62904,3
62905,3
62906,0
62907,3
62908,1
62909,1
62910,3
62911,1
62912,3
62913,0
62914,3
62915,2
62916,3
62917,2
62918,3
62919,3
62920,4
62921,1
62922,1
62923,0
62924,1
62925,0
62926,4
62927,0
62928,1
62929,3
62930,0
62931,2
62932,1
62933,1
62934,2
62935,3
62936,2
62937,1
62938,1
62939,2
62940,3
62941,4
62942,3
62943,0
62944,4
62945,4
62946,3
62947,1
62948,1
62949,1
62950,4
62951,3
62952,1
62953,2
62954,4
62955,1
62956,4
62957,3
62958,1
62959,1
62960,0
62961,3
62962,0
62963,3
62964,1
62965,1
62966,0
62967,4
62968,2
62969,2
62970,0
62971,3
62972,1
62973,1
62974,3
62975,0
62976,4
62977,1
62978,1
62979,3
62980,3
62981,1
62982,4
62983,2
62984,3
62985,4
62986,1
62987,4
62988,0
62989,3
62990,4
62991,2
62992,3
62993,4
62994,1
62995,3
62996,0
62997,1
62998,4
62999,2
63000,0
63001,0
63002,1
63003,0
63004,1
63005,2
63006,3
63007,4
63008,0
63009,2
63010,2
63011,2
63012,1
63013,2
63014,0
63015,0
63016,1
63017,4
63018,1
63019,3
63020,2
63021,4
63022,2
63023,1
63024,3
63025,2
63026,1
63027,3
63028,3
63029,1
63030,2
63031,4
63032,1
63033,3
63034,4
63035,1
63036,1
63037,1
63038,2
63039,1
63040,0
63041,0
63042,2
63043,0
63044,4
63045,1
63046,0
63047,2
63048,2
63049,3
63050,2
63051,1
63052,0
63053,2
63054,2
63055,2
63056,4
63057,2
63058,3
63059,4
63060,0
63061,3
63062,3
63063,2
63064,2
63065,4
63066,2
63067,1
63068,1
63069,2
63070,3
63071,3
63072,0
63073,3
63074,4
63075,1
63076,3
63077,2
63078,0
63079,0
63080,1
63081,4
63082,0
63083,3
63084,4
63085,1
63086,4
63087,0
63088,0
63089,0
63090,1
63091,2
63092,0
63093,4
63094,1
63095,2
63096,4
63097,2
63098,4
63099,3
63100,1
63101,1
63102,1
63103,4
63104,3
63105,1
63106,3
63107,0
63108,0
63109,1
63110,1
63111,4
63112,2
63113,3
63114,0
63115,3
63116,3
63117,0
63118,2
63119,2
63120,1
63121,3
63122,2
63123,2
63124,2
63125,0
63126,0
63127,3
63128,2
63129,2
63130,0
63131,1
63132,3
63133,0
63134,2
63135,3
63136,4
63137,2
63138,0
63139,3
63140,2
63141,4
63142,4
63143,2
63144,2
63145,2
63146,0
63147,0
63148,2
63149,1
63150,2
63151,1
63152,1
63153,2
63154,3
63155,3
63156,0
63157,4
63158,0
63159,4
63160,1
63161,0
63162,2
63163,2
63164,2
63165,2
63166,0
63167,0
63168,1
63169,2
63170,3
63171,1
63172,3
63173,4
63174,4
63175,2
63176,1
63177,0
63178,1
63179,0
63180,2
63181,0
63182,1
63183,3
63184,2
63185,0
63186,0
63187,0
63188,4
63189,0
63190,1
63191,2
63192,4
63193,0
63194,4
63195,0
63196,1
63197,4
63198,4
63199,4
63200,0
63201,0
63202,0
63203,3
63204,0
63205,0
63206,1
63207,4
63208,3
63209,0
63210,2
63211,0
63212,2
63213,1
63214,1
63215,4
63216,1
63217,1
63218,3
63219,2
63220,3
63221,0
63222,3
63223,1
63224,2
63225,3
63226,4
63227,0
63228,2
63229,0
63230,1
63231,2
63232,1
63233,0
63234,2
63235,0
63236,1
63237,1
63238,2
63239,3
63240,3
63241,4
63242,0
63243,0
63244,1
63245,0
63246,3
63247,3
63248,4
63249,0
63250,2
63251,3
63252,0
63253,3
63254,1
63255,2
63256,0
63257,1
63258,1
63259,1
63260,2
63261,4
63262,2
63263,3
63264,1
63265,2
63266,2
63267,1
63268,2
63269,4
63270,3
63271,1
63272,4
63273,0
63274,2
63275,1
63276,0
63277,0
63278,0
63279,2
63280,4
63281,1
63282,3
63283,1
63284,3
63285,0
63286,0
63287,0
63288,2
63289,2
63290,3
63291,0
63292,1
63293,4
63294,0
63295,1
63296,1
63297,0
63298,4
63299,3
63300,3
63301,4
63302,0
63303,3
63304,1
63305,1
63306,2
63307,0
63308,0
63309,1
63310,1
63311,0
63312,2
63313,0
63314,3
63315,1
63316,2
63317,1
63318,2
63319,3
63320,3
63321,3
63322,2
63323,3
63324,3
63325,0
63326,3
63327,0
63328,2
63329,2
63330,1
63331,0
63332,3
63333,4
63334,1
63335,0
63336,1
63337,0
63338,4
63339,0
63340,4
63341,1
63342,0
63343,0
63344,2
63345,1
63346,4
63347,3
63348,1
63349,1
63350,1
63351,2
63352,1
63353,3
63354,4
63355,0
63356,0
63357,3
63358,1
63359,4
63360,2
63361,4
63362,3
63363,4
63364,2
63365,4
63366,2
63367,2
63368,0
63369,1
63370,1
63371,2
63372,4
63373,1
63374,0
63375,1
63376,1
63377,2
63378,1
63379,2
63380,1
63381,0
63382,0
63383,2
63384,4
63385,1
63386,2
63387,1
63388,2
63389,0
63390,4
63391,4
63392,3
63393,3
63394,0
63395,4
63396,2
63397,4
63398,1
63399,0
63400,1
63401,0
63402,3
63403,1
63404,4
63405,0
63406,4
63407,1
63408,0
63409,2
63410,4
63411,0
63412,1
63413,2
63414,0
63415,2
63416,1
63417,3
63418,0
63419,3
63420,0
63421,1
63422,1
63423,3
63424,4
63425,1
63426,1
63427,3
63428,4
63429,2
63430,0
63431,1
63432,1
63433,0
63434,2
63435,3
63436,0
63437,2
63438,1
63439,3
63440,4
63441,3
63442,1
63443,3
63444,1
63445,1
63446,2
63447,4
63448,0
63449,0
63450,4
63451,1
63452,1
63453,1
63454,4
63455,2
63456,1
63457,4
63458,4
63459,4
63460,0
63461,1
63462,2
63463,0
63464,4
63465,0
63466,4
63467,1
63468,0
63469,2
63470,3
63471,1
63472,1
63473,4
63474,1
63475,4
63476,0
63477,1
63478,3
63479,4
63480,1
63481,2
63482,3
63483,2
63484,2
63485,0
63486,0
63487,3
63488,1
63489,3
63490,4
63491,2
63492,2
63493,3
63494,3
63495,4
63496,3
63497,2
63498,3
63499,4
63500,4
63501,1
63502,3
63503,3
63504,3
63505,1
63506,0
63507,2
63508,4
63509,0
63510,4
63511,0
63512,0
63513,4
63514,1
63515,0
63516,2
63517,0
63518,0
63519,2
63520,2
63521,0
63522,3
63523,3
63524,1
63525,1
63526,0
63527,2
63528,4
63529,3
63530,4
63531,3
63532,0
63533,0
63534,2
63535,1
63536,0
63537,0
63538,0
63539,2
63540,1
63541,2
63542,4
63543,3
63544,3
63545,1
63546,2
63547,1
63548,2
63549,3
63550,3
63551,1
63552,2
63553,0
63554,2
63555,4
63556,0
63557,0
63558,4
63559,4
63560,4
63561,0
63562,4
63563,0
63564,4
63565,0
63566,0
63567,0
63568,2
63569,4
63570,4
63571,2
63572,4
63573,0
63574,0
63575,2
63576,3
63577,3
63578,3
63579,0
63580,0
63581,1
63582,1
63583,1
63584,0
63585,4
63586,2
63587,0
63588,2
63589,4
63590,1
63591,0
63592,2
63593,2
63594,4
63595,2
63596,2
63597,1
63598,0
63599,0
63600,1
63601,4
63602,2
63603,3
63604,3
63605,1
63606,1
63607,3
63608,0
63609,4
63610,1
63611,2
63612,2
63613,1
63614,1
63615,3
63616,3
63617,3
63618,4
63619,3
63620,4
63621,0
63622,2
63623,0
63624,2
63625,1
63626,1
63627,2
63628,2
63629,4
63630,1
63631,4
63632,4
63633,0
63634,0
63635,4
63636,2
63637,4
63638,4
63639,1
63640,1
63641,2
63642,3
63643,1
63644,1
63645,1
63646,2
63647,0
63648,2
63649,3
63650,2
63651,0
63652,2
63653,3
63654,0
63655,3
63656,1
63657,0
63658,3
63659,1
63660,2
63661,0
63662,1
63663,1
63664,3
63665,1
63666,2
63667,1
63668,4
63669,3
63670,4
63671,2
63672,1
63673,0
63674,2
63675,1
63676,1
63677,4
63678,1
63679,3
63680,3
63681,1
63682,2
63683,0
63684,1
63685,1
63686,0
63687,1
63688,4
63689,0
63690,0
63691,3
63692,3
63693,0
63694,1
63695,2
63696,0
63697,0
63698,1
63699,0
63700,3
63701,0
63702,2
63703,3
63704,0
63705,0
63706,4
63707,0
63708,4
63709,4
63710,1
63711,3
63712,2
63713,0
63714,1
63715,1
63716,3
63717,3
63718,1
63719,1
63720,1
63721,2
63722,2
63723,0
63724,4
63725,0
63726,2
63727,1
63728,4
63729,4
63730,3
63731,2
63732,1
63733,3
63734,3
63735,0
63736,1
63737,0
63738,1
63739,3
63740,1
63741,2
63742,3
63743,0
63744,0
63745,0
63746,0
63747,4
63748,3
63749,3
63750,0
63751,3
63752,4
63753,0
63754,2
63755,2
63756,3
63757,4
63758,0
63759,0
63760,1
63761,2
63762,2
63763,0
63764,1
63765,2
63766,2
63767,4
63768,0
63769,2
63770,1
63771,2
63772,0
63773,0
63774,2
63775,1
63776,0
63777,3
63778,0
63779,0
63780,3
63781,1
63782,4
63783,0
63784,3
63785,3
63786,3
63787,0
63788,0
63789,0
63790,4
63791,0
63792,4
63793,0
63794,2
63795,1
63796,1
63797,1
63798,4
63799,3
63800,3
63801,1
63802,2
63803,1
63804,1
63805,0
63806,2
63807,3
63808,2
63809,2
63810,4
63811,1
63812,0
63813,0
63814,3
63815,0
63816,4
63817,1
63818,4
63819,3
63820,3
63821,4
63822,2
63823,0
63824,2
63825,3
63826,1
63827,0
63828,3
63829,1
63830,3
63831,2
63832,2
63833,0
63834,4
63835,2
63836,1
63837,0
63838,4
63839,3
63840,4
63841,1
63842,4
63843,4
63844,0
63845,3
63846,1
63847,0
63848,1
63849,3
63850,4
63851,0
63852,0
63853,4
63854,0
63855,4
63856,0
63857,1
63858,3
63859,1
63860,4
63861,0
63862,2
63863,0
63864,0
63865,1
63866,3
63867,2
63868,2
63869,4
63870,4
63871,3
63872,0
63873,2
63874,3
63875,2
63876,2
63877,3
63878,2
63879,3
63880,0
63881,3
63882,0
63883,0
63884,2
63885,2
63886,2
63887,4
63888,2
63889,2
63890,1
63891,3
63892,4
63893,3
63894,4
63895,2
63896,2
63897,0
63898,1
63899,2
63900,2
63901,2
63902,3
63903,3
63904,0
63905,1
63906,0
63907,3
63908,1
63909,4
63910,2
63911,2
63912,2
63913,3
63914,1
63915,4
63916,1
63917,1
63918,4
63919,1
63920,4
63921,2
63922,1
63923,4
63924,1
63925,1
63926,4
63927,2
63928,2
63929,4
63930,4
63931,4
63932,1
63933,0
63934,1
63935,3
63936,0
63937,3
63938,4
63939,4
63940,1
63941,2
63942,0
63943,4
63944,1
63945,3
63946,1
63947,2
63948,3
63949,2
63950,4
63951,2
63952,4
63953,0
63954,2
63955,4
63956,4
63957,2
63958,1
63959,1
63960,4
63961,3
63962,4
63963,4
63964,1
63965,4
63966,4
63967,3
63968,1
63969,3
63970,2
63971,0
63972,2
63973,2
63974,1
63975,4
63976,2
63977,4
63978,3
63979,1
63980,0
63981,0
63982,0
63983,3
63984,1
63985,0
63986,0
63987,4
63988,0
63989,0
63990,1
63991,2
63992,2
63993,3
63994,4
63995,3
63996,4
63997,1
63998,4
63999,3
64000,2
64001,0
64002,2
64003,2
64004,4
64005,0
64006,4
64007,4
64008,0
64009,0
64010,1
64011,2
64012,0
64013,0
64014,3
64015,4
64016,1
64017,3
64018,2
64019,0
64020,4
64021,4
64022,3
64023,1
64024,1
64025,2
64026,4
64027,3
64028,1
64029,3
64030,2
64031,3
64032,2
64033,2
64034,0
64035,2
64036,0
64037,0
64038,0
64039,2
64040,4
64041,1
64042,2
64043,1
64044,2
64045,3
64046,3
64047,1
64048,1
64049,1
64050,2
64051,3
64052,4
64053,0
64054,3
64055,0
64056,1
64057,1
64058,1
64059,2
64060,2
64061,2
64062,2
64063,1
64064,2
64065,2
64066,1
64067,1
64068,0
64069,2
64070,1
64071,4
64072,1
64073,1
64074,2
64075,4
64076,1
64077,3
64078,0
64079,0
64080,2
64081,3
64082,2
64083,1
64084,1
64085,2
64086,1
64087,0
64088,0
64089,0
64090,0
64091,0
64092,0
64093,4
64094,1
64095,0
64096,4
64097,2
64098,2
64099,2
64100,0
64101,0
64102,3
64103,4
64104,3
64105,2
64106,3
64107,4
64108,1
64109,2
64110,3
64111,2
64112,2
64113,3
64114,1
64115,2
64116,1
64117,3
64118,1
64119,0
64120,0
64121,2
64122,0
64123,3
64124,2
64125,4
64126,1
64127,3
64128,1
64129,0
64130,1
64131,0
64132,2
64133,0
64134,3
64135,1
64136,4
64137,0
64138,0
64139,2
64140,2
64141,2
64142,0
64143,4
64144,1
64145,2
64146,2
64147,1
64148,4
64149,2
64150,0
64151,3
64152,0
64153,0
64154,1
64155,2
64156,3
64157,2
64158,2
64159,2
64160,2
64161,1
64162,0
64163,1
64164,4
64165,3
64166,4
64167,1
64168,4
64169,2
64170,0
64171,0
64172,1
64173,2
64174,1
64175,0
64176,2
64177,3
64178,3
64179,3
64180,2
64181,0
64182,2
64183,1
64184,0
64185,0
64186,3
64187,2
64188,2
64189,3
64190,4
64191,3
64192,0
64193,2
64194,2
64195,2
64196,4
64197,3
64198,4
64199,1
64200,1
64201,0
64202,2
64203,0
64204,3
64205,2
64206,3
64207,4
64208,3
64209,1
64210,4
64211,3
64212,2
64213,0
64214,4
64215,4
64216,4
64217,1
64218,1
64219,2
64220,3
64221,1
64222,2
64223,4
64224,2
64225,3
64226,2
64227,4
64228,2
64229,2
64230,2
64231,2
64232,3
64233,1
64234,2
64235,2
64236,1
64237,1
64238,4
64239,3
64240,2
64241,1
64242,0
64243,3
64244,4
64245,2
64246,1
64247,4
64248,2
64249,1
64250,0
64251,3
64252,4
64253,1
64254,0
64255,0
64256,1
64257,0
64258,0
64259,1
64260,2
64261,3
64262,0
64263,0
64264,2
64265,3
64266,0
64267,4
64268,3
64269,0
64270,1
64271,4
64272,1
64273,2
64274,0
64275,2
64276,3
64277,3
64278,0
64279,4
64280,3
64281,4
64282,3
64283,1
64284,4
64285,0
64286,0
64287,2
64288,2
64289,0
64290,2
64291,4
64292,2
64293,3
64294,0
64295,3
64296,3
64297,4
64298,0
64299,4
64300,2
64301,3
64302,4
64303,2
64304,3
64305,0
64306,0
64307,3
64308,3
64309,2
64310,4
64311,0
64312,0
64313,2
64314,3
64315,3
64316,3
64317,1
64318,4
64319,0
64320,3
64321,2
64322,1
64323,1
64324,1
64325,2
64326,1
64327,1
64328,4
64329,1
64330,4
64331,0
64332,4
64333,1
64334,2
64335,0
64336,1
64337,1
64338,0
64339,2
64340,1
64341,2
64342,2
64343,1
64344,0
64345,4
64346,3
64347,2
64348,0
64349,3
64350,0
64351,4
64352,3
64353,1
64354,4
64355,4
64356,2
64357,3
64358,1
64359,2
64360,2
64361,1
64362,1
64363,2
64364,1
64365,1
64366,2
64367,3
64368,3
64369,2
64370,2
64371,2
64372,0
64373,2
64374,2
64375,2
64376,2
64377,3
64378,0
64379,3
64380,1
64381,4
64382,4
64383,0
64384,1
64385,2
64386,4
64387,3
64388,4
64389,3
64390,0
64391,1
64392,1
64393,4
64394,1
64395,1
64396,4
64397,1
64398,0
64399,0
64400,0
64401,1
64402,0
64403,1
64404,3
64405,1
64406,1
64407,1
64408,4
64409,2
64410,1
64411,4
64412,4
64413,3
64414,3
64415,4
64416,3
64417,2
64418,1
64419,3
64420,2
64421,2
64422,2
64423,1
64424,0
64425,4
64426,4
64427,0
64428,0
64429,4
64430,1
64431,1
64432,2
64433,1
64434,2
64435,2
64436,2
64437,4
64438,0
64439,0
64440,3
64441,4
64442,2
64443,1
64444,1
64445,4
64446,1
64447,1
64448,0
64449,1
64450,4
64451,2
64452,1
64453,2
64454,4
64455,3
64456,2
64457,1
64458,3
64459,0
64460,2
64461,0
64462,0
64463,1
64464,1
64465,3
64466,4
64467,1
64468,1
64469,4
64470,0
64471,0
64472,1
64473,0
64474,2
64475,0
64476,3
64477,4
64478,3
64479,1
64480,1
64481,3
64482,2
64483,2
64484,1
64485,1
64486,4
64487,1
64488,3
64489,0
64490,0
64491,2
64492,4
64493,3
64494,4
64495,1
64496,3
64497,3
64498,4
64499,2
64500,4
64501,0
64502,1
64503,0
64504,1
64505,0
64506,1
64507,4
64508,2
64509,1
64510,2
64511,1
64512,1
64513,3
64514,2
64515,1
64516,2
64517,0
64518,0
64519,1
64520,0
64521,3
64522,2
64523,1
64524,0
64525,0
64526,2
64527,1
64528,3
64529,0
64530,1
64531,3
64532,0
64533,0
64534,0
64535,1
64536,0
64537,4
64538,2
64539,0
64540,0
64541,0
64542,3
64543,1
64544,3
64545,0
64546,1
64547,1
64548,1
64549,4
64550,0
64551,2
64552,0
64553,3
64554,4
64555,2
64556,0
64557,2
64558,2
64559,3
64560,2
64561,1
64562,0
64563,1
64564,3
64565,4
64566,3
64567,2
64568,1
64569,2
64570,0
64571,4
64572,2
64573,1
64574,2
64575,0
64576,2
64577,4
64578,0
64579,3
64580,0
64581,0
64582,3
64583,2
64584,0
64585,2
64586,2
64587,4
64588,2
64589,0
64590,1
64591,0
64592,4
64593,3
64594,1
64595,2
64596,0
64597,0
64598,0
64599,4
64600,1
64601,0
64602,3
64603,0
64604,1
64605,3
64606,3
64607,2
64608,3
64609,0
64610,4
64611,3
64612,3
64613,2
64614,4
64615,4
64616,2
64617,3
64618,2
64619,2
64620,3
64621,0
64622,4
64623,1
64624,4
64625,3
64626,0
64627,0
64628,0
64629,3
64630,2
64631,3
64632,3
64633,2
64634,3
64635,1
64636,4
64637,0
64638,0
64639,0
64640,1
64641,4
64642,1
64643,1
64644,3
64645,0
64646,2
64647,0
64648,1
64649,1
64650,3
64651,1
64652,2
64653,0
64654,3
64655,3
64656,2
64657,0
64658,4
64659,1
64660,2
64661,0
64662,0
64663,3
64664,1
64665,0
64666,1
64667,2
64668,3
64669,2
64670,2
64671,3
64672,1
64673,2
64674,0
64675,2
64676,0
64677,1
64678,0
64679,1
64680,4
64681,1
64682,1
64683,3
64684,0
64685,1
64686,3
64687,1
64688,2
64689,1
64690,2
64691,1
64692,1
64693,1
64694,2
64695,4
64696,1
64697,3
64698,4
64699,4
64700,1
64701,3
64702,0
64703,1
64704,0
64705,1
64706,2
64707,1
64708,3
64709,1
64710,2
64711,2
64712,3
64713,0
64714,0
64715,1
64716,2
64717,0
64718,2
64719,2
64720,2
64721,0
64722,0
64723,3
64724,3
64725,0
64726,2
64727,2
64728,1
64729,3
64730,3
64731,4
64732,2
64733,1
64734,3
64735,2
64736,3
64737,3
64738,2
64739,4
64740,3
64741,0
64742,3
64743,0
64744,1
64745,1
64746,3
64747,2
64748,0
64749,4
64750,3
64751,3
64752,2
64753,4
64754,0
64755,3
64756,1
64757,0
64758,3
64759,2
64760,3
64761,3
64762,3
64763,2
64764,0
64765,1
64766,2
64767,2
64768,1
64769,4
64770,3
64771,2
64772,3
64773,3
64774,4
64775,4
64776,1
64777,1
64778,2
64779,1
64780,2
64781,1
64782,0
64783,2
64784,3
64785,2
64786,2
64787,2
64788,0
64789,3
64790,2
64791,2
64792,3
64793,3
64794,3
64795,3
64796,0
64797,0
64798,2
64799,1
64800,0
64801,3
64802,0
64803,1
64804,3
64805,2
64806,4
64807,2
64808,3
64809,1
64810,1
64811,1
64812,1
64813,2
64814,0
64815,2
64816,4
64817,1
64818,2
64819,3
64820,1
64821,2
64822,0
64823,0
64824,0
64825,4
64826,1
64827,4
64828,3
64829,1
64830,4
64831,2
64832,0
64833,1
64834,1
64835,4
64836,2
64837,3
64838,2
64839,1
64840,1
64841,0
64842,2
64843,3
64844,4
64845,4
64846,3
64847,3
64848,1
64849,1
64850,1
64851,4
64852,4
64853,4
64854,1
64855,0
64856,2
64857,0
64858,0
64859,3
64860,2
64861,4
64862,3
64863,1
64864,2
64865,1
64866,0
64867,2
64868,0
64869,2
64870,3
64871,0
64872,2
64873,0
64874,2
64875,1
64876,4
64877,2
64878,0
64879,1
64880,4
64881,0
64882,1
64883,0
64884,1
64885,0
64886,0
64887,2
64888,2
64889,0
64890,1
64891,2
64892,2
64893,4
64894,3
64895,1
64896,2
64897,0
64898,1
64899,1
64900,1
64901,1
64902,0
64903,1
64904,3
64905,3
64906,0
64907,4
64908,0
64909,0
64910,3
64911,1
64912,3
64913,0
64914,3
64915,0
64916,2
64917,1
64918,1
64919,1
64920,1
64921,1
64922,3
64923,0
64924,4
64925,3
64926,3
64927,1
64928,1
64929,0
64930,1
64931,3
64932,3
64933,0
64934,0
64935,0
64936,2
64937,3
64938,0
64939,3
64940,1
64941,3
64942,0
64943,2
64944,3
64945,2
64946,2
64947,0
64948,3
64949,4
64950,2
64951,2
64952,0
64953,1
64954,0
64955,2
64956,0
64957,4
64958,1
64959,2
64960,0
64961,1
64962,1
64963,2
64964,2
64965,0
64966,3
64967,1
64968,1
64969,1
64970,2
64971,3
64972,3
64973,4
64974,1
64975,0
64976,2
64977,0
64978,3
64979,2
64980,3
64981,4
64982,1
64983,1
64984,1
64985,1
64986,0
64987,2
64988,0
64989,3
64990,2
64991,2
64992,3
64993,4
64994,3
64995,3
64996,2
64997,2
64998,2
64999,0
65000,0
65001,3
65002,2
65003,1
65004,3
65005,1
65006,2
65007,0
65008,2
65009,2
65010,0
65011,1
65012,0
65013,1
65014,2
65015,0
65016,3
65017,3
65018,4
65019,3
65020,3
65021,4
65022,0
65023,3
65024,4
65025,1
65026,2
65027,3
65028,4
65029,2
65030,3
65031,0
65032,4
65033,3
65034,0
65035,0
65036,0
65037,0
65038,1
65039,1
65040,3
65041,3
65042,4
65043,3
65044,4
65045,2
65046,0
65047,4
65048,4
65049,1
65050,0
65051,2
65052,1
65053,3
65054,1
65055,1
65056,1
65057,0
65058,2
65059,2
65060,3
65061,3
65062,0
65063,4
65064,0
65065,4
65066,0
65067,2
65068,4
65069,2
65070,3
65071,0
65072,3
65073,4
65074,2
65075,4
65076,2
65077,3
65078,1
65079,1
65080,2
65081,1
65082,0
65083,4
65084,4
65085,0
65086,4
65087,4
65088,0
65089,4
65090,4
65091,1
65092,0
65093,4
65094,0
65095,1
65096,2
65097,2
65098,0
65099,2
65100,3
65101,2
65102,1
65103,1
65104,3
65105,3
65106,4
65107,4
65108,1
65109,0
65110,0
65111,2
65112,4
65113,2
65114,0
65115,0
65116,1
65117,2
65118,4
65119,0
65120,2
65121,4
65122,3
65123,3
65124,2
65125,4
65126,1
65127,0
65128,3
65129,2
65130,1
65131,1
65132,3
65133,3
65134,4
65135,3
65136,2
65137,0
65138,2
65139,4
65140,4
65141,2
65142,1
65143,4
65144,1
65145,2
65146,0
65147,1
65148,2
65149,3
65150,2
65151,4
65152,3
65153,3
65154,1
65155,3
65156,1
65157,0
65158,0
65159,4
65160,1
65161,2
65162,1
65163,4
65164,3
65165,0
65166,1
65167,2
65168,2
65169,2
65170,2
65171,3
65172,2
65173,2
65174,3
65175,4
65176,1
65177,2
65178,0
65179,0
65180,1
65181,3
65182,0
65183,1
65184,4
65185,0
65186,0
65187,1
65188,1
65189,3
65190,1
65191,1
65192,0
65193,0
65194,2
65195,3
65196,1
65197,0
65198,1
65199,0
65200,0
65201,3
65202,1
65203,3
65204,0
65205,4
65206,1
65207,2
65208,3
65209,0
65210,2
65211,3
65212,2
65213,3
65214,2
65215,1
65216,2
65217,0
65218,2
65219,2
65220,0
65221,0
65222,1
65223,2
65224,2
65225,1
65226,4
65227,1
65228,2
65229,0
65230,2
65231,4
65232,0
65233,4
65234,0
65235,0
65236,1
65237,2
65238,0
65239,3
65240,2
65241,0
65242,3
65243,0
65244,4
65245,3
65246,4
65247,2
65248,1
65249,1
65250,2
65251,2
65252,1
65253,0
65254,4
65255,4
65256,2
65257,3
65258,3
65259,0
65260,1
65261,2
65262,3
65263,2
65264,2
65265,0
65266,1
65267,1
65268,0
65269,0
65270,1
65271,4
65272,2
65273,0
65274,1
65275,2
65276,0
65277,4
65278,2
65279,0
65280,4
65281,4
65282,3
65283,2
65284,2
65285,3
65286,2
65287,1
65288,2
65289,0
65290,2
65291,3
65292,0
65293,2
65294,1
65295,0
65296,3
65297,1
65298,0
65299,1
65300,1
65301,2
65302,2
65303,0
65304,2
65305,3
65306,2
65307,4
65308,1
65309,4
65310,0
65311,2
65312,4
65313,1
65314,1
65315,1
65316,4
65317,4
65318,3
65319,4
65320,2
65321,4
65322,3
65323,3
65324,0
65325,1
65326,3
65327,0
65328,3
65329,4
65330,4
65331,4
65332,0
65333,4
65334,0
65335,1
65336,3
65337,4
65338,2
65339,2
65340,0
65341,0
65342,1
65343,2
65344,3
65345,1
65346,3
65347,3
65348,1
65349,3
65350,1
65351,0
65352,0
65353,3
65354,3
65355,3
65356,0
65357,3
65358,4
65359,1
65360,2
65361,2
65362,3
65363,3
65364,1
65365,2
65366,1
65367,4
65368,1
65369,2
65370,3
65371,3
65372,3
65373,0
65374,4
65375,0
65376,4
65377,2
65378,2
65379,2
65380,2
65381,2
65382,3
65383,1
65384,1
65385,3
65386,3
65387,2
65388,0
65389,0
65390,3
65391,3
65392,4
65393,3
65394,2
65395,1
65396,1
65397,4
65398,4
65399,2
65400,1
65401,1
65402,3
65403,0
65404,0
65405,3
65406,3
65407,3
65408,3
65409,4
65410,1
65411,0
65412,1
65413,3
65414,3
65415,0
65416,2
65417,4
65418,0
65419,1
65420,2
65421,0
65422,0
65423,3
65424,0
65425,3
65426,1
65427,4
65428,4
65429,4
65430,2
65431,3
65432,3
65433,2
65434,3
65435,2
65436,0
65437,1
65438,3
65439,1
65440,4
65441,1
65442,1
65443,4
65444,3
65445,4
65446,3
65447,2
65448,4
65449,2
65450,4
65451,3
65452,2
65453,1
65454,3
65455,0
65456,4
65457,3
65458,4
65459,4
65460,1
65461,3
65462,1
65463,4
65464,0
65465,3
65466,3
65467,4
65468,3
65469,2
65470,1
65471,4
65472,3
65473,1
65474,2
65475,0
65476,1
65477,4
65478,0
65479,0
65480,2
65481,4
65482,0
65483,1
65484,2
65485,1
65486,1
65487,3
65488,0
65489,3
65490,4
65491,0
65492,4
65493,2
65494,0
65495,4
65496,4
65497,0
65498,0
65499,3
65500,0
65501,0
65502,1
65503,2
65504,1
65505,3
65506,3
65507,4
65508,1
65509,0
65510,2
65511,3
65512,0
65513,1
65514,0
65515,4
65516,2
65517,2
65518,0
65519,2
65520,1
65521,1
65522,3
65523,2
65524,4
65525,0
65526,0
65527,4
65528,0
65529,2
65530,4
65531,0
65532,3
65533,4
65534,0
65535,3
65536,1
65537,2
65538,2
65539,3
65540,2
65541,0
65542,0
65543,2
65544,2
65545,4
65546,1
65547,2
65548,3
65549,3
65550,1
65551,0
65552,1
65553,1
65554,1
65555,1
65556,0
65557,0
65558,4
65559,3
65560,2
65561,0
65562,1
65563,4
65564,0
65565,3
65566,2
65567,1
65568,3
65569,0
65570,4
65571,2
65572,4
65573,0
65574,0
65575,2
65576,3
65577,0
65578,0
65579,2
65580,1
65581,1
65582,0
65583,0
65584,3
65585,4
65586,0
65587,2
65588,1
65589,0
65590,0
65591,0
65592,3
65593,0
65594,3
65595,0
65596,3
65597,1
65598,4
65599,4
65600,2
65601,1
65602,0
65603,2
65604,2
65605,4
65606,0
65607,0
65608,4
65609,0
65610,2
65611,4
65612,0
65613,4
65614,1
65615,2
65616,2
65617,4
65618,2
65619,1
65620,0
65621,0
65622,0
65623,2
65624,1
65625,3
65626,3
65627,4
65628,2
65629,4
65630,2
65631,2
65632,4
65633,3
65634,1
65635,1
65636,4
65637,0
65638,4
65639,3
65640,2
65641,2
65642,0
65643,1
65644,2
65645,4
65646,0
65647,3
65648,0
65649,2
65650,4
65651,2
65652,2
65653,3
65654,3
65655,1
65656,1
65657,4
65658,0
65659,4
65660,1
65661,0
65662,4
65663,3
65664,0
65665,1
65666,2
65667,3
65668,3
65669,3
65670,0
65671,2
65672,2
65673,3
65674,2
65675,0
65676,3
65677,0
65678,3
65679,0
65680,2
65681,4
65682,3
65683,3
65684,1
65685,4
65686,1
65687,3
65688,2
65689,4
65690,4
65691,1
65692,1
65693,2
65694,2
65695,3
65696,1
65697,3
65698,4
65699,2
65700,2
65701,0
65702,1
65703,0
65704,3
65705,4
65706,1
65707,2
65708,4
65709,0
65710,2
65711,1
65712,1
65713,1
65714,3
65715,4
65716,3
65717,3
65718,1
65719,2
65720,0
65721,2
65722,4
65723,4
65724,3
65725,0
65726,2
65727,4
65728,2
65729,2
65730,4
65731,3
65732,2
65733,1
65734,4
65735,1
65736,3
65737,3
65738,2
65739,4
65740,0
65741,2
65742,3
65743,3
65744,4
65745,4
65746,0
65747,0
65748,4
65749,0
65750,4
65751,3
65752,0
65753,1
65754,0
65755,1
65756,0
65757,1
65758,1
65759,0
65760,1
65761,4
65762,3
65763,1
65764,4
65765,2
65766,4
65767,4
65768,0
65769,4
65770,3
65771,3
65772,2
65773,1
65774,1
65775,3
65776,2
65777,0
65778,1
65779,1
65780,3
65781,3
65782,3
65783,2
65784,0
65785,1
65786,2
65787,3
65788,1
65789,4
65790,4
65791,0
65792,3
65793,1
65794,1
65795,1
65796,0
65797,4
65798,2
65799,2
65800,3
65801,0
65802,1
65803,2
65804,2
65805,0
65806,1
65807,0
65808,4
65809,1
65810,1
65811,2
65812,1
65813,2
65814,1
65815,0
65816,3
65817,2
65818,0
65819,3
65820,3
65821,2
65822,3
65823,1
65824,0
65825,0
65826,1
65827,1
65828,4
65829,2
65830,4
65831,1
65832,2
65833,3
65834,3
65835,4
65836,3
65837,0
65838,0
65839,1
65840,1
65841,3
65842,4
65843,0
65844,2
65845,1
65846,4
65847,2
65848,2
65849,2
65850,2
65851,1
65852,3
65853,4
65854,3
65855,1
65856,4
65857,4
65858,4
65859,4
65860,0
65861,3
65862,0
65863,2
65864,0
65865,1
65866,3
65867,2
65868,0
65869,3
65870,2
65871,4
65872,1
65873,2
65874,4
65875,3
65876,1
65877,2
65878,4
65879,2
65880,0
65881,0
65882,0
65883,3
65884,2
65885,2
65886,1
65887,3
65888,0
65889,2
65890,4
65891,3
65892,0
65893,4
65894,3
65895,3
65896,4
65897,4
65898,4
65899,1
65900,0
65901,2
65902,1
65903,3
65904,3
65905,3
65906,0
65907,0
65908,3
65909,0
65910,3
65911,1
65912,0
65913,1
65914,1
65915,2
65916,2
65917,3
65918,2
65919,0
65920,3
65921,0
65922,0
65923,3
65924,3
65925,0
65926,1
65927,3
65928,3
65929,1
65930,2
65931,2
65932,2
65933,3
65934,2
65935,2
65936,3
65937,2
65938,1
65939,3
65940,2
65941,0
65942,4
65943,2
65944,1
65945,1
65946,3
65947,3
65948,1
65949,0
65950,2
65951,0
65952,1
65953,2
65954,0
65955,4
65956,4
65957,1
65958,2
65959,2
65960,3
65961,4
65962,1
65963,3
65964,2
65965,4
65966,1
65967,1
65968,1
65969,1
65970,3
65971,2
65972,0
65973,0
65974,0
65975,0
65976,2
65977,1
65978,3
65979,1
65980,1
65981,2
65982,3
65983,3
65984,2
65985,2
65986,1
65987,2
65988,3
65989,2
65990,1
65991,2
65992,1
65993,4
65994,0
65995,1
65996,1
65997,0
65998,0
65999,2
66000,3
66001,1
66002,0
66003,3
66004,2
66005,3
66006,3
66007,4
66008,1
66009,3
66010,1
66011,0
66012,2
66013,0
66014,0
66015,3
66016,1
66017,4
66018,4
66019,3
66020,1
66021,0
66022,2
66023,2
66024,3
66025,4
66026,1
66027,0
66028,0
66029,4
66030,2
66031,3
66032,0
66033,2
66034,0
66035,4
66036,4
66037,2
66038,0
66039,2
66040,4
66041,3
66042,1
66043,0
66044,0
66045,0
66046,1
66047,0
66048,2
66049,0
66050,1
66051,4
66052,4
66053,1
66054,0
66055,2
66056,2
66057,1
66058,2
66059,2
66060,4
66061,2
66062,2
66063,1
66064,0
66065,3
66066,2
66067,1
66068,1
66069,2
66070,0
66071,1
66072,0
66073,2
66074,0
66075,3
66076,2
66077,2
66078,1
66079,0
66080,1
66081,2
66082,1
66083,4
66084,0
66085,1
66086,4
66087,4
66088,1
66089,2
66090,4
66091,1
66092,0
66093,4
66094,2
66095,2
66096,1
66097,1
66098,0
66099,3
66100,3
66101,3
66102,1
66103,0
66104,1
66105,0
66106,2
66107,3
66108,3
66109,1
66110,0
66111,3
66112,1
66113,3
66114,0
66115,4
66116,2
66117,0
66118,2
66119,0
66120,0
66121,1
66122,2
66123,1
66124,4
66125,2
66126,2
66127,3
66128,4
66129,4
66130,0
66131,1
66132,1
66133,2
66134,1
66135,4
66136,1
66137,1
66138,4
66139,2
66140,4
66141,2
66142,0
66143,2
66144,4
66145,4
66146,0
66147,4
66148,1
66149,3
66150,4
66151,0
66152,3
66153,1
66154,3
66155,1
66156,4
66157,2
66158,4
66159,0
66160,1
66161,2
66162,4
66163,4
66164,2
66165,0
66166,2
66167,2
66168,4
66169,4
66170,3
66171,4
66172,2
66173,0
66174,3
66175,2
66176,4
66177,3
66178,2
66179,1
66180,1
66181,1
66182,4
66183,4
66184,3
66185,1
66186,2
66187,0
66188,0
66189,1
66190,0
66191,4
66192,1
66193,0
66194,4
66195,3
66196,1
66197,4
66198,0
66199,1
66200,4
66201,4
66202,3
66203,4
66204,4
66205,4
66206,1
66207,1
66208,0
66209,0
66210,2
66211,3
66212,1
66213,0
66214,2
66215,4
66216,0
66217,1
66218,1
66219,3
66220,3
66221,3
66222,3
66223,0
66224,2
66225,4
66226,3
66227,2
66228,4
66229,0
66230,1
66231,4
66232,1
66233,1
66234,2
66235,3
66236,3
66237,3
66238,0
66239,4
66240,0
66241,3
66242,2
66243,4
66244,1
66245,0
66246,1
66247,3
66248,2
66249,0
66250,1
66251,1
66252,3
66253,2
66254,3
66255,2
66256,3
66257,0
66258,1
66259,2
66260,0
66261,2
66262,0
66263,2
66264,3
66265,3
66266,0
66267,2
66268,2
66269,1
66270,2
66271,2
66272,0
66273,3
66274,2
66275,2
66276,0
66277,4
66278,2
66279,0
66280,3
66281,0
66282,2
66283,0
66284,3
66285,4
66286,3
66287,1
66288,1
66289,2
66290,4
66291,0
66292,0
66293,1
66294,1
66295,4
66296,0
66297,1
66298,4
66299,2
66300,1
66301,2
66302,2
66303,2
66304,4
66305,3
66306,3
66307,0
66308,4
66309,3
66310,3
66311,1
66312,4
66313,1
66314,4
66315,4
66316,2
66317,1
66318,0
66319,3
66320,4
66321,1
66322,2
66323,3
66324,0
66325,1
66326,4
66327,1
66328,0
66329,3
66330,1
66331,0
66332,3
66333,4
66334,4
66335,2
66336,1
66337,1
66338,0
66339,3
66340,2
66341,1
66342,0
66343,3
66344,0
66345,1
66346,3
66347,2
66348,3
66349,1
66350,1
66351,0
66352,4
66353,0
66354,2
66355,0
66356,3
66357,0
66358,2
66359,3
66360,3
66361,4
66362,4
66363,1
66364,2
66365,1
66366,0
66367,2
66368,3
66369,0
66370,3
66371,2
66372,2
66373,2
66374,0
66375,1
66376,0
66377,2
66378,0
66379,2
66380,2
66381,3
66382,3
66383,4
66384,0
66385,1
66386,2
66387,3
66388,4
66389,0
66390,2
66391,2
66392,2
66393,2
66394,4
66395,1
66396,1
66397,1
66398,0
66399,4
66400,4
66401,2
66402,1
66403,2
66404,1
66405,0
66406,4
66407,4
66408,4
66409,0
66410,3
66411,0
66412,4
66413,1
66414,2
66415,2
66416,1
66417,4
66418,3
66419,0
66420,0
66421,0
66422,3
66423,0
66424,2
66425,3
66426,3
66427,0
66428,0
66429,4
66430,4
66431,2
66432,4
66433,3
66434,2
66435,1
66436,0
66437,1
66438,3
66439,0
66440,1
66441,4
66442,3
66443,0
66444,2
66445,3
66446,3
66447,0
66448,2
66449,2
66450,2
66451,4
66452,3
66453,1
66454,1
66455,4
66456,0
66457,3
66458,2
66459,2
66460,0
66461,0
66462,2
66463,3
66464,4
66465,1
66466,0
66467,0
66468,3
66469,4
66470,4
66471,3
66472,1
66473,1
66474,4
66475,2
66476,1
66477,2
66478,2
66479,1
66480,2
66481,2
66482,3
66483,2
66484,3
66485,2
66486,0
66487,0
66488,3
66489,4
66490,0
66491,2
66492,1
66493,1
66494,0
66495,1
66496,1
66497,0
66498,4
66499,0
66500,2
66501,4
66502,2
66503,3
66504,3
66505,4
66506,1
66507,2
66508,2
66509,1
66510,0
66511,2
66512,2
66513,3
66514,0
66515,2
66516,0
66517,0
66518,2
66519,1
66520,2
66521,0
66522,0
66523,2
66524,1
66525,4
66526,2
66527,2
66528,1
66529,1
66530,3
66531,2
66532,4
66533,0
66534,2
66535,3
66536,0
66537,1
66538,3
66539,4
66540,0
66541,2
66542,2
66543,0
66544,0
66545,3
66546,0
66547,0
66548,4
66549,1
66550,1
66551,2
66552,0
66553,4
66554,4
66555,2
66556,0
66557,0
66558,1
66559,1
66560,0
66561,1
66562,3
66563,2
66564,2
66565,0
66566,1
66567,4
66568,0
66569,4
66570,0
66571,0
66572,2
66573,2
66574,1
66575,1
66576,4
66577,1
66578,0
66579,2
66580,1
66581,4
66582,4
66583,1
66584,3
66585,1
66586,3
66587,2
66588,4
66589,0
66590,1
66591,1
66592,2
66593,2
66594,2
66595,2
66596,1
66597,2
66598,3
66599,1
66600,4
66601,3
66602,3
66603,0
66604,3
66605,0
66606,3
66607,1
66608,2
66609,3
66610,3
66611,4
66612,3
66613,1
66614,2
66615,2
66616,3
66617,4
66618,1
66619,3
66620,3
66621,0
66622,4
66623,0
66624,2
66625,1
66626,4
66627,0
66628,2
66629,2
66630,0
66631,3
66632,2
66633,2
66634,0
66635,0
66636,0
66637,0
66638,2
66639,4
66640,0
66641,0
66642,4
66643,2
66644,2
66645,4
66646,0
66647,2
66648,1
66649,2
66650,0
66651,3
66652,1
66653,4
66654,0
66655,0
66656,2
66657,0
66658,1
66659,3
66660,0
66661,3
66662,3
66663,2
66664,0
66665,4
66666,3
66667,3
66668,1
66669,4
66670,1
66671,4
66672,1
66673,3
66674,3
66675,2
66676,3
66677,3
66678,4
66679,2
66680,1
66681,3
66682,0
66683,0
66684,3
66685,3
66686,3
66687,3
66688,3
66689,3
66690,3
66691,1
66692,3
66693,1
66694,2
66695,4
66696,2
66697,0
66698,0
66699,0
66700,1
66701,0
66702,0
66703,3
66704,2
66705,4
66706,3
66707,0
66708,0
66709,4
66710,0
66711,0
66712,3
66713,3
66714,4
66715,1
66716,0
66717,0
66718,2
66719,1
66720,0
66721,4
66722,2
66723,0
66724,3
66725,4
66726,3
66727,2
66728,3
66729,0
66730,1
66731,0
66732,1
66733,2
66734,4
66735,2
66736,1
66737,1
66738,0
66739,2
66740,2
66741,0
66742,2
66743,1
66744,0
66745,3
66746,0
66747,4
66748,1
66749,0
66750,0
66751,2
66752,1
66753,3
66754,2
66755,0
66756,2
66757,1
66758,1
66759,0
66760,1
66761,1
66762,2
66763,3
66764,3
66765,2
66766,3
66767,3
66768,1
66769,0
66770,1
66771,1
66772,3
66773,3
66774,2
66775,0
66776,2
66777,0
66778,3
66779,3
66780,2
66781,4
66782,0
66783,2
66784,3
66785,4
66786,4
66787,4
66788,0
66789,1
66790,2
66791,2
66792,1
66793,3
66794,3
66795,2
66796,4
66797,3
66798,2
66799,4
66800,0
66801,0
66802,1
66803,4
66804,2
66805,4
66806,1
66807,3
66808,2
66809,0
66810,1
66811,3
66812,1
66813,4
66814,0
66815,2
66816,4
66817,1
66818,2
66819,2
66820,1
66821,0
66822,3
66823,0
66824,4
66825,4
66826,1
66827,1
66828,2
66829,0
66830,2
66831,0
66832,2
66833,4
66834,1
66835,2
66836,3
66837,3
66838,0
66839,0
66840,3
66841,0
66842,1
66843,0
66844,2
66845,1
66846,3
66847,3
66848,2
66849,3
66850,0
66851,1
66852,2
66853,2
66854,3
66855,3
66856,0
66857,1
66858,4
66859,2
66860,0
66861,1
66862,1
66863,3
66864,1
66865,0
66866,1
66867,4
66868,2
66869,2
66870,1
66871,1
66872,3
66873,3
66874,4
66875,4
66876,2
66877,2
66878,3
66879,4
66880,3
66881,1
66882,0
66883,1
66884,0
66885,1
66886,3
66887,1
66888,1
66889,3
66890,0
66891,0
66892,3
66893,2
66894,0
66895,4
66896,4
66897,3
66898,3
66899,2
66900,1
66901,1
66902,2
66903,2
66904,3
66905,2
66906,0
66907,1
66908,2
66909,4
66910,1
66911,0
66912,3
66913,2
66914,1
66915,1
66916,0
66917,2
66918,4
66919,3
66920,3
66921,2
66922,1
66923,4
66924,2
66925,0
66926,0
66927,1
66928,0
66929,1
66930,0
66931,1
66932,3
66933,2
66934,4
66935,2
66936,2
66937,0
66938,0
66939,1
66940,1
66941,1
66942,2
66943,4
66944,0
66945,1
66946,3
66947,3
66948,3
66949,0
66950,3
66951,0
66952,2
66953,0
66954,1
66955,1
66956,0
66957,1
66958,4
66959,0
66960,3
66961,1
66962,0
66963,2
66964,4
66965,0
66966,1
66967,0
66968,0
66969,4
66970,3
66971,3
66972,1
66973,1
66974,0
66975,3
66976,1
66977,0
66978,1
66979,4
66980,3
66981,3
66982,2
66983,1
66984,2
66985,4
66986,4
66987,4
66988,2
66989,3
66990,1
66991,0
66992,2
66993,0
66994,4
66995,2
66996,4
66997,1
66998,3
66999,4
67000,4
67001,2
67002,2
67003,1
67004,0
67005,4
67006,2
67007,0
67008,2
67009,1
67010,0
67011,0
67012,0
67013,1
67014,0
67015,0
67016,3
67017,4
67018,1
67019,0
67020,0
67021,4
67022,4
67023,3
67024,4
67025,2
67026,1
67027,3
67028,3
67029,2
67030,2
67031,3
67032,3
67033,3
67034,4
67035,4
67036,0
67037,3
67038,3
67039,3
67040,3
67041,4
67042,1
67043,0
67044,2
67045,1
67046,3
67047,2
67048,4
67049,3
67050,0
67051,2
67052,4
67053,4
67054,0
67055,1
67056,4
67057,4
67058,1
67059,4
67060,4
67061,3
67062,2
67063,0
67064,0
67065,4
67066,1
67067,1
67068,2
67069,4
67070,2
67071,0
67072,4
67073,4
67074,0
67075,4
67076,1
67077,0
67078,4
67079,1
67080,1
67081,0
67082,4
67083,2
67084,2
67085,1
67086,4
67087,0
67088,0
67089,1
67090,2
67091,2
67092,2
67093,0
67094,1
67095,4
67096,0
67097,3
67098,2
67099,0
67100,0
67101,4
67102,1
67103,0
67104,2
67105,2
67106,3
67107,0
67108,1
67109,0
67110,0
67111,4
67112,1
67113,0
67114,0
67115,0
67116,2
67117,0
67118,1
67119,1
67120,3
67121,4
67122,3
67123,0
67124,4
67125,1
67126,0
67127,3
67128,2
67129,3
67130,3
67131,1
67132,3
67133,3
67134,4
67135,1
67136,3
67137,4
67138,3
67139,4
67140,1
67141,2
67142,2
67143,0
67144,1
67145,0
67146,4
67147,2
67148,4
67149,4
67150,2
67151,0
67152,3
67153,1
67154,2
67155,2
67156,2
67157,1
67158,2
67159,4
67160,3
67161,3
67162,2
67163,4
67164,3
67165,3
67166,4
67167,3
67168,1
67169,4
67170,1
67171,3
67172,0
67173,4
67174,3
67175,2
67176,1
67177,3
67178,4
67179,2
67180,3
67181,3
67182,3
67183,3
67184,3
67185,0
67186,2
67187,3
67188,1
67189,1
67190,2
67191,3
67192,2
67193,0
67194,2
67195,0
67196,1
67197,1
67198,1
67199,2
67200,4
67201,3
67202,2
67203,4
67204,4
67205,0
67206,2
67207,1
67208,2
67209,2
67210,1
67211,3
67212,0
67213,3
67214,1
67215,1
67216,2
67217,0
67218,4
67219,2
67220,1
67221,0
67222,4
67223,1
67224,4
67225,3
67226,2
67227,2
67228,0
67229,3
67230,0
67231,2
67232,0
67233,0
67234,0
67235,2
67236,0
67237,2
67238,3
67239,3
67240,3
67241,4
67242,3
67243,0
67244,1
67245,3
67246,2
67247,1
67248,4
67249,2
67250,1
67251,3
67252,1
67253,1
67254,3
67255,1
67256,0
67257,4
67258,1
67259,4
67260,4
67261,0
67262,0
67263,3
67264,2
67265,2
67266,1
67267,0
67268,0
67269,0
67270,2
67271,1
67272,4
67273,4
67274,3
67275,1
67276,2
67277,1
67278,0
67279,1
67280,1
67281,0
67282,2
67283,0
67284,2
67285,2
67286,1
67287,0
67288,0
67289,4
67290,4
67291,0
67292,0
67293,3
67294,0
67295,0
67296,0
67297,2
67298,0
67299,1
67300,2
67301,2
67302,2
67303,3
67304,3
67305,4
67306,0
67307,0
67308,3
67309,2
67310,0
67311,4
67312,0
67313,0
67314,1
67315,2
67316,1
67317,3
67318,1
67319,4
67320,3
67321,3
67322,1
67323,2
67324,3
67325,1
67326,1
67327,1
67328,4
67329,0
67330,3
67331,2
67332,0
67333,0
67334,4
67335,3
67336,1
67337,4
67338,3
67339,0
67340,1
67341,0
67342,3
67343,0
67344,2
67345,0
67346,3
67347,2
67348,2
67349,4
67350,2
67351,3
67352,2
67353,0
67354,4
67355,2
67356,0
67357,2
67358,1
67359,2
67360,2
67361,3
67362,0
67363,2
67364,1
67365,2
67366,3
67367,2
67368,0
67369,2
67370,0
67371,1
67372,4
67373,2
67374,2
67375,0
67376,0
67377,3
67378,2
67379,2
67380,2
67381,0
67382,2
67383,2
67384,2
67385,0
67386,0
67387,0
67388,3
67389,4
67390,2
67391,4
67392,4
67393,1
67394,4
67395,2
67396,4
67397,3
67398,4
67399,4
67400,3
67401,1
67402,0
67403,1
67404,3
67405,1
67406,4
67407,0
67408,2
67409,2
67410,2
67411,0
67412,1
67413,0
67414,2
67415,3
67416,2
67417,1
67418,2
67419,1
67420,3
67421,4
67422,3
67423,2
67424,3
67425,3
67426,1
67427,4
67428,0
67429,4
67430,2
67431,0
67432,1
67433,1
67434,2
67435,3
67436,3
67437,4
67438,3
67439,0
67440,3
67441,1
67442,2
67443,4
67444,0
67445,0
67446,2
67447,1
67448,0
67449,4
67450,4
67451,3
67452,3
67453,3
67454,2
67455,2
67456,0
67457,2
67458,1
67459,0
67460,3
67461,2
67462,0
67463,1
67464,0
67465,0
67466,4
67467,1
67468,1
67469,4
67470,4
67471,0
67472,2
67473,1
67474,2
67475,2
67476,4
67477,2
67478,4
67479,2
67480,1
67481,0
67482,1
67483,1
67484,2
67485,1
67486,2
67487,2
67488,4
67489,4
67490,0
67491,4
67492,2
67493,3
67494,0
67495,3
67496,2
67497,4
67498,2
67499,2
67500,2
67501,3
67502,0
67503,3
67504,4
67505,0
67506,2
67507,3
67508,3
67509,1
67510,1
67511,4
67512,2
67513,4
67514,3
67515,3
67516,1
67517,2
67518,3
67519,0
67520,4
67521,4
67522,1
67523,0
67524,1
67525,1
67526,0
67527,3
67528,3
67529,2
67530,4
67531,3
67532,2
67533,2
67534,2
67535,3
67536,0
67537,3
67538,0
67539,2
67540,2
67541,4
67542,1
67543,4
67544,3
67545,0
67546,4
67547,0
67548,1
67549,0
67550,1
67551,3
67552,3
67553,4
67554,0
67555,0
67556,0
67557,1
67558,4
67559,2
67560,4
67561,2
67562,1
67563,4
67564,3
67565,4
67566,4
67567,2
67568,4
67569,3
67570,3
67571,3
67572,0
67573,3
67574,0
67575,0
67576,2
67577,2
67578,3
67579,0
67580,4
67581,2
67582,3
67583,0
67584,3
67585,3
67586,2
67587,1
67588,2
67589,1
67590,2
67591,0
67592,1
67593,0
67594,3
67595,0
67596,3
67597,2
67598,3
67599,0
67600,0
67601,2
67602,0
67603,4
67604,0
67605,1
67606,0
67607,4
67608,0
67609,1
67610,1
67611,3
67612,2
67613,3
67614,2
67615,2
67616,0
67617,2
67618,2
67619,1
67620,2
67621,3
67622,3
67623,0
67624,0
67625,3
67626,1
67627,3
67628,4
67629,1
67630,3
67631,0
67632,4
67633,2
67634,0
67635,2
67636,0
67637,0
67638,4
67639,0
67640,0
67641,1
67642,2
67643,4
67644,0
67645,4
67646,1
67647,2
67648,3
67649,2
67650,1
67651,4
67652,4
67653,0
67654,2
67655,1
67656,1
67657,4
67658,1
67659,2
67660,1
67661,3
67662,2
67663,3
67664,1
67665,1
67666,3
67667,3
67668,3
67669,2
67670,4
67671,0
67672,2
67673,4
67674,0
67675,3
67676,0
67677,3
67678,0
67679,0
67680,3
67681,3
67682,4
67683,1
67684,3
67685,0
67686,0
67687,2
67688,1
67689,3
67690,0
67691,1
67692,3
67693,3
67694,0
67695,4
67696,2
67697,4
67698,1
67699,3
67700,1
67701,1
67702,2
67703,1
67704,3
67705,0
67706,0
67707,4
67708,4
67709,1
67710,1
67711,1
67712,1
67713,0
67714,3
67715,3
67716,0
67717,1
67718,2
67719,1
67720,4
67721,4
67722,0
67723,1
67724,1
67725,4
67726,3
67727,3
67728,4
67729,1
67730,2
67731,3
67732,3
67733,3
67734,4
67735,3
67736,2
67737,1
67738,4
67739,1
67740,4
67741,1
67742,4
67743,0
67744,2
67745,1
67746,1
67747,3
67748,0
67749,2
67750,3
67751,1
67752,1
67753,0
67754,0
67755,3
67756,4
67757,0
67758,2
67759,1
67760,2
67761,3
67762,2
67763,1
67764,0
67765,3
67766,0
67767,1
67768,0
67769,4
67770,1
67771,0
67772,1
67773,0
67774,1
67775,4
67776,2
67777,0
67778,2
67779,3
67780,2
67781,3
67782,1
67783,2
67784,4
67785,2
67786,1
67787,3
67788,4
67789,0
67790,2
67791,1
67792,4
67793,2
67794,3
67795,3
67796,2
67797,2
67798,3
67799,0
67800,2
67801,3
67802,3
67803,3
67804,3
67805,2
67806,0
67807,1
67808,0
67809,1
67810,2
67811,4
67812,4
67813,1
67814,1
67815,2
67816,1
67817,3
67818,1
67819,3
67820,2
67821,2
67822,3
67823,1
67824,4
67825,4
67826,1
67827,0
67828,3
67829,0
67830,4
67831,4
67832,2
67833,0
67834,4
67835,3
67836,0
67837,0
67838,0
67839,4
67840,1
67841,4
67842,2
67843,1
67844,4
67845,3
67846,3
67847,1
67848,4
67849,0
67850,1
67851,3
67852,0
67853,2
67854,4
67855,4
67856,0
67857,0
67858,0
67859,0
67860,0
67861,1
67862,4
67863,0
67864,3
67865,1
67866,0
67867,4
67868,3
67869,2
67870,3
67871,0
67872,2
67873,1
67874,1
67875,3
67876,0
67877,0
67878,1
67879,0
67880,3
67881,3
67882,2
67883,2
67884,3
67885,0
67886,2
67887,1
67888,2
67889,4
67890,4
67891,3
67892,1
67893,0
67894,1
67895,4
67896,3
67897,2
67898,0
67899,0
67900,2
67901,1
67902,3
67903,1
67904,4
67905,0
67906,3
67907,0
67908,2
67909,1
67910,0
67911,3
67912,2
67913,2
67914,2
67915,3
67916,2
67917,2
67918,4
67919,3
67920,1
67921,1
67922,3
67923,1
67924,4
67925,3
67926,3
67927,3
67928,0
67929,4
67930,1
67931,2
67932,4
67933,1
67934,2
67935,2
67936,2
67937,0
67938,0
67939,3
67940,2
67941,1
67942,1
67943,4
67944,1
67945,3
67946,1
67947,3
67948,1
67949,3
67950,2
67951,2
67952,2
67953,1
67954,3
67955,1
67956,4
67957,2
67958,0
67959,4
67960,1
67961,4
67962,1
67963,1
67964,0
67965,4
67966,2
67967,3
67968,2
67969,3
67970,0
67971,3
67972,2
67973,1
67974,3
67975,2
67976,0
67977,2
67978,2
67979,0
67980,4
67981,2
67982,0
67983,2
67984,3
67985,1
67986,3
67987,3
67988,1
67989,2
67990,2
67991,3
67992,4
67993,1
67994,4
67995,0
67996,3
67997,2
67998,2
67999,2
68000,2
68001,4
68002,1
68003,1
68004,0
68005,4
68006,3
68007,2
68008,3
68009,3
68010,4
68011,2
68012,2
68013,3
68014,1
68015,4
68016,1
68017,2
68018,3
68019,2
68020,2
68021,3
68022,2
68023,1
68024,0
68025,3
68026,1
68027,2
68028,1
68029,0
68030,3
68031,0
68032,0
68033,3
68034,0
68035,0
68036,3
68037,4
68038,4
68039,1
68040,3
68041,2
68042,4
68043,2
68044,0
68045,1
68046,3
68047,0
68048,1
68049,1
68050,0
68051,0
68052,4
68053,1
68054,0
68055,0
68056,3
68057,4
68058,2
68059,1
68060,2
68061,3
68062,3
68063,0
68064,0
68065,0
68066,0
68067,0
68068,0
68069,1
68070,1
68071,4
68072,4
68073,1
68074,2
68075,1
68076,2
68077,1
68078,1
68079,3
68080,1
68081,2
68082,3
68083,0
68084,2
68085,0
68086,3
68087,4
68088,1
68089,3
68090,0
68091,3
68092,4
68093,2
68094,1
68095,2
68096,1
68097,1
68098,3
68099,3
68100,2
68101,2
68102,0
68103,3
68104,2
68105,0
68106,2
68107,0
68108,2
68109,3
68110,2
68111,1
68112,3
68113,1
68114,2
68115,2
68116,2
68117,2
68118,1
68119,4
68120,0
68121,2
68122,3
68123,0
68124,2
68125,1
68126,4
68127,1
68128,3
68129,3
68130,1
68131,0
68132,0
68133,0
68134,1
68135,0
68136,2
68137,3
68138,1
68139,2
68140,2
68141,1
68142,2
68143,1
68144,0
68145,3
68146,2
68147,1
68148,4
68149,1
68150,3
68151,2
68152,2
68153,4
68154,1
68155,2
68156,1
68157,3
68158,4
68159,1
68160,3
68161,0
68162,2
68163,3
68164,2
68165,3
68166,4
68167,2
68168,3
68169,1
68170,2
68171,0
68172,3
68173,1
68174,2
68175,1
68176,2
68177,1
68178,0
68179,1
68180,3
68181,0
68182,1
68183,4
68184,0
68185,1
68186,1
68187,1
68188,1
68189,4
68190,0
68191,0
68192,3
68193,0
68194,0
68195,1
68196,3
68197,1
68198,1
68199,3
68200,2
68201,1
68202,2
68203,2
68204,4
68205,1
68206,2
68207,4
68208,0
68209,0
68210,2
68211,0
68212,3
68213,0
68214,0
68215,1
68216,4
68217,1
68218,4
68219,3
68220,2
68221,3
68222,4
68223,4
68224,3
68225,4
68226,1
68227,4
68228,0
68229,4
68230,2
68231,4
68232,0
68233,2
68234,4
68235,0
68236,4
68237,0
68238,3
68239,3
68240,0
68241,0
68242,3
68243,4
68244,1
68245,3
68246,4
68247,1
68248,1
68249,0
68250,3
68251,4
68252,0
68253,0
68254,0
68255,4
68256,1
68257,2
68258,1
68259,2
68260,2
68261,2
68262,0
68263,0
68264,2
68265,3
68266,2
68267,2
68268,0
68269,3
68270,0
68271,2
68272,3
68273,1
68274,4
68275,1
68276,4
68277,1
68278,1
68279,2
68280,1
68281,0
68282,3
68283,2
68284,4
68285,3
68286,0
68287,3
68288,3
68289,0
68290,3
68291,2
68292,1
68293,2
68294,1
68295,3
68296,1
68297,1
68298,0
68299,1
68300,0
68301,3
68302,0
68303,2
68304,0
68305,0
68306,1
68307,3
68308,3
68309,1
68310,1
68311,4
68312,3
68313,3
68314,4
68315,1
68316,2
68317,2
68318,2
68319,3
68320,2
68321,3
68322,0
68323,2
68324,2
68325,0
68326,3
68327,4
68328,0
68329,0
68330,1
68331,3
68332,0
68333,3
68334,0
68335,1
68336,3
68337,3
68338,3
68339,2
68340,0
68341,4
68342,1
68343,3
68344,0
68345,2
68346,1
68347,3
68348,3
68349,2
68350,1
68351,2
68352,0
68353,3
68354,4
68355,0
68356,1
68357,4
68358,4
68359,0
68360,0
68361,2
68362,2
68363,2
68364,1
68365,1
68366,4
68367,2
68368,1
68369,3
68370,4
68371,2
68372,2
68373,2
68374,2
68375,3
68376,3
68377,0
68378,0
68379,3
68380,3
68381,4
68382,4
68383,2
68384,0
68385,2
68386,0
68387,1
68388,4
68389,4
68390,3
68391,1
68392,0
68393,0
68394,0
68395,4
68396,3
68397,2
68398,0
68399,3
68400,2
68401,2
68402,3
68403,4
68404,3
68405,3
68406,3
68407,4
68408,0
68409,3
68410,0
68411,3
68412,1
68413,4
68414,2
68415,1
68416,0
68417,2
68418,1
68419,0
68420,0
68421,2
68422,4
68423,4
68424,0
68425,3
68426,2
68427,1
68428,3
68429,1
68430,2
68431,2
68432,3
68433,3
68434,3
68435,1
68436,2
68437,3
68438,4
68439,0
68440,1
68441,4
68442,4
68443,1
68444,3
68445,0
68446,1
68447,3
68448,2
68449,1
68450,4
68451,4
68452,3
68453,4
68454,2
68455,1
68456,1
68457,0
68458,4
68459,4
68460,3
68461,3
68462,1
68463,0
68464,2
68465,3
68466,2
68467,1
68468,0
68469,1
68470,1
68471,3
68472,0
68473,1
68474,1
68475,2
68476,1
68477,0
68478,3
68479,2
68480,0
68481,3
68482,3
68483,3
68484,3
68485,2
68486,1
68487,0
68488,2
68489,1
68490,1
68491,0
68492,1
68493,0
68494,0
68495,1
68496,4
68497,1
68498,4
68499,3
68500,3
68501,0
68502,4
68503,2
68504,1
68505,3
68506,2
68507,0
68508,4
68509,3
68510,3
68511,2
68512,0
68513,4
68514,3
68515,0
68516,0
68517,4
68518,3
68519,0
68520,4
68521,1
68522,3
68523,4
68524,1
68525,0
68526,3
68527,4
68528,0
68529,2
68530,1
68531,1
68532,1
68533,0
68534,4
68535,0
68536,2
68537,2
68538,0
68539,3
68540,1
68541,1
68542,0
68543,1
68544,1
68545,0
68546,0
68547,1
68548,3
68549,2
68550,1
68551,0
68552,2
68553,3
68554,0
68555,2
68556,2
68557,0
68558,0
68559,4
68560,3
68561,1
68562,4
68563,3
68564,3
68565,0
68566,4
68567,0
68568,2
68569,2
68570,3
68571,3
68572,3
68573,2
68574,0
68575,2
68576,2
68577,4
68578,3
68579,0
68580,3
68581,4
68582,3
68583,4
68584,0
68585,2
68586,4
68587,2
68588,1
68589,0
68590,4
68591,1
68592,0
68593,4
68594,0
68595,2
68596,0
68597,0
68598,1
68599,2
68600,2
68601,0
68602,0
68603,3
68604,4
68605,3
68606,3
68607,2
68608,1
68609,3
68610,0
68611,1
68612,0
68613,1
68614,0
68615,0
68616,0
68617,3
68618,1
68619,2
68620,4
68621,1
68622,3
68623,4
68624,3
68625,3
68626,1
68627,1
68628,0
68629,2
68630,3
68631,3
68632,3
68633,2
68634,2
68635,2
68636,0
68637,0
68638,1
68639,1
68640,4
68641,4
68642,1
68643,1
68644,1
68645,0
68646,0
68647,4
68648,2
68649,1
68650,1
68651,2
68652,1
68653,2
68654,3
68655,3
68656,0
68657,1
68658,0
68659,3
68660,0
68661,3
68662,2
68663,2
68664,0
68665,3
68666,0
68667,1
68668,0
68669,2
68670,1
68671,3
68672,0
68673,0
68674,3
68675,3
68676,0
68677,2
68678,3
68679,0
68680,0
68681,4
68682,3
68683,3
68684,3
68685,0
68686,1
68687,1
68688,3
68689,2
68690,4
68691,3
68692,0
68693,1
68694,4
68695,2
68696,1
68697,2
68698,0
68699,3
68700,2
68701,0
68702,2
68703,3
68704,4
68705,3
68706,2
68707,0
68708,3
68709,3
68710,2
68711,3
68712,0
68713,4
68714,2
68715,4
68716,3
68717,2
68718,4
68719,3
68720,1
68721,2
68722,3
68723,1
68724,1
68725,2
68726,1
68727,1
68728,1
68729,3
68730,1
68731,4
68732,2
68733,0
68734,1
68735,0
68736,4
68737,1
68738,0
68739,2
68740,2
68741,3
68742,2
68743,1
68744,0
68745,4
68746,1
68747,3
68748,1
68749,4
68750,1
68751,0
68752,4
68753,3
68754,3
68755,1
68756,1
68757,2
68758,3
68759,0
68760,0
68761,2
68762,0
68763,1
68764,0
68765,0
68766,0
68767,4
68768,4
68769,4
68770,2
68771,2
68772,1
68773,4
68774,2
68775,4
68776,3
68777,4
68778,2
68779,0
68780,3
68781,2
68782,0
68783,4
68784,0
68785,2
68786,3
68787,3
68788,0
68789,3
68790,2
68791,4
68792,0
68793,4
68794,4
68795,0
68796,4
68797,4
68798,0
68799,4
68800,1
68801,2
68802,3
68803,1
68804,0
68805,2
68806,1
68807,0
68808,0
68809,2
68810,4
68811,0
68812,0
68813,1
68814,4
68815,1
68816,0
68817,1
68818,0
68819,4
68820,2
68821,1
68822,0
68823,3
68824,4
68825,2
68826,1
68827,1
68828,2
68829,0
68830,0
68831,2
68832,4
68833,1
68834,2
68835,2
68836,1
68837,0
68838,4
68839,0
68840,3
68841,3
68842,0
68843,1
68844,3
68845,1
68846,2
68847,1
68848,4
68849,1
68850,0
68851,3
68852,1
68853,2
68854,0
68855,3
68856,0
68857,0
68858,4
68859,3
68860,0
68861,1
68862,1
68863,1
68864,0
68865,3
68866,2
68867,0
68868,1
68869,4
68870,4
68871,2
68872,0
68873,3
68874,2
68875,4
68876,0
68877,2
68878,3
68879,2
68880,2
68881,1
68882,3
68883,2
68884,1
68885,1
68886,2
68887,2
68888,2
68889,2
68890,3
68891,2
68892,4
68893,1
68894,2
68895,3
68896,2
68897,4
68898,3
68899,2
68900,4
68901,3
68902,0
68903,3
68904,2
68905,4
68906,1
68907,2
68908,1
68909,3
68910,1
68911,2
68912,1
68913,3
68914,1
68915,0
68916,1
68917,0
68918,1
68919,3
68920,3
68921,3
68922,3
68923,1
68924,4
68925,2
68926,3
68927,2
68928,1
68929,0
68930,3
68931,0
68932,0
68933,4
68934,1
68935,4
68936,3
68937,3
68938,1
68939,1
68940,1
68941,1
68942,3
68943,0
68944,3
68945,3
68946,2
68947,2
68948,4
68949,1
68950,3
68951,4
68952,4
68953,2
68954,0
68955,2
68956,0
68957,2
68958,1
68959,4
68960,3
68961,1
68962,3
68963,3
68964,4
68965,0
68966,1
68967,0
68968,3
68969,0
68970,3
68971,0
68972,4
68973,2
68974,4
68975,0
68976,2
68977,2
68978,1
68979,3
68980,1
68981,3
68982,0
68983,4
68984,0
68985,1
68986,0
68987,0
68988,4
68989,0
68990,2
68991,3
68992,4
68993,2
68994,4
68995,2
68996,1
68997,4
68998,1
68999,4
69000,0
69001,4
69002,0
69003,4
69004,3
69005,1
69006,2
69007,0
69008,3
69009,4
69010,2
69011,3
69012,4
69013,1
69014,3
69015,4
69016,0
69017,3
69018,4
69019,0
69020,0
69021,3
69022,4
69023,3
69024,4
69025,3
69026,4
69027,3
69028,4
69029,3
69030,1
69031,3
69032,3
69033,3
69034,2
69035,2
69036,1
69037,0
69038,2
69039,4
69040,1
69041,4
69042,2
69043,1
69044,3
69045,1
69046,4
69047,0
69048,0
69049,0
69050,4
69051,3
69052,3
69053,4
69054,4
69055,4
69056,3
69057,3
69058,2
69059,1
69060,1
69061,3
69062,3
69063,4
69064,0
69065,0
69066,1
69067,1
69068,0
69069,2
69070,1
69071,2
69072,3
69073,0
69074,4
69075,0
69076,0
69077,3
69078,3
69079,0
69080,4
69081,4
69082,2
69083,1
69084,4
69085,0
69086,4
69087,0
69088,2
69089,4
69090,1
69091,0
69092,3
69093,2
69094,3
69095,1
69096,4
69097,0
69098,0
69099,0
69100,2
69101,1
69102,1
69103,3
69104,0
69105,2
69106,1
69107,2
69108,3
69109,2
69110,3
69111,3
69112,2
69113,1
69114,1
69115,1
69116,2
69117,2
69118,0
69119,2
69120,0
69121,1
69122,2
69123,1
69124,2
69125,0
69126,1
69127,3
69128,0
69129,3
69130,0
69131,0
69132,0
69133,4
69134,2
69135,2
69136,2
69137,2
69138,2
69139,0
69140,1
69141,3
69142,0
69143,2
69144,0
69145,2
69146,1
69147,3
69148,0
69149,0
69150,2
69151,4
69152,3
69153,2
69154,4
69155,1
69156,1
69157,1
69158,0
69159,0
69160,2
69161,4
69162,2
69163,3
69164,0
69165,3
69166,0
69167,1
69168,2
69169,1
69170,4
69171,3
69172,2
69173,3
69174,3
69175,4
69176,3
69177,3
69178,2
69179,0
69180,2
69181,1
69182,1
69183,2
69184,0
69185,0
69186,1
69187,0
69188,3
69189,4
69190,0
69191,3
69192,2
69193,0
69194,0
69195,1
69196,0
69197,2
69198,1
69199,1
69200,0
69201,2
69202,4
69203,4
69204,2
69205,2
69206,1
69207,0
69208,4
69209,1
69210,2
69211,3
69212,3
69213,1
69214,2
69215,4
69216,0
69217,1
69218,2
69219,2
69220,0
69221,0
69222,4
69223,1
69224,0
69225,0
69226,3
69227,4
69228,2
69229,3
69230,0
69231,0
69232,2
69233,0
69234,2
69235,0
69236,0
69237,1
69238,4
69239,2
69240,2
69241,4
69242,0
69243,2
69244,0
69245,2
69246,0
69247,0
69248,1
69249,1
69250,2
69251,2
69252,1
69253,2
69254,4
69255,0
69256,3
69257,2
69258,2
69259,4
69260,1
69261,3
69262,4
69263,1
69264,4
69265,2
69266,0
69267,2
69268,4
69269,3
69270,3
69271,3
69272,2
69273,1
69274,4
69275,1
69276,0
69277,0
69278,4
69279,4
69280,4
69281,0
69282,3
69283,4
69284,2
69285,2
69286,0
69287,0
69288,2
69289,2
69290,3
69291,0
69292,4
69293,2
69294,3
69295,1
69296,3
69297,1
69298,0
69299,4
69300,0
69301,3
69302,0
69303,4
69304,2
69305,3
69306,1
69307,0
69308,3
69309,1
69310,4
69311,0
69312,2
69313,1
69314,3
69315,1
69316,4
69317,2
69318,1
69319,4
69320,4
69321,1
69322,2
69323,1
69324,0
69325,1
69326,1
69327,4
69328,2
69329,1
69330,0
69331,1
69332,0
69333,3
69334,4
69335,0
69336,1
69337,2
69338,3
69339,4
69340,2
69341,1
69342,3
69343,1
69344,3
69345,2
69346,2
69347,2
69348,3
69349,3
69350,2
69351,2
69352,0
69353,4
69354,4
69355,1
69356,3
69357,3
69358,4
69359,2
69360,4
69361,1
69362,3
69363,1
69364,4
69365,3
69366,0
69367,3
69368,2
69369,2
69370,4
69371,3
69372,3
69373,2
69374,0
69375,2
69376,3
69377,1
69378,3
69379,2
69380,0
69381,4
69382,4
69383,1
69384,4
69385,2
69386,0
69387,3
69388,1
69389,1
69390,2
69391,4
69392,4
69393,3
69394,3
69395,3
69396,2
69397,2
69398,3
69399,0
69400,4
69401,1
69402,2
69403,1
69404,4
69405,2
69406,3
69407,4
69408,1
69409,2
69410,4
69411,2
69412,1
69413,3
69414,0
69415,3
69416,0
69417,4
69418,1
69419,0
69420,4
69421,2
69422,0
69423,1
69424,4
69425,1
69426,2
69427,2
69428,3
69429,1
69430,3
69431,0
69432,2
69433,3
69434,2
69435,0
69436,0
69437,1
69438,2
69439,0
69440,0
69441,0
69442,1
69443,4
69444,4
69445,1
69446,4
69447,3
69448,3
69449,3
69450,2
69451,0
69452,4
69453,1
69454,0
69455,3
69456,4
69457,2
69458,2
69459,2
69460,1
69461,0
69462,0
69463,4
69464,2
69465,3
69466,4
69467,1
69468,2
69469,0
69470,0
69471,2
69472,2
69473,2
69474,3
69475,0
69476,0
69477,3
69478,4
69479,1
69480,3
69481,3
69482,3
69483,2
69484,2
69485,3
69486,1
69487,2
69488,0
69489,3
69490,1
69491,3
69492,0
69493,1
69494,4
69495,4
69496,1
69497,1
69498,0
69499,2
69500,4
69501,3
69502,0
69503,1
69504,1
69505,3
69506,2
69507,3
69508,2
69509,1
69510,1
69511,1
69512,3
69513,1
69514,1
69515,1
69516,0
69517,4
69518,0
69519,2
69520,1
69521,1
69522,3
69523,1
69524,3
69525,2
69526,1
69527,2
69528,0
69529,2
69530,1
69531,2
69532,4
69533,2
69534,0
69535,4
69536,1
69537,0
69538,3
69539,3
69540,1
69541,3
69542,4
69543,2
69544,3
69545,1
69546,0
69547,1
69548,3
69549,1
69550,2
69551,2
69552,1
69553,0
69554,0
69555,4
69556,1
69557,3
69558,0
69559,0
69560,2
69561,3
69562,2
69563,1
69564,3
69565,2
69566,1
69567,2
69568,3
69569,1
69570,2
69571,4
69572,4
69573,0
69574,2
69575,1
69576,0
69577,0
69578,3
69579,1
69580,1
69581,1
69582,4
69583,3
69584,1
69585,4
69586,2
69587,2
69588,2
69589,3
69590,3
69591,3
69592,3
69593,2
69594,3
69595,3
69596,4
69597,0
69598,1
69599,0
69600,0
69601,1
69602,1
69603,1
69604,0
69605,0
69606,3
69607,2
69608,2
69609,2
69610,2
69611,3
69612,1
69613,4
69614,3
69615,4
69616,3
69617,3
69618,2
69619,3
69620,3
69621,4
69622,3
69623,2
69624,3
69625,1
69626,0
69627,4
69628,2
69629,4
69630,1
69631,0
69632,2
69633,3
69634,1
69635,4
69636,1
69637,0
69638,1
69639,2
69640,2
69641,1
69642,4
69643,0
69644,0
69645,2
69646,0
69647,4
69648,4
69649,3
69650,2
69651,1
69652,2
69653,3
69654,2
69655,2
69656,1
69657,3
69658,0
69659,3
69660,2
69661,3
69662,4
69663,4
69664,2
69665,1
69666,1
69667,3
69668,4
69669,3
69670,3
69671,1
69672,0
69673,4
69674,3
69675,3
69676,4
69677,0
69678,0
69679,0
69680,0
69681,1
69682,0
69683,4
69684,1
69685,1
69686,3
69687,4
69688,1
69689,3
69690,1
69691,2
69692,1
69693,0
69694,1
69695,3
69696,4
69697,2
69698,3
69699,0
69700,0
69701,1
69702,4
69703,4
69704,0
69705,2
69706,2
69707,4
69708,1
69709,1
69710,1
69711,2
69712,0
69713,1
69714,1
69715,1
69716,0
69717,2
69718,1
69719,3
69720,0
69721,0
69722,0
69723,3
69724,0
69725,2
69726,1
69727,1
69728,3
69729,1
69730,0
69731,3
69732,4
69733,3
69734,1
69735,0
69736,2
69737,2
69738,1
69739,4
69740,0
69741,2
69742,2
69743,2
69744,4
69745,4
69746,2
69747,2
69748,3
69749,2
69750,4
69751,3
69752,4
69753,1
69754,0
69755,0
69756,2
69757,0
69758,3
69759,2
69760,0
69761,0
69762,2
69763,0
69764,4
69765,2
69766,1
69767,1
69768,4
69769,4
69770,3
69771,1
69772,0
69773,0
69774,1
69775,1
69776,0
69777,0
69778,2
69779,1
69780,2
69781,2
69782,3
69783,4
69784,4
69785,1
69786,0
69787,0
69788,1
69789,2
69790,1
69791,3
69792,4
69793,0
69794,4
69795,2
69796,0
69797,3
69798,2
69799,2
69800,2
69801,0
69802,4
69803,0
69804,2
69805,4
69806,0
69807,1
69808,1
69809,1
69810,0
69811,3
69812,3
69813,3
69814,1
69815,0
69816,2
69817,2
69818,2
69819,0
69820,0
69821,0
69822,4
69823,4
69824,3
69825,3
69826,0
69827,1
69828,2
69829,1
69830,3
69831,4
69832,0
69833,1
69834,0
69835,1
69836,3
69837,0
69838,2
69839,3
69840,4
69841,4
69842,0
69843,3
69844,1
69845,1
69846,4
69847,2
69848,1
69849,0
69850,2
69851,2
69852,4
69853,2
69854,1
69855,3
69856,0
69857,4
69858,2
69859,0
69860,1
69861,0
69862,1
69863,4
69864,3
69865,1
69866,3
69867,3
69868,1
69869,1
69870,1
69871,2
69872,3
69873,4
69874,3
69875,4
69876,4
69877,3
69878,0
69879,2
69880,0
69881,2
69882,2
69883,3
69884,3
69885,4
69886,0
69887,0
69888,4
69889,1
69890,0
69891,1
69892,3
69893,0
69894,3
69895,3
69896,0
69897,2
69898,3
69899,2
69900,4
69901,4
69902,1
69903,3
69904,3
69905,0
69906,3
69907,4
69908,1
69909,2
69910,3
69911,0
69912,1
69913,4
69914,1
69915,3
69916,3
69917,1
69918,2
69919,1
69920,4
69921,3
69922,4
69923,0
69924,2
69925,2
69926,2
69927,1
69928,4
69929,0
69930,4
69931,1
69932,2
69933,0
69934,0
69935,1
69936,3
69937,0
69938,0
69939,1
69940,2
69941,0
69942,2
69943,0
69944,4
69945,4
69946,3
69947,3
69948,1
69949,1
69950,4
69951,0
69952,2
69953,0
69954,0
69955,0
69956,2
69957,3
69958,1
69959,3
69960,3
69961,4
69962,1
69963,1
69964,4
69965,2
69966,1
69967,2
69968,4
69969,4
69970,3
69971,0
69972,1
69973,1
69974,0
69975,0
69976,0
69977,2
69978,4
69979,2
69980,0
69981,2
69982,1
69983,1
69984,2
69985,2
69986,1
69987,0
69988,0
69989,1
69990,4
69991,2
69992,3
69993,3
69994,0
69995,0
69996,0
69997,0
69998,2
69999,1
70000,0
70001,1
70002,3
70003,1
70004,2
70005,0
70006,0
70007,3
70008,2
70009,1
70010,2
70011,0
70012,0
70013,1
70014,3
70015,0
70016,2
70017,3
70018,4
70019,1
70020,0
70021,1
70022,2
70023,0
70024,1
70025,3
70026,1
70027,4
70028,2
70029,3
70030,3
70031,4
70032,0
70033,4
70034,3
70035,1
70036,1
70037,3
70038,3
70039,2
70040,1
70041,2
70042,0
70043,2
70044,0
70045,1
70046,4
70047,4
70048,4
70049,0
70050,4
70051,2
70052,2
70053,2
70054,0
70055,4
70056,4
70057,1
70058,3
70059,3
70060,0
70061,4
70062,0
70063,1
70064,3
70065,2
70066,3
70067,1
70068,3
70069,4
70070,0
70071,1
70072,3
70073,3
70074,4
70075,3
70076,2
70077,3
70078,1
70079,0
70080,4
70081,0
70082,4
70083,4
70084,2
70085,4
70086,0
70087,3
70088,1
70089,4
70090,2
70091,4
70092,2
70093,4
70094,3
70095,3
70096,0
70097,3
70098,2
70099,0
70100,2
70101,4
70102,2
70103,3
70104,2
70105,3
70106,0
70107,2
70108,0
70109,2
70110,2
70111,4
70112,4
70113,2
70114,4
70115,3
70116,3
70117,2
70118,4
70119,3
70120,1
70121,3
70122,0
70123,0
70124,4
70125,1
70126,1
70127,0
70128,3
70129,2
70130,1
70131,2
70132,0
70133,3
70134,1
70135,0
70136,4
70137,0
70138,0
70139,3
70140,3
70141,0
70142,4
70143,2
70144,0
70145,0
70146,1
70147,1
70148,2
70149,3
70150,2
70151,0
70152,0
70153,1
70154,4
70155,3
70156,3
70157,3
70158,2
70159,3
70160,3
70161,4
70162,3
70163,3
70164,3
70165,3
70166,2
70167,2
70168,4
70169,1
70170,3
70171,1
70172,1
70173,2
70174,0
70175,3
70176,1
70177,4
70178,1
70179,0
70180,4
70181,1
70182,2
70183,1
70184,1
70185,0
70186,0
70187,1
70188,4
70189,3
70190,0
70191,2
70192,4
70193,1
70194,2
70195,4
70196,1
70197,2
70198,2
70199,1
70200,0
70201,0
70202,0
70203,1
70204,2
70205,2
70206,1
70207,0
70208,3
70209,0
70210,0
70211,4
70212,3
70213,2
70214,1
70215,0
70216,2
70217,0
70218,0
70219,2
70220,2
70221,0
70222,0
70223,2
70224,1
70225,1
70226,1
70227,3
70228,3
70229,0
70230,1
70231,2
70232,4
70233,3
70234,3
70235,4
70236,2
70237,2
70238,0
70239,2
70240,1
70241,2
70242,2
70243,1
70244,1
70245,2
70246,2
70247,2
70248,3
70249,3
70250,0
70251,1
70252,1
70253,0
70254,1
70255,1
70256,0
70257,3
70258,1
70259,1
70260,3
70261,2
70262,2
70263,4
70264,1
70265,0
70266,0
70267,3
70268,1
70269,3
70270,2
70271,4
70272,2
70273,2
70274,4
70275,4
70276,2
70277,1
70278,4
70279,1
70280,1
70281,0
70282,3
70283,3
70284,0
70285,0
70286,1
70287,4
70288,0
70289,0
70290,2
70291,0
70292,2
70293,3
70294,1
70295,2
70296,0
70297,3
70298,2
70299,3
70300,3
70301,1
70302,4
70303,0
70304,3
70305,3
70306,1
70307,1
70308,1
70309,3
70310,2
70311,4
70312,0
70313,1
70314,3
70315,3
70316,2
70317,1
70318,2
70319,2
70320,2
70321,2
70322,4
70323,0
70324,1
70325,3
70326,2
70327,3
70328,1
70329,0
70330,3
70331,3
70332,4
70333,3
70334,1
70335,2
70336,1
70337,2
70338,3
70339,1
70340,1
70341,1
70342,3
70343,2
70344,0
70345,3
70346,3
70347,1
70348,2
70349,1
70350,4
70351,4
70352,3
70353,4
70354,2
70355,4
70356,0
70357,2
70358,1
70359,2
70360,4
70361,0
70362,3
70363,2
70364,0
70365,2
70366,0
70367,1
70368,1
70369,2
70370,4
70371,4
70372,2
70373,0
70374,1
70375,4
70376,0
70377,4
70378,1
70379,3
70380,1
70381,0
70382,4
70383,2
70384,2
70385,2
70386,2
70387,0
70388,1
70389,2
70390,0
70391,3
70392,4
70393,2
70394,2
70395,2
70396,3
70397,2
70398,3
70399,0
70400,0
70401,1
70402,2
70403,0
70404,4
70405,0
70406,3
70407,0
70408,3
70409,3
70410,1
70411,0
70412,0
70413,3
70414,2
70415,0
70416,2
70417,2
70418,3
70419,2
70420,2
70421,2
70422,0
70423,0
70424,1
70425,4
70426,3
70427,4
70428,2
70429,2
70430,3
70431,1
70432,2
70433,3
70434,1
70435,2
70436,4
70437,4
70438,3
70439,0
70440,3
70441,0
70442,1
70443,1
70444,1
70445,1
70446,3
70447,3
70448,0
70449,1
70450,0
70451,2
70452,2
70453,0
70454,1
70455,1
70456,3
70457,2
70458,4
70459,0
70460,4
70461,1
70462,4
70463,0
70464,2
70465,1
70466,3
70467,2
70468,1
70469,1
70470,1
70471,0
70472,0
70473,1
70474,0
70475,1
70476,4
70477,4
70478,1
70479,2
70480,0
70481,2
70482,1
70483,4
70484,1
70485,4
70486,1
70487,4
70488,1
70489,1
70490,2
70491,1
70492,3
70493,2
70494,3
70495,0
70496,1
70497,2
70498,3
70499,4
70500,2
70501,4
70502,4
70503,3
70504,2
70505,2
70506,1
70507,0
70508,3
70509,1
70510,2
70511,2
70512,2
70513,3
70514,0
70515,2
70516,4
70517,0
70518,4
70519,3
70520,0
70521,1
70522,1
70523,0
70524,0
70525,0
70526,2
70527,2
70528,4
70529,3
70530,1
70531,4
70532,2
70533,4
70534,0
70535,0
70536,0
70537,1
70538,3
70539,1
70540,1
70541,4
70542,3
70543,3
70544,1
70545,0
70546,0
70547,2
70548,3
70549,4
70550,3
70551,1
70552,4
70553,0
70554,0
70555,2
70556,2
70557,0
70558,0
70559,1
70560,0
70561,1
70562,4
70563,2
70564,3
70565,1
70566,2
70567,4
70568,4
70569,3
70570,1
70571,3
70572,3
70573,3
70574,4
70575,2
70576,2
70577,1
70578,1
70579,1
70580,1
70581,2
70582,4
70583,2
70584,2
70585,2
70586,1
70587,4
70588,2
70589,4
70590,3
70591,2
70592,0
70593,0
70594,3
70595,4
70596,3
70597,4
70598,4
70599,4
70600,0
70601,3
70602,0
70603,2
70604,0
70605,0
70606,3
70607,0
70608,0
70609,1
70610,1
70611,3
70612,0
70613,0
70614,3
70615,3
70616,0
70617,2
70618,0
70619,2
70620,2
70621,0
70622,2
70623,2
70624,1
70625,1
70626,3
70627,0
70628,0
70629,2
70630,4
70631,1
70632,2
70633,2
70634,3
70635,2
70636,3
70637,2
70638,2
70639,0
70640,0
70641,2
70642,2
70643,2
70644,4
70645,2
70646,1
70647,0
70648,0
70649,3
70650,2
70651,0
70652,0
70653,4
70654,0
70655,2
70656,3
70657,1
70658,4
70659,0
70660,1
70661,2
70662,2
70663,3
70664,4
70665,0
70666,1
70667,3
70668,3
70669,3
70670,2
70671,0
70672,2
70673,4
70674,2
70675,0
70676,0
70677,0
70678,1
70679,4
70680,0
70681,2
70682,1
70683,2
70684,4
70685,3
70686,0
70687,0
70688,4
70689,3
70690,4
70691,2
70692,0
70693,0
70694,1
70695,1
70696,2
70697,2
70698,3
70699,1
70700,1
70701,4
70702,0
70703,2
70704,2
70705,1
70706,3
70707,0
70708,3
70709,1
70710,1
70711,3
70712,3
70713,0
70714,4
70715,2
70716,2
70717,4
70718,1
70719,1
70720,0
70721,1
70722,2
70723,1
70724,1
70725,1
70726,4
70727,1
70728,4
70729,0
70730,2
70731,1
70732,2
70733,4
70734,4
70735,0
70736,0
70737,0
70738,0
70739,2
70740,4
70741,1
70742,2
70743,0
70744,3
70745,1
70746,4
70747,0
70748,2
70749,3
70750,4
70751,2
70752,3
70753,4
70754,3
70755,2
70756,3
70757,1
70758,3
70759,0
70760,3
70761,1
70762,0
70763,2
70764,1
70765,0
70766,2
70767,3
70768,0
70769,0
70770,1
70771,1
70772,1
70773,3
70774,2
70775,3
70776,1
70777,0
70778,4
70779,2
70780,0
70781,0
70782,0
70783,1
70784,1
70785,1
70786,4
70787,3
70788,1
70789,1
70790,2
70791,2
70792,4
70793,2
70794,3
70795,2
70796,4
70797,3
70798,3
70799,2
70800,2
70801,2
70802,2
70803,1
70804,2
70805,1
70806,2
70807,3
70808,2
70809,2
70810,0
70811,4
70812,2
70813,3
70814,4
70815,3
70816,2
70817,2
70818,1
70819,3
70820,2
70821,2
70822,4
70823,0
70824,4
70825,1
70826,4
70827,4
70828,0
70829,2
70830,0
70831,2
70832,1
70833,0
70834,1
70835,0
70836,3
70837,3
70838,4
70839,2
70840,1
70841,3
70842,1
70843,0
70844,3
70845,1
70846,1
70847,4
70848,4
70849,1
70850,3
70851,2
70852,3
70853,4
70854,0
70855,0
70856,1
70857,0
70858,3
70859,0
70860,2
70861,2
70862,3
70863,4
70864,0
70865,1
70866,0
70867,0
70868,3
70869,0
70870,0
70871,2
70872,2
70873,3
70874,1
70875,2
70876,1
70877,0
70878,2
70879,0
70880,3
70881,3
70882,3
70883,4
70884,4
70885,0
70886,4
70887,2
70888,0
70889,4
70890,3
70891,3
70892,1
70893,3
70894,3
70895,1
70896,3
70897,3
70898,3
70899,1
70900,4
70901,2
70902,3
70903,0
70904,3
70905,2
70906,4
70907,4
70908,0
70909,2
70910,3
70911,1
70912,1
70913,2
70914,2
70915,0
70916,0
70917,0
70918,1
70919,3
70920,3
70921,3
70922,4
70923,1
70924,4
70925,3
70926,4
70927,1
70928,3
70929,3
70930,2
70931,3
70932,0
70933,3
70934,3
70935,2
70936,0
70937,2
70938,1
70939,1
70940,3
70941,1
70942,3
70943,4
70944,2
70945,2
70946,0
70947,2
70948,4
70949,4
70950,0
70951,0
70952,4
70953,1
70954,1
70955,0
70956,0
70957,0
70958,1
70959,2
70960,3
70961,1
70962,2
70963,1
70964,3
70965,3
70966,0
70967,4
70968,1
70969,1
70970,2
70971,1
70972,0
70973,0
70974,0
70975,0
70976,0
70977,4
70978,1
70979,3
70980,0
70981,3
70982,2
70983,1
70984,2
70985,2
70986,3
70987,4
70988,1
70989,1
70990,0
70991,3
70992,0
70993,2
70994,3
70995,2
70996,1
70997,4
70998,1
70999,3
71000,1
71001,0
71002,4
71003,1
71004,0
71005,1
71006,0
71007,3
71008,2
71009,1
71010,4
71011,3
71012,0
71013,1
71014,0
71015,3
71016,0
71017,2
71018,4
71019,2
71020,2
71021,3
71022,4
71023,2
71024,2
71025,3
71026,0
71027,1
71028,2
71029,4
71030,1
71031,0
71032,0
71033,4
71034,1
71035,0
71036,4
71037,0
71038,2
71039,2
71040,2
71041,0
71042,0
71043,3
71044,2
71045,2
71046,3
71047,3
71048,0
71049,2
71050,1
71051,3
71052,0
71053,2
71054,4
71055,0
71056,4
71057,3
71058,1
71059,3
71060,4
71061,4
71062,2
71063,0
71064,4
71065,4
71066,2
71067,4
71068,1
71069,4
71070,0
71071,4
71072,1
71073,2
71074,4
71075,0
71076,0
71077,2
71078,3
71079,1
71080,4
71081,1
71082,4
71083,4
71084,4
71085,2
71086,0
71087,0
71088,3
71089,0
71090,0
71091,0
71092,2
71093,0
71094,1
71095,2
71096,3
71097,3
71098,1
71099,0
71100,0
71101,1
71102,0
71103,3
71104,2
71105,3
71106,2
71107,0
71108,4
71109,0
71110,1
71111,4
71112,0
71113,2
71114,1
71115,2
71116,1
71117,1
71118,1
71119,3
71120,2
71121,0
71122,2
71123,1
71124,2
71125,1
71126,0
71127,1
71128,3
71129,2
71130,3
71131,3
71132,4
71133,4
71134,0
71135,3
71136,1
71137,3
71138,3
71139,3
71140,3
71141,1
71142,3
71143,0
71144,3
71145,1
71146,1
71147,1
71148,2
71149,0
71150,1
71151,2
71152,0
71153,1
71154,1
71155,3
71156,2
71157,1
71158,2
71159,0
71160,3
71161,2
71162,1
71163,0
71164,0
71165,0
71166,4
71167,4
71168,3
71169,2
71170,0
71171,2
71172,0
71173,1
71174,1
71175,1
71176,2
71177,1
71178,1
71179,4
71180,0
71181,1
71182,1
71183,2
71184,2
71185,0
71186,0
71187,4
71188,4
71189,1
71190,2
71191,1
71192,3
71193,3
71194,0
71195,3
71196,3
71197,3
71198,2
71199,1
71200,1
71201,0
71202,1
71203,3
71204,2
71205,2
71206,1
71207,1
71208,0
71209,2
71210,1
71211,2
71212,4
71213,3
71214,3
71215,1
71216,3
71217,1
71218,2
71219,0
71220,3
71221,0
71222,0
71223,3
71224,3
71225,1
71226,1
71227,1
71228,3
71229,3
71230,2
71231,0
71232,0
71233,2
71234,2
71235,0
71236,4
71237,2
71238,1
71239,0
71240,3
71241,2
71242,0
71243,3
71244,2
71245,4
71246,2
71247,3
71248,2
71249,0
71250,0
71251,4
71252,3
71253,2
71254,1
71255,4
71256,4
71257,3
71258,0
71259,2
71260,2
71261,4
71262,2
71263,2
71264,1
71265,2
71266,2
71267,1
71268,0
71269,0
71270,2
71271,0
71272,3
71273,1
71274,4
71275,4
71276,4
71277,2
71278,0
71279,4
71280,1
71281,3
71282,1
71283,2
71284,3
71285,2
71286,0
71287,4
71288,1
71289,1
71290,4
71291,0
71292,0
71293,3
71294,0
71295,1
71296,0
71297,0
71298,1
71299,1
71300,3
71301,0
71302,1
71303,4
71304,1
71305,1
71306,1
71307,2
71308,4
71309,1
71310,2
71311,4
71312,0
71313,0
71314,3
71315,4
71316,4
71317,3
71318,1
71319,0
71320,1
71321,0
71322,1
71323,2
71324,1
71325,2
71326,2
71327,0
71328,3
71329,0
71330,1
71331,2
71332,1
71333,1
71334,0
71335,2
71336,4
71337,3
71338,4
71339,3
71340,1
71341,4
71342,4
71343,3
71344,0
71345,0
71346,2
71347,0
71348,4
71349,1
71350,4
71351,2
71352,2
71353,0
71354,2
71355,2
71356,2
71357,3
71358,2
71359,1
71360,0
71361,1
71362,3
71363,2
71364,4
71365,3
71366,0
71367,3
71368,4
71369,3
71370,3
71371,3
71372,0
71373,4
71374,4
71375,2
71376,0
71377,2
71378,0
71379,0
71380,4
71381,0
71382,0
71383,2
71384,0
71385,2
71386,0
71387,1
71388,2
71389,1
71390,1
71391,0
71392,3
71393,3
71394,4
71395,4
71396,4
71397,0
71398,3
71399,2
71400,3
71401,0
71402,1
71403,1
71404,0
71405,2
71406,2
71407,2
71408,3
71409,3
71410,1
71411,0
71412,2
71413,1
71414,1
71415,3
71416,0
71417,2
71418,0
71419,3
71420,2
71421,3
71422,0
71423,1
71424,0
71425,2
71426,4
71427,1
71428,2
71429,4
71430,2
71431,3
71432,1
71433,1
71434,3
71435,0
71436,3
71437,1
71438,2
71439,0
71440,1
71441,4
71442,1
71443,2
71444,4
71445,4
71446,3
71447,0
71448,3
71449,4
71450,2
71451,1
71452,4
71453,4
71454,3
71455,3
71456,2
71457,2
71458,1
71459,3
71460,3
71461,4
71462,3
71463,3
71464,3
71465,3
71466,0
71467,0
71468,1
71469,4
71470,0
71471,4
71472,2
71473,4
71474,2
71475,0
71476,0
71477,3
71478,4
71479,0
71480,3
71481,4
71482,3
71483,0
71484,4
71485,0
71486,0
71487,3
71488,0
71489,0
71490,0
71491,3
71492,0
71493,1
71494,2
71495,1
71496,0
71497,0
71498,4
71499,3
71500,0
71501,2
71502,2
71503,2
71504,1
71505,0
71506,2
71507,1
71508,2
71509,1
71510,3
71511,4
71512,0
71513,4
71514,3
71515,3
71516,1
71517,3
71518,1
71519,4
71520,0
71521,4
71522,1
71523,4
71524,1
71525,3
71526,3
71527,2
71528,0
71529,4
71530,3
71531,4
71532,2
71533,0
71534,4
71535,2
71536,4
71537,4
71538,3
71539,2
71540,1
71541,0
71542,4
71543,2
71544,0
71545,1
71546,0
71547,4
71548,2
71549,4
71550,1
71551,4
71552,2
71553,2
71554,1
71555,1
71556,4
71557,0
71558,3
71559,0
71560,3
71561,3
71562,4
71563,1
71564,3
71565,0
71566,2
71567,1
71568,4
71569,4
71570,3
71571,0
71572,1
71573,3
71574,0
71575,4
71576,2
71577,2
71578,0
71579,4
71580,1
71581,3
71582,2
71583,0
71584,3
71585,4
71586,1
71587,1
71588,4
71589,0
71590,2
71591,4
71592,0
71593,2
71594,2
71595,3
71596,3
71597,0
71598,2
71599,4
71600,2
71601,0
71602,3
71603,1
71604,1
71605,1
71606,1
71607,0
71608,1
71609,4
71610,0
71611,0
71612,2
71613,2
71614,0
71615,0
71616,4
71617,1
71618,4
71619,3
71620,4
71621,3
71622,0
71623,0
71624,3
71625,0
71626,2
71627,2
71628,4
71629,0
71630,2
71631,1
71632,4
71633,1
71634,2
71635,0
71636,1
71637,3
71638,0
71639,4
71640,0
71641,2
71642,0
71643,0
71644,1
71645,2
71646,3
71647,0
71648,3
71649,0
71650,1
71651,1
71652,3
71653,1
71654,3
71655,4
71656,1
71657,1
71658,4
71659,4
71660,3
71661,4
71662,4
71663,2
71664,0
71665,3
71666,3
71667,1
71668,4
71669,0
71670,1
71671,0
71672,1
71673,2
71674,4
71675,2
71676,1
71677,4
71678,2
71679,2
71680,1
71681,0
71682,3
71683,2
71684,3
71685,4
71686,1
71687,3
71688,3
71689,1
71690,1
71691,1
71692,0
71693,4
71694,4
71695,3
71696,1
71697,0
71698,3
71699,2
71700,4
71701,2
71702,3
71703,4
71704,2
71705,3
71706,4
71707,2
71708,1
71709,4
71710,2
71711,0
71712,1
71713,3
71714,3
71715,4
71716,3
71717,2
71718,2
71719,3
71720,1
71721,1
71722,2
71723,2
71724,0
71725,0
71726,0
71727,1
71728,3
71729,2
71730,4
71731,4
71732,0
71733,3
71734,0
71735,4
71736,3
71737,1
71738,2
71739,2
71740,1
71741,2
71742,2
71743,1
71744,2
71745,2
71746,1
71747,2
71748,2
71749,4
71750,2
71751,1
71752,3
71753,1
71754,4
71755,0
71756,0
71757,3
71758,2
71759,2
71760,2
71761,1
71762,1
71763,1
71764,2
71765,4
71766,0
71767,2
71768,4
71769,2
71770,4
71771,1
71772,2
71773,0
71774,4
71775,1
71776,3
71777,0
71778,3
71779,0
71780,0
71781,1
71782,1
71783,0
71784,2
71785,2
71786,0
71787,2
71788,3
71789,3
71790,3
71791,3
71792,0
71793,0
71794,4
71795,0
71796,0
71797,3
71798,2
71799,2
71800,0
71801,3
71802,0
71803,2
71804,1
71805,1
71806,0
71807,1
71808,0
71809,3
71810,4
71811,1
71812,3
71813,3
71814,0
71815,0
71816,3
71817,3
71818,2
71819,1
71820,0
71821,3
71822,1
71823,0
71824,2
71825,2
71826,3
71827,3
71828,1
71829,0
71830,4
71831,3
71832,1
71833,1
71834,2
71835,0
71836,0
71837,0
71838,1
71839,0
71840,0
71841,2
71842,1
71843,2
71844,1
71845,2
71846,2
71847,2
71848,1
71849,4
71850,0
71851,2
71852,2
71853,4
71854,4
71855,2
71856,0
71857,0
71858,0
71859,2
71860,1
71861,1
71862,4
71863,0
71864,3
71865,1
71866,0
71867,4
71868,4
71869,2
71870,3
71871,0
71872,4
71873,1
71874,0
71875,4
71876,2
71877,4
71878,1
71879,1
71880,2
71881,3
71882,1
71883,1
71884,2
71885,3
71886,0
71887,0
71888,3
71889,0
71890,0
71891,0
71892,2
71893,2
71894,0
71895,4
71896,3
71897,3
71898,0
71899,3
71900,4
71901,0
71902,1
71903,4
71904,0
71905,0
71906,0
71907,4
71908,0
71909,2
71910,3
71911,1
71912,0
71913,2
71914,0
71915,3
71916,0
71917,1
71918,3
71919,1
71920,2
71921,3
71922,4
71923,3
71924,3
71925,1
71926,3
71927,1
71928,2
71929,4
71930,1
71931,1
71932,0
71933,0
71934,0
71935,2
71936,4
71937,2
71938,4
71939,4
71940,3
71941,2
71942,2
71943,3
71944,0
71945,1
71946,3
71947,3
71948,3
71949,1
71950,3
71951,2
71952,0
71953,2
71954,0
71955,4
71956,2
71957,4
71958,0
71959,2
71960,3
71961,0
71962,4
71963,1
71964,0
71965,2
71966,0
71967,3
71968,0
71969,3
71970,2
71971,3
71972,3
71973,4
71974,4
71975,4
71976,2
71977,0
71978,0
71979,2
71980,1
71981,0
71982,0
71983,0
71984,1
71985,1
71986,4
71987,1
71988,1
71989,2
71990,4
71991,3
71992,2
71993,3
71994,3
71995,2
71996,2
71997,1
71998,4
71999,1
72000,2
72001,4
72002,2
72003,3
72004,2
72005,3
72006,4
72007,3
72008,2
72009,4
72010,2
72011,4
72012,2
72013,1
72014,4
72015,2
72016,0
72017,2
72018,1
72019,3
72020,2
72021,2
72022,4
72023,0
72024,4
72025,2
72026,3
72027,3
72028,0
72029,0
72030,4
72031,2
72032,1
72033,1
72034,3
72035,1
72036,3
72037,0
72038,1
72039,2
72040,4
72041,3
72042,2
72043,4
72044,2
72045,1
72046,3
72047,3
72048,1
72049,4
72050,0
72051,2
72052,0
72053,3
72054,3
72055,3
72056,0
72057,3
72058,1
72059,2
72060,1
72061,3
72062,1
72063,2
72064,1
72065,0
72066,4
72067,0
72068,0
72069,0
72070,0
72071,0
72072,4
72073,3
72074,2
72075,0
72076,1
72077,4
72078,0
72079,0
72080,2
72081,1
72082,1
72083,2
72084,1
72085,0
72086,3
72087,3
72088,0
72089,1
72090,2
72091,2
72092,2
72093,2
72094,0
72095,2
72096,4
72097,3
72098,1
72099,4
72100,0
72101,1
72102,4
72103,4
72104,1
72105,0
72106,3
72107,2
72108,1
72109,0
72110,4
72111,1
72112,3
72113,3
72114,1
72115,4
72116,4
72117,0
72118,1
72119,0
72120,0
72121,3
72122,1
72123,2
72124,0
72125,3
72126,2
72127,4
72128,1
72129,0
72130,3
72131,1
72132,4
72133,4
72134,4
72135,4
72136,3
72137,4
72138,4
72139,2
72140,0
72141,0
72142,3
72143,3
72144,1
72145,2
72146,0
72147,3
72148,1
72149,1
72150,0
72151,2
72152,0
72153,0
72154,2
72155,3
72156,3
72157,0
72158,3
72159,2
72160,4
72161,3
72162,3
72163,3
72164,0
72165,4
72166,3
72167,3
72168,1
72169,2
72170,2
72171,1
72172,1
72173,3
72174,2
72175,3
72176,0
72177,3
72178,1
72179,3
72180,2
72181,1
72182,0
72183,1
72184,3
72185,2
72186,3
72187,4
72188,2
72189,1
72190,3
72191,2
72192,0
72193,3
72194,1
72195,2
72196,3
72197,3
72198,1
72199,0
72200,2
72201,0
72202,1
72203,2
72204,0
72205,0
72206,4
72207,0
72208,1
72209,2
72210,1
72211,1
72212,1
72213,2
72214,1
72215,0
72216,4
72217,3
72218,3
72219,0
72220,3
72221,2
72222,4
72223,2
72224,2
72225,3
72226,4
72227,1
72228,2
72229,3
72230,0
72231,4
72232,1
72233,0
72234,3
72235,3
72236,1
72237,0
72238,2
72239,1
72240,1
72241,0
72242,1
72243,3
72244,0
72245,0
72246,0
72247,1
72248,0
72249,2
72250,0
72251,0
72252,2
72253,2
72254,1
72255,2
72256,3
72257,1
72258,0
72259,0
72260,0
72261,0
72262,4
72263,2
72264,0
72265,1
72266,2
72267,4
72268,4
72269,4
72270,0
72271,3
72272,3
72273,2
72274,0
72275,1
72276,0
72277,4
72278,1
72279,0
72280,3
72281,3
72282,2
72283,3
72284,2
72285,0
72286,2
72287,0
72288,3
72289,1
72290,2
72291,2
72292,4
72293,3
72294,2
72295,0
72296,1
72297,2
72298,3
72299,0
72300,2
72301,3
72302,0
72303,0
72304,0
72305,3
72306,4
72307,2
72308,1
72309,1
72310,4
72311,3
72312,1
72313,1
72314,0
72315,2
72316,3
72317,1
72318,0
72319,1
72320,4
72321,4
72322,3
72323,0
72324,0
72325,3
72326,3
72327,3
72328,3
72329,1
72330,2
72331,2
72332,0
72333,0
72334,0
72335,1
72336,3
72337,2
72338,4
72339,0
72340,2
72341,2
72342,2
72343,2
72344,1
72345,1
72346,0
72347,4
72348,4
72349,4
72350,0
72351,2
72352,3
72353,3
72354,4
72355,0
72356,3
72357,3
72358,0
72359,3
72360,3
72361,4
72362,4
72363,2
72364,2
72365,2
72366,1
72367,3
72368,2
72369,0
72370,3
72371,4
72372,4
72373,0
72374,3
72375,4
72376,3
72377,3
72378,4
72379,0
72380,4
72381,1
72382,1
72383,1
72384,2
72385,1
72386,0
72387,3
72388,1
72389,4
72390,4
72391,2
72392,3
72393,0
72394,0
72395,2
72396,2
72397,2
72398,0
72399,3
72400,0
72401,1
72402,4
72403,4
72404,1
72405,0
72406,1
72407,3
72408,4
72409,3
72410,1
72411,0
72412,3
72413,0
72414,2
72415,1
72416,2
72417,2
72418,0
72419,2
72420,0
72421,4
72422,4
72423,3
72424,4
72425,2
72426,0
72427,1
72428,0
72429,1
72430,1
72431,3
72432,2
72433,1
72434,0
72435,1
72436,0
72437,0
72438,3
72439,2
72440,2
72441,2
72442,0
72443,0
72444,4
72445,3
72446,3
72447,0
72448,3
72449,3
72450,2
72451,3
72452,1
72453,3
72454,3
72455,2
72456,0
72457,0
72458,4
72459,1
72460,1
72461,1
72462,4
72463,2
72464,2
72465,2
72466,4
72467,3
72468,4
72469,3
72470,2
72471,3
72472,2
72473,1
72474,0
72475,1
72476,2
72477,0
72478,3
72479,1
72480,0
72481,0
72482,0
72483,2
72484,3
72485,3
72486,3
72487,0
72488,1
72489,2
72490,3
72491,2
72492,2
72493,0
72494,3
72495,1
72496,0
72497,4
72498,2
72499,2
72500,4
72501,0
72502,2
72503,1
72504,4
72505,3
72506,0
72507,0
72508,2
72509,0
72510,1
72511,1
72512,3
72513,1
72514,4
72515,0
72516,3
72517,0
72518,4
72519,0
72520,3
72521,1
72522,1
72523,2
72524,3
72525,1
72526,3
72527,1
72528,0
72529,3
72530,2
72531,3
72532,2
72533,1
72534,0
72535,0
72536,2
72537,2
72538,4
72539,0
72540,1
72541,1
72542,1
72543,2
72544,0
72545,4
72546,2
72547,3
72548,3
72549,0
72550,3
72551,2
72552,3
72553,2
72554,1
72555,4
72556,3
72557,1
72558,1
72559,1
72560,3
72561,3
72562,1
72563,2
72564,0
72565,0
72566,2
72567,2
72568,2
72569,1
72570,3
72571,3
72572,2
72573,3
72574,1
72575,1
72576,1
72577,4
72578,2
72579,3
72580,2
72581,1
72582,3
72583,4
72584,0
72585,4
72586,3
72587,3
72588,1
72589,3
72590,4
72591,0
72592,0
72593,0
72594,1
72595,3
72596,4
72597,2
72598,0
72599,1
72600,4
72601,0
72602,4
72603,3
72604,2
72605,1
72606,1
72607,4
72608,2
72609,0
72610,1
72611,1
72612,1
72613,2
72614,2
72615,3
72616,4
72617,2
72618,3
72619,3
72620,2
72621,4
72622,4
72623,3
72624,1
72625,0
72626,2
72627,2
72628,0
72629,4
72630,2
72631,2
72632,2
72633,1
72634,2
72635,2
72636,4
72637,0
72638,2
72639,1
72640,2
72641,0
72642,2
72643,3
72644,2
72645,4
72646,1
72647,4
72648,2
72649,0
72650,1
72651,1
72652,0
72653,2
72654,2
72655,1
72656,0
72657,4
72658,4
72659,1
72660,4
72661,0
72662,2
72663,2
72664,3
72665,1
72666,2
72667,0
72668,1
72669,4
72670,3
72671,3
72672,4
72673,4
72674,4
72675,2
72676,4
72677,1
72678,2
72679,2
72680,2
72681,2
72682,1
72683,1
72684,2
72685,1
72686,0
72687,4
72688,1
72689,0
72690,1
72691,0
72692,0
72693,0
72694,0
72695,0
72696,1
72697,2
72698,3
72699,1
72700,2
72701,2
72702,3
72703,4
72704,1
72705,0
72706,4
72707,3
72708,0
72709,3
72710,2
72711,0
72712,2
72713,4
72714,4
72715,0
72716,3
72717,2
72718,4
72719,1
72720,0
72721,4
72722,4
72723,1
72724,4
72725,1
72726,3
72727,2
72728,1
72729,0
72730,1
72731,1
72732,1
72733,4
72734,3
72735,0
72736,2
72737,1
72738,2
72739,3
72740,1
72741,3
72742,0
72743,4
72744,0
72745,3
72746,3
72747,4
72748,3
72749,2
72750,0
72751,1
72752,4
72753,0
72754,4
72755,4
72756,1
72757,4
72758,3
72759,2
72760,4
72761,0
72762,1
72763,4
72764,3
72765,0
72766,2
72767,4
72768,2
72769,3
72770,0
72771,2
72772,2
72773,2
72774,0
72775,3
72776,1
72777,2
72778,3
72779,2
72780,3
72781,1
72782,1
72783,3
72784,2
72785,4
72786,4
72787,2
72788,3
72789,2
72790,1
72791,1
72792,0
72793,1
72794,0
72795,4
72796,1
72797,0
72798,3
72799,4
72800,1
72801,4
72802,4
72803,2
72804,4
72805,4
72806,0
72807,0
72808,2
72809,0
72810,2
72811,3
72812,1
72813,3
72814,1
72815,1
72816,3
72817,1
72818,3
72819,4
72820,3
72821,1
72822,0
72823,2
72824,4
72825,3
72826,3
72827,3
72828,2
72829,0
72830,3
72831,1
72832,4
72833,1
72834,0
72835,2
72836,4
72837,1
72838,4
72839,2
72840,0
72841,4
72842,0
72843,2
72844,3
72845,0
72846,1
72847,0
72848,1
72849,0
72850,0
72851,3
72852,3
72853,0
72854,0
72855,0
72856,4
72857,2
72858,0
72859,0
72860,1
72861,1
72862,2
72863,2
72864,0
72865,3
72866,1
72867,2
72868,3
72869,2
72870,3
72871,1
72872,0
72873,2
72874,0
72875,0
72876,0
72877,3
72878,2
72879,2
72880,4
72881,4
72882,3
72883,2
72884,4
72885,3
72886,0
72887,1
72888,2
72889,0
72890,0
72891,0
72892,3
72893,0
72894,1
72895,4
72896,4
72897,3
72898,4
72899,3
72900,2
72901,0
72902,4
72903,2
72904,3
72905,4
72906,4
72907,1
72908,1
72909,4
72910,1
72911,4
72912,0
72913,0
72914,0
72915,4
72916,4
72917,0
72918,4
72919,1
72920,4
72921,1
72922,0
72923,1
72924,0
72925,2
72926,1
72927,0
72928,4
72929,4
72930,1
72931,2
72932,0
72933,4
72934,0
72935,3
72936,0
72937,0
72938,3
72939,2
72940,0
72941,4
72942,0
72943,3
72944,4
72945,4
72946,2
72947,3
72948,3
72949,3
72950,2
72951,1
72952,3
72953,2
72954,4
72955,3
72956,4
72957,1
72958,0
72959,0
72960,1
72961,2
72962,2
72963,4
72964,4
72965,0
72966,0
72967,2
72968,0
72969,0
72970,4
72971,4
72972,1
72973,0
72974,2
72975,0
72976,0
72977,0
72978,0
72979,1
72980,1
72981,4
72982,1
72983,3
72984,3
72985,2
72986,4
72987,1
72988,2
72989,4
72990,2
72991,4
72992,3
72993,1
72994,2
72995,0
72996,2
72997,4
72998,2
72999,1
73000,0
73001,1
73002,2
73003,3
73004,1
73005,2
73006,3
73007,3
73008,1
73009,2
73010,1
73011,1
73012,0
73013,0
73014,1
73015,1
73016,2
73017,4
73018,3
73019,3
73020,2
73021,3
73022,3
73023,1
73024,3
73025,2
73026,4
73027,1
73028,0
73029,3
73030,1
73031,2
73032,0
73033,2
73034,2
73035,3
73036,4
73037,1
73038,3
73039,0
73040,0
73041,0
73042,1
73043,1
73044,2
73045,4
73046,1
73047,4
73048,0
73049,1
73050,1
73051,0
73052,4
73053,2
73054,1
73055,3
73056,4
73057,0
73058,1
73059,4
73060,1
73061,2
73062,4
73063,4
73064,2
73065,1
73066,2
73067,0
73068,3
73069,0
73070,0
73071,3
73072,2
73073,1
73074,2
73075,1
73076,1
73077,2
73078,3
73079,2
73080,0
73081,2
73082,0
73083,2
73084,0
73085,0
73086,1
73087,0
73088,4
73089,0
73090,0
73091,4
73092,0
73093,1
73094,1
73095,4
73096,2
73097,0
73098,1
73099,0
73100,4
73101,0
73102,3
73103,1
73104,2
73105,1
73106,3
73107,2
73108,1
73109,1
73110,4
73111,4
73112,2
73113,0
73114,0
73115,0
73116,0
73117,2
73118,1
73119,2
73120,2
73121,2
73122,2
73123,2
73124,3
73125,4
73126,2
73127,4
73128,4
73129,1
73130,3
73131,1
73132,1
73133,2
73134,3
73135,2
73136,0
73137,2
73138,4
73139,0
73140,1
73141,2
73142,1
73143,3
73144,3
73145,2
73146,4
73147,0
73148,0
73149,1
73150,2
73151,1
73152,1
73153,4
73154,1
73155,3
73156,3
73157,0
73158,1
73159,1
73160,4
73161,4
73162,1
73163,1
73164,2
73165,4
73166,1
73167,0
73168,1
73169,3
73170,1
73171,2
73172,3
73173,2
73174,0
73175,4
73176,3
73177,4
73178,0
73179,1
73180,3
73181,4
73182,3
73183,0
73184,0
73185,2
73186,4
73187,0
73188,4
73189,2
73190,1
73191,0
73192,4
73193,4
73194,1
73195,1
73196,1
73197,1
73198,1
73199,1
73200,2
73201,4
73202,3
73203,2
73204,2
73205,4
73206,2
73207,1
73208,2
73209,4
73210,0
73211,2
73212,3
73213,4
73214,4
73215,4
73216,0
73217,3
73218,2
73219,1
73220,2
73221,3
73222,4
73223,0
73224,1
73225,0
73226,0
73227,1
73228,4
73229,2
73230,0
73231,2
73232,3
73233,2
73234,4
73235,3
73236,3
73237,1
73238,1
73239,4
73240,0
73241,3
73242,3
73243,4
73244,3
73245,0
73246,0
73247,1
73248,1
73249,0
73250,2
73251,1
73252,0
73253,0
73254,0
73255,1
73256,1
73257,3
73258,0
73259,1
73260,0
73261,2
73262,0
73263,1
73264,0
73265,2
73266,0
73267,3
73268,1
73269,0
73270,2
73271,4
73272,2
73273,4
73274,3
73275,0
73276,0
73277,1
73278,3
73279,0
73280,0
73281,0
73282,4
73283,2
73284,2
73285,0
73286,0
73287,0
73288,0
73289,0
73290,4
73291,2
73292,4
73293,1
73294,2
73295,0
73296,2
73297,2
73298,1
73299,4
73300,1
73301,0
73302,0
73303,4
73304,4
73305,3
73306,0
73307,0
73308,1
73309,0
73310,2
73311,4
73312,2
73313,1
73314,4
73315,3
73316,4
73317,2
73318,2
73319,1
73320,1
73321,2
73322,0
73323,3
73324,0
73325,1
73326,4
73327,4
73328,3
73329,3
73330,1
73331,2
73332,1
73333,2
73334,0
73335,3
73336,0
73337,1
73338,3
73339,4
73340,1
73341,3
73342,2
73343,3
73344,0
73345,1
73346,1
73347,4
73348,3
73349,1
73350,3
73351,0
73352,3
73353,0
73354,0
73355,0
73356,2
73357,1
73358,2
73359,0
73360,2
73361,1
73362,1
73363,2
73364,2
73365,4
73366,2
73367,4
73368,3
73369,1
73370,4
73371,3
73372,2
73373,2
73374,3
73375,3
73376,4
73377,3
73378,2
73379,4
73380,2
73381,3
73382,4
73383,4
73384,3
73385,1
73386,3
73387,1
73388,4
73389,1
73390,4
73391,2
73392,4
73393,3
73394,4
73395,3
73396,0
73397,0
73398,4
73399,4
73400,0
73401,0
73402,1
73403,2
73404,0
73405,0
73406,0
73407,2
73408,0
73409,4
73410,4
73411,1
73412,0
73413,4
73414,4
73415,4
73416,0
73417,4
73418,1
73419,4
73420,2
73421,0
73422,1
73423,4
73424,4
73425,2
73426,3
73427,3
73428,1
73429,1
73430,0
73431,0
73432,4
73433,4
73434,1
73435,0
73436,2
73437,2
73438,1
73439,2
73440,0
73441,3
73442,4
73443,2
73444,3
73445,1
73446,3
73447,1
73448,1
73449,4
73450,0
73451,1
73452,1
73453,1
73454,4
73455,1
73456,2
73457,4
73458,3
73459,3
73460,2
73461,2
73462,0
73463,3
73464,3
73465,2
73466,3
73467,0
73468,1
73469,3
73470,1
73471,0
73472,1
73473,3
73474,1
73475,0
73476,2
73477,0
73478,2
73479,0
73480,4
73481,3
73482,2
73483,0
73484,2
73485,0
73486,0
73487,1
73488,4
73489,0
73490,4
73491,1
73492,0
73493,1
73494,1
73495,1
73496,4
73497,3
73498,3
73499,1
73500,4
73501,0
73502,4
73503,1
73504,3
73505,0
73506,1
73507,2
73508,2
73509,2
73510,3
73511,3
73512,0
73513,0
73514,2
73515,4
73516,2
73517,4
73518,0
73519,0
73520,2
73521,3
73522,0
73523,1
73524,1
73525,3
73526,0
73527,2
73528,3
73529,2
73530,3
73531,4
73532,3
73533,1
73534,2
73535,1
73536,1
73537,0
73538,0
73539,1
73540,1
73541,0
73542,3
73543,0
73544,0
73545,4
73546,4
73547,2
73548,4
73549,3
73550,0
73551,4
73552,0
73553,3
73554,3
73555,4
73556,3
73557,0
73558,2
73559,0
73560,0
73561,3
73562,4
73563,3
73564,3
73565,1
73566,4
73567,0
73568,4
73569,2
73570,1
73571,1
73572,2
73573,1
73574,4
73575,1
73576,3
73577,3
73578,2
73579,2
73580,2
73581,2
73582,2
73583,1
73584,2
73585,1
73586,4
73587,0
73588,0
73589,2
73590,2
73591,3
73592,3
73593,3
73594,0
73595,2
73596,0
73597,0
73598,1
73599,1
73600,3
73601,0
73602,2
73603,2
73604,0
73605,4
73606,4
73607,3
73608,4
73609,0
73610,0
73611,1
73612,4
73613,2
73614,0
73615,0
73616,4
73617,1
73618,0
73619,3
73620,1
73621,4
73622,2
73623,4
73624,0
73625,3
73626,3
73627,0
73628,2
73629,2
73630,0
73631,1
73632,4
73633,0
73634,3
73635,4
73636,1
73637,4
73638,0
73639,3
73640,4
73641,4
73642,2
73643,1
73644,0
73645,0
73646,0
73647,0
73648,2
73649,2
73650,0
73651,0
73652,4
73653,3
73654,1
73655,3
73656,3
73657,0
73658,3
73659,0
73660,0
73661,2
73662,1
73663,3
73664,4
73665,4
73666,0
73667,2
73668,4
73669,2
73670,2
73671,2
73672,3
73673,1
73674,1
73675,0
73676,2
73677,1
73678,2
73679,4
73680,4
73681,3
73682,0
73683,4
73684,1
73685,2
73686,3
73687,4
73688,0
73689,3
73690,1
73691,4
73692,2
73693,3
73694,0
73695,2
73696,1
73697,1
73698,3
73699,3
73700,3
73701,0
73702,0
73703,2
73704,2
73705,3
73706,3
73707,2
73708,2
73709,4
73710,0
73711,1
73712,4
73713,1
73714,4
73715,2
73716,2
73717,0
73718,3
73719,0
73720,2
73721,1
73722,3
73723,0
73724,2
73725,4
73726,2
73727,0
73728,1
73729,2
73730,1
73731,1
73732,1
73733,1
73734,4
73735,4
73736,4
73737,1
73738,1
73739,1
73740,1
73741,4
73742,1
73743,3
73744,1
73745,1
73746,4
73747,0
73748,4
73749,0
73750,4
73751,0
73752,3
73753,4
73754,4
73755,4
73756,2
73757,0
73758,2
73759,2
73760,2
73761,4
73762,3
73763,1
73764,4
73765,3
73766,1
73767,1
73768,4
73769,2
73770,2
73771,1
73772,3
73773,3
73774,2
73775,0
73776,0
73777,0
73778,0
73779,3
73780,2
73781,0
73782,0
73783,3
73784,4
73785,2
73786,1
73787,2
73788,4
73789,1
73790,3
73791,2
73792,1
73793,3
73794,1
73795,0
73796,1
73797,4
73798,0
73799,3
73800,0
73801,1
73802,3
73803,4
73804,3
73805,4
73806,2
73807,1
73808,2
73809,3
73810,1
73811,3
73812,0
73813,0
73814,3
73815,1
73816,3
73817,2
73818,3
73819,2
73820,0
73821,3
73822,4
73823,3
73824,0
73825,2
73826,2
73827,2
73828,3
73829,4
73830,1
73831,1
73832,3
73833,0
73834,0
73835,4
73836,2
73837,1
73838,0
73839,4
73840,0
73841,4
73842,4
73843,0
73844,1
73845,3
73846,4
73847,4
73848,4
73849,3
73850,2
73851,1
73852,1
73853,2
73854,2
73855,4
73856,2
73857,1
73858,0
73859,1
73860,2
73861,1
73862,1
73863,3
73864,4
73865,4
73866,1
73867,1
73868,3
73869,4
73870,2
73871,2
73872,1
73873,1
73874,0
73875,4
73876,3
73877,0
73878,2
73879,3
73880,3
73881,4
73882,0
73883,2
73884,0
73885,2
73886,1
73887,4
73888,0
73889,2
73890,2
73891,0
73892,4
73893,3
73894,3
73895,3
73896,2
73897,2
73898,4
73899,1
73900,3
73901,1
73902,3
73903,3
73904,4
73905,2
73906,1
73907,0
73908,1
73909,3
73910,4
73911,0
73912,3
73913,0
73914,1
73915,0
73916,2
73917,0
73918,2
73919,1
73920,1
73921,4
73922,2
73923,3
73924,0
73925,3
73926,2
73927,3
73928,0
73929,2
73930,4
73931,2
73932,0
73933,4
73934,4
73935,0
73936,2
73937,1
73938,1
73939,1
73940,0
73941,0
73942,4
73943,1
73944,1
73945,1
73946,2
73947,4
73948,2
73949,2
73950,3
73951,3
73952,2
73953,1
73954,3
73955,2
73956,3
73957,4
73958,4
73959,0
73960,0
73961,1
73962,3
73963,4
73964,0
73965,4
73966,3
73967,0
73968,1
73969,0
73970,0
73971,3
73972,4
73973,0
73974,4
73975,2
73976,1
73977,3
73978,1
73979,2
73980,1
73981,1
73982,1
73983,3
73984,3
73985,4
73986,2
73987,2
73988,1
73989,3
73990,1
73991,3
73992,2
73993,0
73994,3
73995,4
73996,0
73997,4
73998,4
73999,3
74000,2
74001,2
74002,3
74003,4
74004,4
74005,3
74006,3
74007,3
74008,0
74009,1
74010,4
74011,4
74012,0
74013,3
74014,2
74015,0
74016,1
74017,4
74018,1
74019,4
74020,0
74021,1
74022,2
74023,2
74024,1
74025,4
74026,3
74027,0
74028,4
74029,3
74030,1
74031,4
74032,1
74033,1
74034,2
74035,3
74036,2
74037,3
74038,4
74039,0
74040,1
74041,2
74042,0
74043,3
74044,2
74045,0
74046,1
74047,2
74048,1
74049,2
74050,1
74051,3
74052,0
74053,2
74054,1
74055,1
74056,2
74057,2
74058,4
74059,2
74060,0
74061,0
74062,2
74063,1
74064,0
74065,3
74066,0
74067,2
74068,0
74069,2
74070,1
74071,0
74072,2
74073,2
74074,1
74075,1
74076,0
74077,2
74078,1
74079,2
74080,3
74081,0
74082,3
74083,1
74084,1
74085,4
74086,3
74087,3
74088,2
74089,4
74090,2
74091,3
74092,2
74093,3
74094,4
74095,1
74096,0
74097,4
74098,2
74099,3
74100,2
74101,0
74102,0
74103,4
74104,1
74105,1
74106,3
74107,2
74108,3
74109,3
74110,1
74111,0
74112,2
74113,0
74114,1
74115,0
74116,1
74117,0
74118,1
74119,2
74120,1
74121,4
74122,2
74123,0
74124,4
74125,2
74126,3
74127,4
74128,2
74129,3
74130,0
74131,0
74132,1
74133,3
74134,1
74135,3
74136,4
74137,2
74138,4
74139,0
74140,1
74141,4
74142,3
74143,2
74144,1
74145,4
74146,0
74147,1
74148,2
74149,0
74150,4
74151,1
74152,0
74153,3
74154,0
74155,4
74156,0
74157,3
74158,0
74159,0
74160,4
74161,4
74162,2
74163,2
74164,0
74165,4
74166,3
74167,0
74168,2
74169,4
74170,1
74171,0
74172,2
74173,3
74174,4
74175,4
74176,4
74177,3
74178,1
74179,4
74180,3
74181,1
74182,4
74183,4
74184,0
74185,2
74186,4
74187,3
74188,2
74189,0
74190,1
74191,2
74192,4
74193,3
74194,2
74195,1
74196,3
74197,0
74198,1
74199,0
74200,1
74201,1
74202,0
74203,2
74204,4
74205,2
74206,1
74207,0
74208,2
74209,1
74210,2
74211,0
74212,1
74213,3
74214,2
74215,2
74216,0
74217,2
74218,1
74219,1
74220,1
74221,2
74222,1
74223,4
74224,0
74225,1
74226,1
74227,0
74228,0
74229,3
74230,2
74231,3
74232,1
74233,0
74234,4
74235,0
74236,0
74237,0
74238,0
74239,4
74240,1
74241,4
74242,1
74243,3
74244,0
74245,2
74246,3
74247,1
74248,0
74249,1
74250,0
74251,2
74252,2
74253,2
74254,3
74255,2
74256,2
74257,0
74258,2
74259,4
74260,4
74261,4
74262,1
74263,1
74264,2
74265,0
74266,1
74267,3
74268,0
74269,2
74270,4
74271,1
74272,3
74273,1
74274,2
74275,1
74276,4
74277,1
74278,4
74279,2
74280,3
74281,3
74282,1
74283,2
74284,1
74285,0
74286,3
74287,2
74288,3
74289,0
74290,4
74291,2
74292,2
74293,3
74294,3
74295,3
74296,2
74297,0
74298,2
74299,0
74300,3
74301,0
74302,0
74303,2
74304,1
74305,2
74306,2
74307,2
74308,1
74309,0
74310,2
74311,3
74312,1
74313,2
74314,0
74315,1
74316,0
74317,2
74318,2
74319,3
74320,2
74321,4
74322,0
74323,0
74324,1
74325,2
74326,3
74327,2
74328,1
74329,3
74330,3
74331,2
74332,4
74333,4
74334,0
74335,4
74336,0
74337,3
74338,1
74339,1
74340,4
74341,3
74342,3
74343,2
74344,2
74345,3
74346,2
74347,0
74348,2
74349,4
74350,3
74351,0
74352,0
74353,4
74354,3
74355,0
74356,0
74357,2
74358,0
74359,0
74360,4
74361,1
74362,3
74363,2
74364,2
74365,1
74366,4
74367,3
74368,1
74369,0
74370,3
74371,2
74372,3
74373,0
74374,3
74375,3
74376,2
74377,1
74378,1
74379,4
74380,3
74381,2
74382,3
74383,4
74384,3
74385,3
74386,1
74387,4
74388,1
74389,3
74390,0
74391,2
74392,1
74393,3
74394,2
74395,0
74396,1
74397,0
74398,2
74399,1
74400,0
74401,2
74402,0
74403,4
74404,0
74405,2
74406,2
74407,1
74408,4
74409,0
74410,2
74411,2
74412,1
74413,1
74414,2
74415,1
74416,4
74417,2
74418,4
74419,4
74420,2
74421,0
74422,3
74423,0
74424,0
74425,2
74426,1
74427,1
74428,1
74429,1
74430,3
74431,0
74432,1
74433,2
74434,4
74435,0
74436,3
74437,3
74438,4
74439,0
74440,0
74441,0
74442,4
74443,0
74444,1
74445,2
74446,2
74447,3
74448,0
74449,3
74450,2
74451,0
74452,1
74453,3
74454,2
74455,4
74456,4
74457,2
74458,0
74459,0
74460,3
74461,3
74462,1
74463,2
74464,3
74465,4
74466,2
74467,1
74468,2
74469,4
74470,3
74471,4
74472,3
74473,1
74474,1
74475,1
74476,1
74477,3
74478,0
74479,4
74480,0
74481,1
74482,0
74483,2
74484,3
74485,0
74486,2
74487,3
74488,4
74489,0
74490,0
74491,0
74492,2
74493,0
74494,0
74495,1
74496,3
74497,0
74498,2
74499,1
74500,1
74501,2
74502,2
74503,1
74504,1
74505,4
74506,2
74507,2
74508,2
74509,2
74510,4
74511,2
74512,0
74513,3
74514,0
74515,3
74516,4
74517,0
74518,4
74519,2
74520,1
74521,3
74522,0
74523,4
74524,1
74525,4
74526,0
74527,1
74528,1
74529,1
74530,1
74531,2
74532,2
74533,1
74534,2
74535,1
74536,0
74537,2
74538,2
74539,0
74540,2
74541,0
74542,3
74543,3
74544,2
74545,1
74546,0
74547,2
74548,1
74549,0
74550,0
74551,2
74552,4
74553,4
74554,3
74555,2
74556,3
74557,1
74558,4
74559,1
74560,3
74561,1
74562,2
74563,2
74564,0
74565,1
74566,2
74567,3
74568,1
74569,4
74570,4
74571,3
74572,3
74573,2
74574,3
74575,2
74576,3
74577,0
74578,4
74579,2
74580,1
74581,2
74582,1
74583,4
74584,3
74585,3
74586,3
74587,1
74588,3
74589,1
74590,0
74591,1
74592,0
74593,0
74594,0
74595,1
74596,3
74597,3
74598,2
74599,0
74600,4
74601,0
74602,1
74603,1
74604,1
74605,2
74606,2
74607,0
74608,0
74609,0
74610,4
74611,2
74612,2
74613,0
74614,2
74615,1
74616,2
74617,0
74618,4
74619,0
74620,0
74621,2
74622,1
74623,1
74624,0
74625,0
74626,1
74627,2
74628,1
74629,3
74630,2
74631,2
74632,1
74633,2
74634,1
74635,3
74636,4
74637,1
74638,0
74639,2
74640,2
74641,0
74642,2
74643,3
74644,4
74645,0
74646,1
74647,0
74648,0
74649,3
74650,4
74651,1
74652,2
74653,0
74654,1
74655,1
74656,0
74657,3
74658,1
74659,3
74660,1
74661,2
74662,3
74663,3
74664,3
74665,0
74666,0
74667,0
74668,4
74669,1
74670,0
74671,1
74672,4
74673,2
74674,1
74675,3
74676,0
74677,3
74678,1
74679,3
74680,2
74681,4
74682,4
74683,0
74684,1
74685,0
74686,2
74687,4
74688,3
74689,0
74690,4
74691,3
74692,3
74693,0
74694,2
74695,2
74696,0
74697,4
74698,3
74699,1
74700,4
74701,0
74702,4
74703,0
74704,1
74705,1
74706,3
74707,1
74708,4
74709,1
74710,0
74711,1
74712,1
74713,0
74714,1
74715,1
74716,3
74717,3
74718,1
74719,3
74720,1
74721,4
74722,0
74723,1
74724,1
74725,1
74726,4
74727,2
74728,0
74729,4
74730,2
74731,1
74732,0
74733,4
74734,3
74735,3
74736,2
74737,1
74738,0
74739,2
74740,1
74741,1
74742,4
74743,4
74744,3
74745,4
74746,2
74747,2
74748,0
74749,3
74750,1
74751,0
74752,3
74753,2
74754,4
74755,2
74756,3
74757,1
74758,1
74759,1
74760,4
74761,3
74762,0
74763,3
74764,4
74765,1
74766,2
74767,4
74768,3
74769,2
74770,1
74771,1
74772,4
74773,1
74774,1
74775,2
74776,1
74777,2
74778,3
74779,0
74780,1
74781,4
74782,0
74783,4
74784,4
74785,0
74786,0
74787,2
74788,1
74789,4
74790,4
74791,4
74792,4
74793,0
74794,1
74795,0
74796,2
74797,2
74798,2
74799,3
74800,3
74801,2
74802,1
74803,3
74804,1
74805,3
74806,0
74807,1
74808,4
74809,0
74810,0
74811,0
74812,2
74813,1
74814,3
74815,1
74816,0
74817,3
74818,2
74819,4
74820,4
74821,2
74822,4
74823,2
74824,1
74825,1
74826,2
74827,1
74828,4
74829,4
74830,1
74831,3
74832,0
74833,4
74834,3
74835,1
74836,0
74837,0
74838,3
74839,3
74840,1
74841,3
74842,2
74843,3
74844,4
74845,3
74846,1
74847,2
74848,2
74849,1
74850,1
74851,3
74852,3
74853,3
74854,1
74855,0
74856,0
74857,3
74858,1
74859,2
74860,1
74861,3
74862,0
74863,4
74864,3
74865,1
74866,0
74867,3
74868,0
74869,1
74870,4
74871,0
74872,2
74873,1
74874,2
74875,4
74876,2
74877,4
74878,0
74879,1
74880,3
74881,4
74882,1
74883,0
74884,1
74885,0
74886,3
74887,1
74888,3
74889,1
74890,0
74891,3
74892,1
74893,1
74894,2
74895,3
74896,4
74897,3
74898,0
74899,2
74900,0
74901,3
74902,4
74903,3
74904,1
74905,1
74906,1
74907,3
74908,4
74909,3
74910,3
74911,4
74912,3
74913,2
74914,3
74915,4
74916,4
74917,1
74918,0
74919,0
74920,1
74921,4
74922,3
74923,1
74924,1
74925,4
74926,2
74927,3
74928,4
74929,1
74930,3
74931,2
74932,2
74933,3
74934,4
74935,2
74936,0
74937,2
74938,4
74939,2
74940,1
74941,4
74942,0
74943,2
74944,3
74945,3
74946,2
74947,2
74948,2
74949,4
74950,1
74951,3
74952,1
74953,1
74954,1
74955,4
74956,1
74957,1
74958,4
74959,0
74960,0
74961,2
74962,2
74963,2
74964,4
74965,1
74966,1
74967,0
74968,1
74969,3
74970,1
74971,2
74972,1
74973,1
74974,3
74975,0
74976,1
74977,4
74978,1
74979,1
74980,1
74981,2
74982,3
74983,0
74984,4
74985,2
74986,1
74987,3
74988,0
74989,3
74990,2
74991,0
74992,4
74993,4
74994,1
74995,2
74996,4
74997,2
74998,1
74999,2
75000,4
75001,2
75002,1
75003,0
75004,1
75005,4
75006,2
75007,1
75008,2
75009,4
75010,1
75011,1
75012,0
75013,2
75014,0
75015,3
75016,0
75017,2
75018,0
75019,2
75020,3
75021,2
75022,0
75023,1
75024,0
75025,2
75026,1
75027,4
75028,4
75029,3
75030,2
75031,3
75032,2
75033,3
75034,3
75035,4
75036,3
75037,4
75038,2
75039,0
75040,3
75041,4
75042,0
75043,2
75044,3
75045,0
75046,1
75047,1
75048,0
75049,0
75050,1
75051,0
75052,2
75053,1
75054,4
75055,1
75056,2
75057,4
75058,3
75059,2
75060,0
75061,2
75062,1
75063,3
75064,0
75065,0
75066,3
75067,0
75068,1
75069,1
75070,3
75071,1
75072,1
75073,2
75074,3
75075,0
75076,0
75077,2
75078,3
75079,2
75080,3
75081,1
75082,3
75083,0
75084,1
75085,3
75086,0
75087,0
75088,4
75089,2
75090,2
75091,1
75092,3
75093,0
75094,1
75095,0
75096,2
75097,1
75098,3
75099,3
75100,2
75101,3
75102,0
75103,3
75104,2
75105,1
75106,4
75107,0
75108,3
75109,1
75110,3
75111,1
75112,1
75113,3
75114,0
75115,1
75116,2
75117,1
75118,0
75119,3
75120,2
75121,3
75122,0
75123,1
75124,1
75125,1
75126,2
75127,3
75128,1
75129,0
75130,4
75131,4
75132,0
75133,2
75134,2
75135,2
75136,4
75137,1
75138,4
75139,2
75140,2
75141,0
75142,3
75143,0
75144,3
75145,2
75146,3
75147,3
75148,0
75149,1
75150,1
75151,2
75152,3
75153,2
75154,2
75155,3
75156,0
75157,2
75158,2
75159,0
75160,2
75161,2
75162,4
75163,3
75164,4
75165,1
75166,2
75167,2
75168,3
75169,3
75170,2
75171,3
75172,1
75173,1
75174,2
75175,3
75176,2
75177,4
75178,3
75179,0
75180,1
75181,3
75182,1
75183,2
75184,0
75185,4
75186,0
75187,1
75188,1
75189,4
75190,2
75191,0
75192,0
75193,0
75194,0
75195,0
75196,2
75197,1
75198,4
75199,4
75200,0
75201,4
75202,2
75203,2
75204,1
75205,1
75206,0
75207,0
75208,2
75209,2
75210,2
75211,0
75212,3
75213,3
75214,1
75215,2
75216,1
75217,3
75218,1
75219,0
75220,0
75221,1
75222,4
75223,1
75224,3
75225,3
75226,3
75227,4
75228,0
75229,4
75230,1
75231,0
75232,3
75233,4
75234,4
75235,0
75236,4
75237,1
75238,0
75239,0
75240,1
75241,4
75242,0
75243,2
75244,0
75245,4
75246,2
75247,3
75248,4
75249,4
75250,0
75251,1
75252,2
75253,3
75254,3
75255,1
75256,2
75257,4
75258,2
75259,4
75260,3
75261,3
75262,3
75263,2
75264,4
75265,3
75266,3
75267,0
75268,3
75269,3
75270,0
75271,0
75272,2
75273,1
75274,2
75275,1
75276,2
75277,4
75278,4
75279,4
75280,3
75281,0
75282,2
75283,1
75284,1
75285,3
75286,1
75287,0
75288,1
75289,0
75290,1
75291,4
75292,4
75293,0
75294,2
75295,3
75296,1
75297,2
75298,1
75299,0
75300,4
75301,1
75302,3
75303,0
75304,4
75305,1
75306,1
75307,2
75308,2
75309,3
75310,0
75311,1
75312,2
75313,0
75314,2
75315,3
75316,4
75317,2
75318,0
75319,2
75320,0
75321,4
75322,0
75323,3
75324,1
75325,4
75326,3
75327,2
75328,3
75329,3
75330,2
75331,1
75332,3
75333,3
75334,1
75335,2
75336,1
75337,0
75338,3
75339,3
75340,1
75341,2
75342,4
75343,2
75344,0
75345,1
75346,2
75347,0
75348,2
75349,1
75350,0
75351,2
75352,3
75353,2
75354,1
75355,2
75356,0
75357,4
75358,2
75359,2
75360,0
75361,0
75362,1
75363,1
75364,0
75365,1
75366,1
75367,2
75368,0
75369,4
75370,2
75371,0
75372,0
75373,3
75374,1
75375,2
75376,3
75377,1
75378,1
75379,2
75380,2
75381,4
75382,2
75383,4
75384,2
75385,4
75386,0
75387,2
75388,4
75389,1
75390,3
75391,1
75392,4
75393,2
75394,2
75395,1
75396,4
75397,4
75398,0
75399,4
75400,0
75401,2
75402,3
75403,3
75404,2
75405,0
75406,0
75407,3
75408,2
75409,3
75410,4
75411,4
75412,4
75413,1
75414,1
75415,1
75416,0
75417,2
75418,0
75419,3
75420,2
75421,1
75422,1
75423,4
75424,2
75425,0
75426,1
75427,4
75428,0
75429,3
75430,0
75431,1
75432,0
75433,0
75434,2
75435,1
75436,3
75437,1
75438,1
75439,2
75440,4
75441,1
75442,1
75443,1
75444,4
75445,4
75446,1
75447,3
75448,2
75449,2
75450,4
75451,2
75452,1
75453,1
75454,3
75455,2
75456,2
75457,2
75458,1
75459,1
75460,1
75461,0
75462,2
75463,0
75464,2
75465,2
75466,4
75467,1
75468,1
75469,3
75470,1
75471,4
75472,3
75473,3
75474,2
75475,2
75476,2
75477,2
75478,2
75479,0
75480,3
75481,2
75482,4
75483,2
75484,3
75485,1
75486,2
75487,1
75488,1
75489,4
75490,1
75491,1
75492,2
75493,3
75494,1
75495,2
75496,0
75497,0
75498,0
75499,1
75500,2
75501,2
75502,2
75503,2
75504,1
75505,2
75506,2
75507,2
75508,1
75509,1
75510,3
75511,0
75512,3
75513,2
75514,0
75515,0
75516,1
75517,1
75518,3
75519,2
75520,1
75521,4
75522,2
75523,2
75524,1
75525,2
75526,2
75527,2
75528,1
75529,3
75530,1
75531,1
75532,4
75533,3
75534,0
75535,1
75536,2
75537,1
75538,0
75539,2
75540,1
75541,4
75542,1
75543,1
75544,4
75545,1
75546,0
75547,0
75548,1
75549,0
75550,4
75551,3
75552,2
75553,4
75554,3
75555,1
75556,2
75557,0
75558,2
75559,1
75560,1
75561,0
75562,0
75563,4
75564,3
75565,4
75566,4
75567,0
75568,3
75569,3
75570,2
75571,3
75572,0
75573,3
75574,2
75575,2
75576,0
75577,0
75578,1
75579,3
75580,4
75581,4
75582,1
75583,3
75584,1
75585,3
75586,3
75587,2
75588,1
75589,1
75590,4
75591,1
75592,3
75593,2
75594,0
75595,1
75596,2
75597,1
75598,3
75599,0
75600,0
75601,1
75602,3
75603,0
75604,0
75605,3
75606,2
75607,1
75608,3
75609,2
75610,0
75611,1
75612,1
75613,0
75614,2
75615,3
75616,3
75617,1
75618,1
75619,3
75620,0
75621,3
75622,4
75623,2
75624,3
75625,2
75626,3
75627,4
75628,4
75629,4
75630,2
75631,0
75632,3
75633,2
75634,4
75635,3
75636,3
75637,1
75638,2
75639,2
75640,0
75641,2
75642,4
75643,1
75644,1
75645,1
75646,2
75647,2
75648,1
75649,3
75650,1
75651,3
75652,0
75653,3
75654,2
75655,0
75656,1
75657,2
75658,3
75659,3
75660,2
75661,3
75662,4
75663,2
75664,2
75665,3
75666,3
75667,2
75668,4
75669,1
75670,0
75671,2
75672,1
75673,3
75674,1
75675,2
75676,2
75677,2
75678,4
75679,3
75680,4
75681,1
75682,1
75683,0
75684,1
75685,2
75686,0
75687,2
75688,2
75689,3
75690,2
75691,1
75692,4
75693,4
75694,1
75695,1
75696,0
75697,4
75698,1
75699,2
75700,2
75701,0
75702,0
75703,1
75704,2
75705,2
75706,4
75707,4
75708,3
75709,2
75710,3
75711,0
75712,2
75713,4
75714,0
75715,1
75716,3
75717,3
75718,2
75719,0
75720,2
75721,1
75722,2
75723,1
75724,1
75725,2
75726,0
75727,0
75728,4
75729,3
75730,3
75731,0
75732,0
75733,0
75734,3
75735,4
75736,3
75737,4
75738,1
75739,4
75740,2
75741,0
75742,1
75743,0
75744,0
75745,0
75746,0
75747,4
75748,4
75749,3
75750,3
75751,3
75752,4
75753,1
75754,3
75755,3
75756,3
75757,0
75758,0
75759,0
75760,2
75761,1
75762,0
75763,3
75764,4
75765,1
75766,0
75767,2
75768,1
75769,3
75770,0
75771,3
75772,2
75773,0
75774,1
75775,3
75776,1
75777,1
75778,2
75779,1
75780,0
75781,0
75782,0
75783,0
75784,2
75785,2
75786,1
75787,0
75788,2
75789,1
75790,2
75791,0
75792,1
75793,1
75794,4
75795,3
75796,1
75797,3
75798,4
75799,2
75800,2
75801,1
75802,0
75803,2
75804,1
75805,2
75806,0
75807,1
75808,0
75809,1
75810,2
75811,0
75812,0
75813,0
75814,2
75815,4
75816,0
75817,4
75818,1
75819,4
75820,2
75821,4
75822,2
75823,2
75824,3
75825,0
75826,3
75827,0
75828,3
75829,2
75830,0
75831,3
75832,0
75833,0
75834,0
75835,2
75836,0
75837,1
75838,0
75839,0
75840,2
75841,4
75842,0
75843,1
75844,0
75845,0
75846,1
75847,2
75848,1
75849,3
75850,4
75851,2
75852,1
75853,0
75854,1
75855,4
75856,4
75857,0
75858,2
75859,0
75860,0
75861,2
75862,2
75863,0
75864,1
75865,1
75866,4
75867,3
75868,0
75869,1
75870,1
75871,0
75872,1
75873,2
75874,2
75875,3
75876,4
75877,4
75878,3
75879,0
75880,2
75881,0
75882,0
75883,3
75884,0
75885,4
75886,3
75887,1
75888,2
75889,3
75890,0
75891,0
75892,3
75893,0
75894,4
75895,0
75896,3
75897,0
75898,0
75899,2
75900,1
75901,1
75902,2
75903,1
75904,4
75905,4
75906,2
75907,2
75908,1
75909,4
75910,3
75911,4
75912,3
75913,2
75914,0
75915,3
75916,1
75917,0
75918,1
75919,1
75920,2
75921,2
75922,4
75923,3
75924,2
75925,1
75926,2
75927,3
75928,0
75929,1
75930,3
75931,4
75932,2
75933,2
75934,0
75935,1
75936,2
75937,4
75938,0
75939,3
75940,2
75941,1
75942,4
75943,0
75944,0
75945,3
75946,1
75947,0
75948,1
75949,4
75950,3
75951,1
75952,0
75953,2
75954,4
75955,2
75956,2
75957,4
75958,3
75959,1
75960,1
75961,1
75962,0
75963,2
75964,2
75965,1
75966,1
75967,3
75968,2
75969,2
75970,3
75971,0
75972,2
75973,4
75974,0
75975,4
75976,1
75977,2
75978,0
75979,2
75980,1
75981,2
75982,2
75983,3
75984,4
75985,0
75986,4
75987,2
75988,4
75989,2
75990,3
75991,0
75992,1
75993,1
75994,3
75995,3
75996,2
75997,0
75998,0
75999,0
76000,2
76001,1
76002,4
76003,1
76004,1
76005,3
76006,3
76007,4
76008,1
76009,3
76010,1
76011,1
76012,2
76013,3
76014,2
76015,0
76016,3
76017,0
76018,4
76019,4
76020,4
76021,2
76022,0
76023,0
76024,0
76025,1
76026,1
76027,0
76028,4
76029,3
76030,1
76031,3
76032,1
76033,2
76034,2
76035,0
76036,3
76037,4
76038,4
76039,3
76040,2
76041,0
76042,1
76043,3
76044,2
76045,2
76046,2
76047,3
76048,3
76049,4
76050,4
76051,2
76052,2
76053,1
76054,0
76055,4
76056,0
76057,0
76058,3
76059,4
76060,0
76061,0
76062,2
76063,0
76064,3
76065,0
76066,3
76067,4
76068,4
76069,2
76070,3
76071,0
76072,0
76073,3
76074,4
76075,2
76076,1
76077,2
76078,1
76079,2
76080,0
76081,4
76082,2
76083,2
76084,2
76085,0
76086,0
76087,0
76088,1
76089,2
76090,2
76091,3
76092,1
76093,3
76094,4
76095,1
76096,3
76097,3
76098,1
76099,2
76100,2
76101,4
76102,0
76103,3
76104,0
76105,1
76106,0
76107,1
76108,4
76109,4
76110,3
76111,4
76112,1
76113,3
76114,1
76115,3
76116,4
76117,0
76118,1
76119,0
76120,0
76121,0
76122,4
76123,4
76124,4
76125,0
76126,0
76127,3
76128,2
76129,2
76130,4
76131,2
76132,2
76133,0
76134,3
76135,2
76136,0
76137,0
76138,3
76139,2
76140,1
76141,1
76142,4
76143,3
76144,2
76145,1
76146,0
76147,2
76148,4
76149,0
76150,4
76151,1
76152,1
76153,1
76154,1
76155,4
76156,4
76157,2
76158,0
76159,1
76160,2
76161,3
76162,3
76163,1
76164,4
76165,4
76166,0
76167,2
76168,3
76169,1
76170,3
76171,0
76172,3
76173,0
76174,4
76175,2
76176,1
76177,0
76178,3
76179,2
76180,1
76181,3
76182,0
76183,2
76184,1
76185,0
76186,1
76187,1
76188,3
76189,1
76190,4
76191,1
76192,3
76193,2
76194,1
76195,0
76196,4
76197,3
76198,4
76199,3
76200,4
76201,4
76202,3
76203,3
76204,0
76205,1
76206,1
76207,3
76208,3
76209,2
76210,2
76211,1
76212,4
76213,0
76214,0
76215,4
76216,1
76217,2
76218,0
76219,2
76220,2
76221,0
76222,4
76223,3
76224,3
76225,1
76226,3
76227,3
76228,1
76229,3
76230,3
76231,2
76232,3
76233,0
76234,3
76235,1
76236,3
76237,2
76238,1
76239,0
76240,4
76241,1
76242,0
76243,0
76244,3
76245,2
76246,0
76247,4
76248,0
76249,1
76250,1
76251,1
76252,4
76253,2
76254,0
76255,0
76256,1
76257,1
76258,3
76259,4
76260,1
76261,0
76262,4
76263,0
76264,1
76265,0
76266,0
76267,2
76268,0
76269,2
76270,1
76271,0
76272,1
76273,4
76274,3
76275,2
76276,0
76277,1
76278,0
76279,2
76280,0
76281,3
76282,0
76283,4
76284,1
76285,2
76286,0
76287,0
76288,1
76289,2
76290,3
76291,0
76292,2
76293,1
76294,2
76295,2
76296,2
76297,1
76298,0
76299,2
76300,3
76301,0
76302,3
76303,2
76304,3
76305,1
76306,2
76307,2
76308,2
76309,1
76310,1
76311,3
76312,3
76313,2
76314,1
76315,1
76316,3
76317,1
76318,1
76319,4
76320,2
76321,2
76322,2
76323,1
76324,1
76325,2
76326,2
76327,2
76328,0
76329,1
76330,3
76331,1
76332,4
76333,0
76334,2
76335,0
76336,0
76337,3
76338,3
76339,3
76340,2
76341,0
76342,2
76343,4
76344,4
76345,1
76346,3
76347,2
76348,3
76349,3
76350,2
76351,4
76352,0
76353,2
76354,4
76355,1
76356,2
76357,1
76358,2
76359,1
76360,0
76361,4
76362,0
76363,2
76364,2
76365,0
76366,2
76367,3
76368,1
76369,0
76370,0
76371,1
76372,1
76373,4
76374,0
76375,2
76376,4
76377,0
76378,2
76379,3
76380,2
76381,1
76382,0
76383,0
76384,4
76385,0
76386,0
76387,3
76388,2
76389,3
76390,2
76391,1
76392,2
76393,1
76394,1
76395,2
76396,4
76397,0
76398,0
76399,0
76400,1
76401,0
76402,2
76403,2
76404,1
76405,4
76406,4
76407,2
76408,0
76409,3
76410,0
76411,0
76412,1
76413,1
76414,1
76415,1
76416,4
76417,4
76418,2
76419,2
76420,3
76421,3
76422,4
76423,2
76424,3
76425,0
76426,3
76427,0
76428,3
76429,1
76430,1
76431,4
76432,3
76433,4
76434,3
76435,1
76436,0
76437,0
76438,3
76439,0
76440,2
76441,0
76442,1
76443,3
76444,3
76445,0
76446,0
76447,1
76448,3
76449,4
76450,4
76451,3
76452,1
76453,3
76454,2
76455,0
76456,2
76457,3
76458,4
76459,3
76460,3
76461,4
76462,4
76463,2
76464,1
76465,2
76466,1
76467,3
76468,4
76469,0
76470,2
76471,3
76472,1
76473,4
76474,0
76475,3
76476,3
76477,1
76478,4
76479,2
76480,1
76481,3
76482,4
76483,0
76484,0
76485,3
76486,0
76487,2
76488,0
76489,2
76490,1
76491,3
76492,3
76493,0
76494,4
76495,4
76496,1
76497,2
76498,2
76499,3
76500,3
76501,2
76502,0
76503,4
76504,3
76505,4
76506,3
76507,2
76508,0
76509,3
76510,3
76511,3
76512,0
76513,4
76514,3
76515,1
76516,4
76517,3
76518,3
76519,3
76520,2
76521,4
76522,4
76523,4
76524,2
76525,2
76526,2
76527,1
76528,3
76529,3
76530,1
76531,1
76532,1
76533,1
76534,4
76535,3
76536,1
76537,2
76538,2
76539,1
76540,0
76541,0
76542,2
76543,2
76544,0
76545,2
76546,2
76547,3
76548,2
76549,4
76550,2
76551,0
76552,4
76553,1
76554,0
76555,3
76556,2
76557,3
76558,1
76559,3
76560,4
76561,4
76562,0
76563,4
76564,2
76565,1
76566,0
76567,0
76568,0
76569,3
76570,0
76571,0
76572,3
76573,3
76574,0
76575,4
76576,2
76577,1
76578,3
76579,1
76580,3
76581,0
76582,3
76583,1
76584,4
76585,2
76586,3
76587,3
76588,1
76589,1
76590,1
76591,2
76592,2
76593,4
76594,2
76595,4
76596,4
76597,2
76598,3
76599,4
76600,1
76601,0
76602,2
76603,4
76604,3
76605,4
76606,4
76607,2
76608,1
76609,2
76610,3
76611,1
76612,2
76613,2
76614,0
76615,2
76616,2
76617,0
76618,0
76619,3
76620,2
76621,3
76622,0
76623,0
76624,0
76625,1
76626,3
76627,2
76628,1
76629,2
76630,3
76631,4
76632,0
76633,1
76634,4
76635,1
76636,1
76637,0
76638,2
76639,1
76640,0
76641,3
76642,3
76643,2
76644,2
76645,1
76646,3
76647,3
76648,2
76649,3
76650,2
76651,0
76652,1
76653,3
76654,2
76655,1
76656,4
76657,2
76658,1
76659,2
76660,0
76661,0
76662,1
76663,2
76664,1
76665,2
76666,4
76667,3
76668,0
76669,0
76670,3
76671,4
76672,0
76673,0
76674,0
76675,0
76676,1
76677,1
76678,4
76679,1
76680,3
76681,4
76682,1
76683,2
76684,0
76685,2
76686,0
76687,0
76688,3
76689,0
76690,3
76691,3
76692,4
76693,0
76694,1
76695,3
76696,4
76697,1
76698,0
76699,2
76700,1
76701,1
76702,2
76703,2
76704,4
76705,3
76706,4
76707,2
76708,1
76709,1
76710,2
76711,2
76712,1
76713,2
76714,0
76715,0
76716,2
76717,1
76718,2
76719,3
76720,1
76721,2
76722,4
76723,1
76724,2
76725,1
76726,1
76727,0
76728,1
76729,2
76730,1
76731,4
76732,1
76733,4
76734,2
76735,3
76736,0
76737,4
76738,2
76739,1
76740,3
76741,2
76742,3
76743,2
76744,4
76745,3
76746,2
76747,1
76748,4
76749,2
76750,1
76751,1
76752,3
76753,0
76754,1
76755,0
76756,3
76757,0
76758,0
76759,1
76760,1
76761,2
76762,2
76763,0
76764,0
76765,3
76766,0
76767,3
76768,0
76769,2
76770,0
76771,2
76772,3
76773,4
76774,0
76775,2
76776,3
76777,2
76778,3
76779,0
76780,1
76781,0
76782,4
76783,2
76784,0
76785,1
76786,1
76787,0
76788,1
76789,4
76790,2
76791,3
76792,3
76793,4
76794,3
76795,3
76796,2
76797,0
76798,2
76799,2
76800,1
76801,0
76802,4
76803,1
76804,1
76805,2
76806,2
76807,2
76808,0
76809,0
76810,3
76811,4
76812,0
76813,3
76814,4
76815,0
76816,1
76817,1
76818,4
76819,2
76820,1
76821,4
76822,0
76823,4
76824,3
76825,2
76826,0
76827,2
76828,0
76829,4
76830,1
76831,0
76832,3
76833,4
76834,2
76835,3
76836,4
76837,0
76838,1
76839,3
76840,1
76841,4
76842,1
76843,1
76844,0
76845,1
76846,1
76847,0
76848,2
76849,2
76850,2
76851,1
76852,2
76853,4
76854,3
76855,2
76856,1
76857,2
76858,1
76859,1
76860,2
76861,0
76862,2
76863,1
76864,1
76865,3
76866,2
76867,3
76868,0
76869,4
76870,2
76871,1
76872,0
76873,0
76874,3
76875,2
76876,2
76877,3
76878,3
76879,1
76880,2
76881,3
76882,2
76883,3
76884,0
76885,3
76886,2
76887,0
76888,0
76889,1
76890,2
76891,3
76892,3
76893,3
76894,3
76895,3
76896,0
76897,1
76898,0
76899,1
76900,0
76901,2
76902,1
76903,1
76904,2
76905,1
76906,2
76907,3
76908,0
76909,3
76910,2
76911,4
76912,1
76913,2
76914,0
76915,3
76916,2
76917,3
76918,4
76919,1
76920,3
76921,4
76922,0
76923,4
76924,1
76925,4
76926,1
76927,1
76928,1
76929,3
76930,1
76931,4
76932,2
76933,0
76934,2
76935,1
76936,0
76937,3
76938,1
76939,0
76940,1
76941,0
76942,2
76943,1
76944,3
76945,0
76946,4
76947,0
76948,4
76949,3
76950,1
76951,4
76952,3
76953,2
76954,0
76955,1
76956,2
76957,3
76958,3
76959,4
76960,4
76961,4
76962,3
76963,1
76964,1
76965,1
76966,2
76967,4
76968,1
76969,2
76970,3
76971,4
76972,1
76973,0
76974,2
76975,2
76976,0
76977,0
76978,0
76979,0
76980,4
76981,3
76982,4
76983,4
76984,3
76985,0
76986,3
76987,1
76988,3
76989,4
76990,0
76991,1
76992,3
76993,1
76994,4
76995,3
76996,2
76997,3
76998,1
76999,1
77000,0
77001,3
77002,3
77003,3
77004,0
77005,3
77006,4
77007,0
77008,2
77009,2
77010,1
77011,4
77012,1
77013,2
77014,1
77015,4
77016,0
77017,3
77018,3
77019,2
77020,3
77021,0
77022,2
77023,2
77024,0
77025,1
77026,3
77027,2
77028,0
77029,2
77030,4
77031,1
77032,1
77033,4
77034,2
77035,2
77036,4
77037,2
77038,3
77039,3
77040,4
77041,1
77042,3
77043,0
77044,4
77045,2
77046,1
77047,3
77048,2
77049,4
77050,3
77051,2
77052,3
77053,2
77054,3
77055,0
77056,0
77057,0
77058,2
77059,2
77060,1
77061,0
77062,3
77063,4
77064,0
77065,2
77066,4
77067,2
77068,3
77069,1
77070,4
77071,4
77072,2
77073,2
77074,1
77075,0
77076,1
77077,2
77078,1
77079,0
77080,4
77081,4
77082,3
77083,3
77084,1
77085,4
77086,2
77087,3
77088,1
77089,1
77090,3
77091,4
77092,3
77093,2
77094,1
77095,1
77096,1
77097,4
77098,1
77099,4
77100,4
77101,2
77102,3
77103,4
77104,3
77105,1
77106,0
77107,0
77108,1
77109,0
77110,0
77111,0
77112,2
77113,3
77114,1
77115,2
77116,3
77117,1
77118,4
77119,2
77120,2
77121,0
77122,4
77123,2
77124,2
77125,1
77126,4
77127,4
77128,0
77129,4
77130,4
77131,2
77132,0
77133,1
77134,0
77135,0
77136,2
77137,1
77138,3
77139,4
77140,4
77141,3
77142,2
77143,3
77144,1
77145,2
77146,2
77147,0
77148,0
77149,4
77150,0
77151,1
77152,1
77153,1
77154,1
77155,0
77156,3
77157,3
77158,1
77159,0
77160,3
77161,0
77162,3
77163,2
77164,1
77165,4
77166,0
77167,3
77168,4
77169,3
77170,0
77171,3
77172,2
77173,1
77174,2
77175,3
77176,0
77177,2
77178,4
77179,0
77180,2
77181,1
77182,1
77183,2
77184,3
77185,2
77186,2
77187,4
77188,0
77189,0
77190,4
77191,0
77192,1
77193,4
77194,3
77195,3
77196,2
77197,3
77198,4
77199,0
77200,4
77201,2
77202,1
77203,0
77204,3
77205,3
77206,0
77207,3
77208,0
77209,4
77210,2
77211,0
77212,4
77213,3
77214,1
77215,2
77216,3
77217,3
77218,1
77219,2
77220,0
77221,0
77222,2
77223,0
77224,1
77225,1
77226,2
77227,3
77228,2
77229,1
77230,0
77231,3
77232,0
77233,0
77234,3
77235,4
77236,2
77237,3
77238,3
77239,4
77240,4
77241,3
77242,0
77243,3
77244,2
77245,2
77246,0
77247,0
77248,2
77249,3
77250,1
77251,4
77252,4
77253,0
77254,4
77255,0
77256,3
77257,2
77258,3
77259,1
77260,1
77261,3
77262,1
77263,1
77264,0
77265,4
77266,2
77267,1
77268,0
77269,2
77270,4
77271,4
77272,0
77273,3
77274,3
77275,1
77276,2
77277,0
77278,2
77279,0
77280,0
77281,3
77282,2
77283,0
77284,0
77285,3
77286,0
77287,4
77288,2
77289,1
77290,0
77291,0
77292,2
77293,4
77294,1
77295,3
77296,1
77297,3
77298,3
77299,0
77300,4
77301,0
77302,0
77303,1
77304,1
77305,3
77306,0
77307,0
77308,0
77309,2
77310,4
77311,0
77312,3
77313,0
77314,1
77315,2
77316,4
77317,0
77318,3
77319,2
77320,0
77321,0
77322,0
77323,0
77324,0
77325,3
77326,2
77327,0
77328,2
77329,0
77330,1
77331,4
77332,0
77333,1
77334,1
77335,4
77336,2
77337,3
77338,2
77339,1
77340,1
77341,1
77342,4
77343,3
77344,4
77345,0
77346,4
77347,1
77348,1
77349,0
77350,0
77351,1
77352,0
77353,4
77354,0
77355,0
77356,2
77357,4
77358,0
77359,2
77360,3
77361,3
77362,4
77363,0
77364,2
77365,4
77366,4
77367,0
77368,2
77369,0
77370,3
77371,4
77372,2
77373,1
77374,1
77375,4
77376,1
77377,2
77378,1
77379,3
77380,2
77381,0
77382,4
77383,1
77384,0
77385,2
77386,1
77387,1
77388,2
77389,4
77390,2
77391,0
77392,2
77393,2
77394,0
77395,0
77396,0
77397,0
77398,3
77399,2
77400,0
77401,3
77402,1
77403,2
77404,4
77405,1
77406,3
77407,0
77408,3
77409,3
77410,0
77411,1
77412,4
77413,0
77414,1
77415,4
77416,2
77417,3
77418,0
77419,2
77420,1
77421,4
77422,1
77423,4
77424,3
77425,3
77426,4
77427,1
77428,2
77429,4
77430,1
77431,0
77432,0
77433,1
77434,3
77435,3
77436,0
77437,3
77438,3
77439,0
77440,3
77441,0
77442,3
77443,4
77444,3
77445,3
77446,3
77447,3
77448,0
77449,3
77450,4
77451,2
77452,0
77453,2
77454,0
77455,3
77456,3
77457,3
77458,0
77459,3
77460,4
77461,1
77462,1
77463,0
77464,1
77465,4
77466,0
77467,0
77468,0
77469,0
77470,0
77471,2
77472,2
77473,3
77474,1
77475,1
77476,4
77477,1
77478,1
77479,0
77480,3
77481,1
77482,0
77483,2
77484,0
77485,4
77486,1
77487,4
77488,0
77489,1
77490,1
77491,1
77492,2
77493,4
77494,4
77495,3
77496,2
77497,2
77498,3
77499,4
77500,4
77501,4
77502,2
77503,3
77504,2
77505,2
77506,3
77507,3
77508,1
77509,3
77510,2
77511,4
77512,1
77513,0
77514,2
77515,1
77516,2
77517,2
77518,0
77519,2
77520,0
77521,0
77522,1
77523,3
77524,4
77525,1
77526,3
77527,2
77528,3
77529,4
77530,2
77531,0
77532,2
77533,0
77534,4
77535,1
77536,0
77537,1
77538,4
77539,1
77540,1
77541,1
77542,2
77543,4
77544,3
77545,3
77546,4
77547,4
77548,2
77549,3
77550,0
77551,0
77552,1
77553,4
77554,3
77555,4
77556,2
77557,0
77558,1
77559,2
77560,3
77561,3
77562,1
77563,1
77564,1
77565,1
77566,3
77567,4
77568,3
77569,3
77570,0
77571,2
77572,3
77573,1
77574,2
77575,4
77576,1
77577,3
77578,0
77579,3
77580,4
77581,0
77582,4
77583,4
77584,2
77585,3
77586,0
77587,1
77588,3
77589,2
77590,4
77591,2
77592,2
77593,2
77594,4
77595,2
77596,2
77597,0
77598,0
77599,3
77600,4
77601,0
77602,3
77603,0
77604,0
77605,2
77606,2
77607,4
77608,3
77609,0
77610,0
77611,0
77612,2
77613,2
77614,3
77615,1
77616,1
77617,3
77618,1
77619,0
77620,0
77621,1
77622,3
77623,3
77624,1
77625,2
77626,4
77627,0
77628,4
77629,1
77630,4
77631,1
77632,0
77633,1
77634,1
77635,1
77636,3
77637,2
77638,4
77639,1
77640,4
77641,2
77642,2
77643,3
77644,2
77645,0
77646,4
77647,1
77648,0
77649,2
77650,3
77651,2
77652,4
77653,2
77654,1
77655,2
77656,4
77657,4
77658,4
77659,0
77660,0
77661,0
77662,1
77663,1
77664,4
77665,2
77666,1
77667,1
77668,4
77669,0
77670,3
77671,3
77672,1
77673,2
77674,1
77675,3
77676,1
77677,1
77678,2
77679,1
77680,4
77681,4
77682,0
77683,2
77684,2
77685,2
77686,0
77687,3
77688,0
77689,2
77690,4
77691,1
77692,3
77693,0
77694,0
77695,2
77696,0
77697,0
77698,3
77699,1
77700,3
77701,3
77702,1
77703,1
77704,0
77705,0
77706,2
77707,2
77708,3
77709,0
77710,4
77711,1
77712,3
77713,2
77714,4
77715,3
77716,3
77717,4
77718,2
77719,4
77720,1
77721,1
77722,2
77723,2
77724,0
77725,1
77726,0
77727,3
77728,3
77729,3
77730,2
77731,2
77732,1
77733,2
77734,3
77735,3
77736,2
77737,2
77738,3
77739,1
77740,0
77741,4
77742,1
77743,4
77744,4
77745,0
77746,3
77747,0
77748,1
77749,1
77750,3
77751,0
77752,2
77753,2
77754,2
77755,0
77756,0
77757,3
77758,3
77759,2
77760,4
77761,1
77762,0
77763,0
77764,1
77765,3
77766,4
77767,3
77768,1
77769,2
77770,0
77771,3
77772,2
77773,4
77774,2
77775,3
77776,1
77777,2
77778,1
77779,3
77780,1
77781,2
77782,3
77783,0
77784,0
77785,4
77786,0
77787,2
77788,0
77789,4
77790,2
77791,0
77792,1
77793,0
77794,2
77795,0
77796,4
77797,4
77798,1
77799,3
77800,2
77801,1
77802,2
77803,2
77804,2
77805,2
77806,2
77807,0
77808,4
77809,2
77810,3
77811,4
77812,4
77813,0
77814,1
77815,1
77816,4
77817,1
77818,2
77819,3
77820,2
77821,4
77822,4
77823,1
77824,1
77825,2
77826,3
77827,3
77828,1
77829,1
77830,1
77831,3
77832,2
77833,4
77834,3
77835,0
77836,2
77837,4
77838,2
77839,0
77840,0
77841,4
77842,2
77843,1
77844,4
77845,2
77846,0
77847,0
77848,0
77849,0
77850,0
77851,0
77852,4
77853,2
77854,3
77855,1
77856,4
77857,3
77858,2
77859,2
77860,2
77861,4
77862,1
77863,0
77864,2
77865,2
77866,2
77867,3
77868,3
77869,2
77870,4
77871,3
77872,0
77873,0
77874,0
77875,0
77876,1
77877,0
77878,2
77879,0
77880,3
77881,1
77882,1
77883,2
77884,4
77885,0
77886,4
77887,3
77888,3
77889,0
77890,4
77891,3
77892,0
77893,0
77894,3
77895,0
77896,0
77897,2
77898,3
77899,3
77900,1
77901,0
77902,0
77903,0
77904,4
77905,3
77906,3
77907,3
77908,3
77909,2
77910,2
77911,0
77912,0
77913,0
77914,3
77915,3
77916,2
77917,3
77918,4
77919,4
77920,4
77921,3
77922,4
77923,1
77924,1
77925,0
77926,2
77927,1
77928,3
77929,3
77930,2
77931,3
77932,2
77933,0
77934,0
77935,1
77936,0
77937,0
77938,2
77939,1
77940,0
77941,3
77942,2
77943,2
77944,2
77945,0
77946,1
77947,1
77948,4
77949,1
77950,1
77951,1
77952,2
77953,1
77954,2
77955,2
77956,3
77957,2
77958,1
77959,2
77960,3
77961,2
77962,1
77963,3
77964,2
77965,2
77966,2
77967,0
77968,3
77969,1
77970,4
77971,1
77972,1
77973,1
77974,0
77975,4
77976,0
77977,0
77978,4
77979,3
77980,4
77981,3
77982,3
77983,1
77984,1
77985,3
77986,0
77987,1
77988,1
77989,2
77990,3
77991,1
77992,0
77993,2
77994,2
77995,4
77996,1
77997,0
77998,3
77999,1
78000,3
78001,2
78002,0
78003,1
78004,1
78005,4
78006,1
78007,1
78008,0
78009,2
78010,0
78011,0
78012,4
78013,1
78014,2
78015,2
78016,0
78017,4
78018,4
78019,3
78020,2
78021,0
78022,3
78023,4
78024,0
78025,2
78026,3
78027,1
78028,3
78029,4
78030,0
78031,3
78032,4
78033,1
78034,2
78035,0
78036,3
78037,4
78038,4
78039,1
78040,0
78041,3
78042,2
78043,3
78044,4
78045,1
78046,3
78047,2
78048,3
78049,0
78050,1
78051,0
78052,2
78053,1
78054,2
78055,3
78056,2
78057,0
78058,0
78059,4
78060,3
78061,1
78062,1
78063,1
78064,1
78065,0
78066,2
78067,2
78068,3
78069,2
78070,3
78071,2
78072,1
78073,3
78074,0
78075,1
78076,0
78077,3
78078,2
78079,0
78080,0
78081,4
78082,4
78083,1
78084,4
78085,3
78086,2
78087,2
78088,3
78089,0
78090,2
78091,0
78092,3
78093,0
78094,4
78095,0
78096,3
78097,3
78098,0
78099,2
78100,2
78101,0
78102,3
78103,2
78104,3
78105,4
78106,2
78107,4
78108,1
78109,2
78110,3
78111,3
78112,1
78113,0
78114,2
78115,3
78116,1
78117,4
78118,4
78119,4
78120,3
78121,3
78122,3
78123,4
78124,3
78125,3
78126,0
78127,0
78128,3
78129,4
78130,0
78131,1
78132,3
78133,1
78134,3
78135,3
78136,0
78137,3
78138,1
78139,1
78140,3
78141,2
78142,1
78143,3
78144,3
78145,2
78146,3
78147,4
78148,1
78149,0
78150,4
78151,0
78152,0
78153,1
78154,1
78155,0
78156,0
78157,0
78158,1
78159,1
78160,2
78161,1
78162,4
78163,3
78164,3
78165,4
78166,0
78167,2
78168,4
78169,1
78170,0
78171,4
78172,1
78173,1
78174,0
78175,3
78176,2
78177,2
78178,2
78179,2
78180,2
78181,3
78182,4
78183,1
78184,2
78185,1
78186,2
78187,3
78188,3
78189,3
78190,4
78191,1
78192,0
78193,1
78194,3
78195,2
78196,2
78197,1
78198,4
78199,1
78200,4
78201,0
78202,3
78203,2
78204,0
78205,0
78206,3
78207,4
78208,0
78209,1
78210,0
78211,3
78212,1
78213,2
78214,1
78215,4
78216,1
78217,3
78218,3
78219,2
78220,0
78221,3
78222,1
78223,2
78224,3
78225,1
78226,1
78227,3
78228,0
78229,2
78230,4
78231,1
78232,3
78233,3
78234,0
78235,1
78236,3
78237,4
78238,1
78239,2
78240,2
78241,3
78242,0
78243,2
78244,2
78245,4
78246,0
78247,4
78248,2
78249,1
78250,1
78251,3
78252,4
78253,2
78254,4
78255,3
78256,2
78257,1
78258,4
78259,1
78260,3
78261,3
78262,4
78263,0
78264,3
78265,3
78266,0
78267,0
78268,3
78269,0
78270,2
78271,0
78272,3
78273,0
78274,0
78275,3
78276,1
78277,1
78278,3
78279,4
78280,0
78281,0
78282,4
78283,2
78284,0
78285,3
78286,0
78287,2
78288,1
78289,4
78290,0
78291,2
78292,0
78293,1
78294,1
78295,0
78296,4
78297,2
78298,0
78299,0
78300,4
78301,4
78302,0
78303,2
78304,1
78305,0
78306,0
78307,2
78308,0
78309,0
78310,1
78311,0
78312,1
78313,3
78314,0
78315,4
78316,2
78317,0
78318,0
78319,3
78320,1
78321,2
78322,4
78323,0
78324,0
78325,0
78326,3
78327,3
78328,0
78329,3
78330,1
78331,3
78332,1
78333,2
78334,1
78335,4
78336,0
78337,1
78338,4
78339,0
78340,3
78341,0
78342,4
78343,4
78344,3
78345,1
78346,3
78347,0
78348,4
78349,2
78350,1
78351,0
78352,1
78353,0
78354,4
78355,1
78356,1
78357,1
78358,0
78359,2
78360,3
78361,3
78362,3
78363,2
78364,3
78365,1
78366,3
78367,3
78368,1
78369,4
78370,1
78371,3
78372,3
78373,0
78374,4
78375,2
78376,4
78377,3
78378,3
78379,1
78380,0
78381,3
78382,2
78383,1
78384,3
78385,0
78386,2
78387,4
78388,2
78389,1
78390,2
78391,3
78392,0
78393,0
78394,0
78395,2
78396,4
78397,4
78398,4
78399,2
78400,1
78401,0
78402,2
78403,4
78404,1
78405,4
78406,4
78407,3
78408,1
78409,2
78410,1
78411,1
78412,1
78413,1
78414,3
78415,4
78416,3
78417,1
78418,4
78419,4
78420,1
78421,3
78422,0
78423,2
78424,1
78425,0
78426,3
78427,1
78428,4
78429,0
78430,2
78431,1
78432,2
78433,4
78434,2
78435,0
78436,1
78437,2
78438,0
78439,2
78440,1
78441,3
78442,0
78443,0
78444,3
78445,0
78446,0
78447,2
78448,0
78449,0
78450,3
78451,0
78452,1
78453,2
78454,4
78455,3
78456,0
78457,1
78458,0
78459,0
78460,0
78461,0
78462,0
78463,2
78464,2
78465,3
78466,1
78467,4
78468,1
78469,1
78470,4
78471,2
78472,1
78473,4
78474,2
78475,4
78476,3
78477,0
78478,1
78479,3
78480,1
78481,1
78482,2
78483,0
78484,1
78485,0
78486,1
78487,1
78488,1
78489,0
78490,3
78491,0
78492,4
78493,1
78494,1
78495,0
78496,1
78497,0
78498,0
78499,2
78500,1
78501,1
78502,2
78503,4
78504,4
78505,0
78506,2
78507,2
78508,3
78509,0
78510,2
78511,1
78512,1
78513,0
78514,1
78515,0
78516,0
78517,4
78518,1
78519,1
78520,0
78521,3
78522,2
78523,3
78524,3
78525,0
78526,2
78527,3
78528,2
78529,1
78530,2
78531,0
78532,3
78533,3
78534,0
78535,1
78536,3
78537,0
78538,4
78539,2
78540,1
78541,3
78542,0
78543,4
78544,0
78545,4
78546,2
78547,1
78548,3
78549,2
78550,0
78551,0
78552,3
78553,2
78554,3
78555,3
78556,1
78557,3
78558,4
78559,0
78560,2
78561,1
78562,1
78563,3
78564,0
78565,1
78566,2
78567,3
78568,0
78569,2
78570,3
78571,1
78572,0
78573,0
78574,4
78575,3
78576,1
78577,0
78578,4
78579,3
78580,1
78581,2
78582,3
78583,1
78584,3
78585,2
78586,4
78587,0
78588,3
78589,3
78590,4
78591,2
78592,3
78593,0
78594,3
78595,1
78596,4
78597,2
78598,1
78599,1
78600,1
78601,1
78602,2
78603,4
78604,4
78605,1
78606,0
78607,1
78608,3
78609,0
78610,1
78611,1
78612,4
78613,4
78614,0
78615,1
78616,2
78617,1
78618,0
78619,2
78620,4
78621,3
78622,4
78623,2
78624,1
78625,4
78626,3
78627,4
78628,0
78629,1
78630,0
78631,0
78632,2
78633,4
78634,3
78635,1
78636,0
78637,3
78638,4
78639,1
78640,2
78641,0
78642,3
78643,0
78644,0
78645,3
78646,0
78647,3
78648,3
78649,2
78650,3
78651,2
78652,2
78653,2
78654,1
78655,1
78656,4
78657,1
78658,1
78659,1
78660,2
78661,0
78662,4
78663,3
78664,2
78665,3
78666,3
78667,2
78668,4
78669,0
78670,4
78671,4
78672,2
78673,1
78674,2
78675,4
78676,2
78677,2
78678,2
78679,3
78680,1
78681,4
78682,4
78683,2
78684,3
78685,2
78686,0
78687,3
78688,1
78689,2
78690,4
78691,0
78692,2
78693,1
78694,3
78695,0
78696,3
78697,4
78698,2
78699,4
78700,1
78701,0
78702,0
78703,3
78704,2
78705,2
78706,4
78707,3
78708,0
78709,1
78710,3
78711,2
78712,3
78713,2
78714,4
78715,2
78716,0
78717,0
78718,0
78719,3
78720,4
78721,1
78722,4
78723,0
78724,2
78725,3
78726,2
78727,0
78728,3
78729,0
78730,1
78731,3
78732,2
78733,1
78734,3
78735,3
78736,3
78737,1
78738,2
78739,1
78740,1
78741,0
78742,2
78743,2
78744,2
78745,1
78746,1
78747,4
78748,1
78749,1
78750,2
78751,3
78752,2
78753,1
78754,1
78755,0
78756,0
78757,3
78758,3
78759,3
78760,3
78761,4
78762,3
78763,3
78764,0
78765,2
78766,0
78767,4
78768,3
78769,1
78770,0
78771,2
78772,3
78773,0
78774,2
78775,1
78776,0
78777,0
78778,4
78779,4
78780,2
78781,0
78782,1
78783,2
78784,2
78785,1
78786,1
78787,4
78788,1
78789,1
78790,0
78791,2
78792,0
78793,1
78794,0
78795,1
78796,4
78797,3
78798,3
78799,2
78800,2
78801,1
78802,1
78803,1
78804,0
78805,3
78806,2
78807,1
78808,1
78809,2
78810,1
78811,4
78812,3
78813,1
78814,4
78815,2
78816,1
78817,4
78818,3
78819,0
78820,0
78821,4
78822,0
78823,4
78824,1
78825,0
78826,0
78827,2
78828,4
78829,0
78830,0
78831,4
78832,2
78833,1
78834,4
78835,1
78836,0
78837,2
78838,1
78839,3
78840,0
78841,3
78842,2
78843,4
78844,4
78845,0
78846,1
78847,1
78848,1
78849,1
78850,0
78851,1
78852,1
78853,3
78854,0
78855,2
78856,3
78857,3
78858,1
78859,4
78860,4
78861,0
78862,3
78863,4
78864,3
78865,2
78866,1
78867,3
78868,3
78869,2
78870,1
78871,3
78872,1
78873,4
78874,2
78875,1
78876,4
78877,3
78878,2
78879,1
78880,0
78881,3
78882,2
78883,2
78884,1
78885,1
78886,2
78887,2
78888,1
78889,4
78890,2
78891,4
78892,1
78893,0
78894,3
78895,3
78896,4
78897,0
78898,1
78899,2
78900,3
78901,3
78902,1
78903,4
78904,1
78905,0
78906,0
78907,1
78908,4
78909,1
78910,4
78911,4
78912,4
78913,2
78914,1
78915,3
78916,1
78917,2
78918,2
78919,1
78920,0
78921,0
78922,1
78923,0
78924,3
78925,3
78926,0
78927,1
78928,1
78929,0
78930,0
78931,2
78932,2
78933,3
78934,3
78935,0
78936,0
78937,1
78938,0
78939,3
78940,1
78941,4
78942,3
78943,2
78944,3
78945,4
78946,0
78947,0
78948,0
78949,2
78950,1
78951,1
78952,3
78953,4
78954,0
78955,2
78956,2
78957,3
78958,2
78959,2
78960,3
78961,0
78962,3
78963,0
78964,4
78965,0
78966,4
78967,3
78968,0
78969,2
78970,0
78971,1
78972,4
78973,0
78974,1
78975,2
78976,2
78977,1
78978,1
78979,3
78980,2
78981,0
78982,3
78983,1
78984,1
78985,1
78986,4
78987,0
78988,3
78989,1
78990,4
78991,1
78992,3
78993,4
78994,0
78995,0
78996,0
78997,1
78998,1
78999,1
79000,3
79001,3
79002,4
79003,1
79004,2
79005,1
79006,0
79007,1
79008,1
79009,3
79010,3
79011,4
79012,1
79013,0
79014,1
79015,1
79016,2
79017,3
79018,2
79019,4
79020,1
79021,1
79022,4
79023,2
79024,3
79025,3
79026,4
79027,1
79028,2
79029,3
79030,3
79031,4
79032,0
79033,2
79034,1
79035,2
79036,4
79037,1
79038,2
79039,1
79040,1
79041,1
79042,2
79043,3
79044,1
79045,3
79046,2
79047,0
79048,2
79049,2
79050,2
79051,3
79052,2
79053,1
79054,2
79055,1
79056,2
79057,1
79058,2
79059,1
79060,1
79061,2
79062,1
79063,1
79064,1
79065,1
79066,1
79067,1
79068,1
79069,2
79070,0
79071,1
79072,2
79073,3
79074,3
79075,2
79076,3
79077,2
79078,0
79079,4
79080,3
79081,4
79082,0
79083,4
79084,1
79085,1
79086,4
79087,1
79088,3
79089,2
79090,4
79091,3
79092,4
79093,0
79094,1
79095,1
79096,1
79097,4
79098,4
79099,2
79100,2
79101,0
79102,3
79103,3
79104,3
79105,0
79106,0
79107,2
79108,1
79109,4
79110,2
79111,4
79112,0
79113,3
79114,4
79115,4
79116,0
79117,2
79118,1
79119,3
79120,2
79121,1
79122,0
79123,1
79124,4
79125,2
79126,3
79127,0
79128,2
79129,4
79130,1
79131,3
79132,2
79133,1
79134,3
79135,4
79136,0
79137,4
79138,4
79139,3
79140,4
79141,4
79142,1
79143,4
79144,1
79145,2
79146,4
79147,1
79148,1
79149,3
79150,1
79151,2
79152,4
79153,4
79154,2
79155,1
79156,1
79157,0
79158,4
79159,3
79160,2
79161,0
79162,3
79163,2
79164,4
79165,3
79166,4
79167,0
79168,2
79169,0
79170,1
79171,3
79172,4
79173,0
79174,3
79175,2
79176,3
79177,3
79178,0
79179,0
79180,1
79181,1
79182,2
79183,4
79184,4
79185,0
79186,1
79187,2
79188,2
79189,1
79190,3
79191,0
79192,3
79193,2
79194,0
79195,4
79196,0
79197,3
79198,1
79199,2
79200,4
79201,3
79202,4
79203,0
79204,2
79205,1
79206,4
79207,1
79208,3
79209,3
79210,3
79211,1
79212,4
79213,1
79214,0
79215,2
79216,1
79217,1
79218,2
79219,4
79220,2
79221,3
79222,2
79223,2
79224,4
79225,1
79226,0
79227,4
79228,0
79229,0
79230,2
79231,2
79232,2
79233,4
79234,3
79235,0
79236,3
79237,2
79238,2
79239,4
79240,2
79241,4
79242,2
79243,3
79244,2
79245,2
79246,0
79247,2
79248,3
79249,2
79250,2
79251,1
79252,4
79253,4
79254,1
79255,1
79256,3
79257,2
79258,0
79259,0
79260,4
79261,0
79262,2
79263,4
79264,4
79265,0
79266,0
79267,1
79268,2
79269,2
79270,3
79271,0
79272,4
79273,1
79274,3
79275,4
79276,4
79277,2
79278,3
79279,0
79280,3
79281,1
79282,3
79283,0
79284,0
79285,2
79286,0
79287,1
79288,3
79289,0
79290,2
79291,0
79292,4
79293,2
79294,1
79295,3
79296,2
79297,1
79298,1
79299,2
79300,1
79301,2
79302,2
79303,2
79304,3
79305,1
79306,0
79307,4
79308,3
79309,2
79310,3
79311,1
79312,2
79313,0
79314,2
79315,3
79316,3
79317,0
79318,1
79319,1
79320,2
79321,0
79322,2
79323,0
79324,1
79325,2
79326,3
79327,4
79328,1
79329,2
79330,2
79331,2
79332,3
79333,1
79334,2
79335,3
79336,0
79337,0
79338,1
79339,2
79340,1
79341,2
79342,0
79343,1
79344,3
79345,0
79346,4
79347,1
79348,1
79349,2
79350,2
79351,0
79352,0
79353,3
79354,0
79355,2
79356,2
79357,1
79358,0
79359,3
79360,2
79361,1
79362,2
79363,0
79364,1
79365,3
79366,2
79367,4
79368,1
79369,0
79370,3
79371,4
79372,2
79373,0
79374,1
79375,0
79376,0
79377,4
79378,0
79379,0
79380,1
79381,0
79382,3
79383,3
79384,3
79385,0
79386,3
79387,1
79388,1
79389,3
79390,2
79391,0
79392,2
79393,3
79394,3
79395,1
79396,0
79397,3
79398,0
79399,1
79400,1
79401,2
79402,0
79403,0
79404,2
79405,4
79406,1
79407,2
79408,4
79409,4
79410,1
79411,1
79412,4
79413,2
79414,1
79415,3
79416,0
79417,1
79418,0
79419,1
79420,1
79421,4
79422,1
79423,0
79424,1
79425,1
79426,2
79427,0
79428,2
79429,0
79430,1
79431,1
79432,0
79433,1
79434,3
79435,1
79436,1
79437,1
79438,1
79439,0
79440,4
79441,0
79442,0
79443,0
79444,2
79445,2
79446,1
79447,2
79448,2
79449,3
79450,4
79451,0
79452,3
79453,0
79454,0
79455,3
79456,1
79457,3
79458,2
79459,0
79460,4
79461,0
79462,1
79463,1
79464,4
79465,4
79466,0
79467,2
79468,2
79469,0
79470,1
79471,1
79472,2
79473,4
79474,0
79475,2
79476,0
79477,4
79478,2
79479,3
79480,3
79481,0
79482,0
79483,3
79484,1
79485,3
79486,4
79487,1
79488,1
79489,4
79490,0
79491,1
79492,3
79493,0
79494,4
79495,2
79496,0
79497,2
79498,4
79499,0
79500,0
79501,2
79502,1
79503,1
79504,4
79505,0
79506,0
79507,0
79508,1
79509,2
79510,3
79511,0
79512,3
79513,4
79514,3
79515,4
79516,1
79517,1
79518,3
79519,2
79520,2
79521,3
79522,0
79523,0
79524,4
79525,1
79526,2
79527,4
79528,3
79529,0
79530,2
79531,1
79532,3
79533,4
79534,4
79535,3
79536,3
79537,3
79538,4
79539,1
79540,4
79541,2
79542,1
79543,0
79544,2
79545,1
79546,4
79547,3
79548,0
79549,4
79550,3
79551,3
79552,3
79553,1
79554,0
79555,4
79556,3
79557,3
79558,0
79559,4
79560,0
79561,0
79562,1
79563,4
79564,3
79565,3
79566,3
79567,1
79568,2
79569,3
79570,0
79571,1
79572,1
79573,1
79574,3
79575,2
79576,2
79577,0
79578,3
79579,3
79580,3
79581,2
79582,3
79583,0
79584,2
79585,4
79586,3
79587,4
79588,3
79589,1
79590,1
79591,1
79592,1
79593,2
79594,2
79595,3
79596,2
79597,1
79598,3
79599,3
79600,2
79601,0
79602,4
79603,1
79604,4
79605,3
79606,3
79607,1
79608,0
79609,1
79610,2
79611,1
79612,4
79613,3
79614,1
79615,4
79616,1
79617,2
79618,1
79619,1
79620,3
79621,1
79622,3
79623,0
79624,3
79625,3
79626,1
79627,4
79628,1
79629,3
79630,2
79631,3
79632,4
79633,2
79634,2
79635,2
79636,0
79637,2
79638,4
79639,1
79640,4
79641,2
79642,0
79643,1
79644,2
79645,2
79646,3
79647,0
79648,2
79649,4
79650,4
79651,1
79652,0
79653,3
79654,4
79655,3
79656,4
79657,4
79658,0
79659,4
79660,0
79661,3
79662,4
79663,0
79664,0
79665,0
79666,2
79667,3
79668,0
79669,1
79670,0
79671,1
79672,0
79673,4
79674,2
79675,2
79676,4
79677,4
79678,4
79679,2
79680,4
79681,4
79682,3
79683,3
79684,0
79685,0
79686,1
79687,3
79688,4
79689,0
79690,1
79691,2
79692,2
79693,4
79694,1
79695,1
79696,3
79697,1
79698,0
79699,4
79700,3
79701,2
79702,2
79703,3
79704,1
79705,1
79706,1
79707,2
79708,2
79709,1
79710,2
79711,3
79712,0
79713,3
79714,3
79715,4
79716,3
79717,1
79718,3
79719,0
79720,0
79721,1
79722,2
79723,1
79724,0
79725,1
79726,3
79727,4
79728,2
79729,1
79730,1
79731,2
79732,3
79733,3
79734,3
79735,4
79736,0
79737,0
79738,0
79739,1
79740,0
79741,0
79742,2
79743,2
79744,1
79745,1
79746,3
79747,4
79748,0
79749,1
79750,3
79751,1
79752,0
79753,1
79754,1
79755,4
79756,0
79757,2
79758,4
79759,3
79760,3
79761,0
79762,1
79763,1
79764,2
79765,2
79766,0
79767,0
79768,1
79769,0
79770,1
79771,3
79772,4
79773,3
79774,0
79775,2
79776,3
79777,3
79778,2
79779,3
79780,3
79781,1
79782,0
79783,3
79784,2
79785,1
79786,3
79787,2
79788,1
79789,0
79790,0
79791,0
79792,3
79793,2
79794,1
79795,2
79796,4
79797,1
79798,2
79799,2
79800,3
79801,2
79802,2
79803,0
79804,1
79805,2
79806,2
79807,4
79808,1
79809,3
79810,0
79811,1
79812,2
79813,3
79814,4
79815,0
79816,0
79817,1
79818,0
79819,0
79820,4
79821,4
79822,0
79823,0
79824,1
79825,4
79826,3
79827,0
79828,3
79829,1
79830,4
79831,2
79832,2
79833,4
79834,4
79835,0
79836,0
79837,2
79838,3
79839,3
79840,0
79841,4
79842,4
79843,3
79844,0
79845,2
79846,0
79847,1
79848,2
79849,2
79850,1
79851,0
79852,4
79853,3
79854,0
79855,1
79856,1
79857,1
79858,4
79859,3
79860,0
79861,2
79862,2
79863,3
79864,2
79865,2
79866,2
79867,0
79868,4
79869,0
79870,4
79871,1
79872,1
79873,0
79874,3
79875,3
79876,3
79877,4
79878,1
79879,2
79880,2
79881,0
79882,3
79883,0
79884,3
79885,4
79886,3
79887,3
79888,3
79889,3
79890,1
79891,1
79892,3
79893,0
79894,3
79895,4
79896,3
79897,4
79898,0
79899,1
79900,0
79901,3
79902,0
79903,1
79904,3
79905,1
79906,4
79907,1
79908,3
79909,0
79910,2
79911,0
79912,0
79913,3
79914,4
79915,3
79916,0
79917,1
79918,1
79919,0
79920,1
79921,3
79922,0
79923,2
79924,0
79925,2
79926,2
79927,3
79928,2
79929,1
79930,3
79931,4
79932,1
79933,0
79934,1
79935,1
79936,3
79937,2
79938,4
79939,1
79940,3
79941,2
79942,4
79943,3
79944,0
79945,4
79946,1
79947,2
79948,3
79949,2
79950,3
79951,0
79952,1
79953,2
79954,2
79955,4
79956,4
79957,2
79958,3
79959,2
79960,0
79961,3
79962,3
79963,4
79964,0
79965,4
79966,2
79967,0
79968,3
79969,0
79970,1
79971,0
79972,4
79973,3
79974,3
79975,1
79976,0
79977,2
79978,0
79979,1
79980,1
79981,1
79982,3
79983,2
79984,2
79985,2
79986,0
79987,1
79988,3
79989,0
79990,4
79991,3
79992,2
79993,2
79994,3
79995,0
79996,4
79997,2
79998,4
79999,3
80000,2
80001,2
80002,0
80003,2
80004,2
80005,4
80006,4
80007,4
80008,0
80009,1
80010,3
80011,1
80012,4
80013,2
80014,4
80015,1
80016,2
80017,3
80018,2
80019,2
80020,4
80021,3
80022,3
80023,0
80024,4
80025,0
80026,4
80027,3
80028,4
80029,4
80030,1
80031,1
80032,3
80033,0
80034,1
80035,4
80036,0
80037,3
80038,2
80039,3
80040,1
80041,1
80042,4
80043,4
80044,0
80045,2
80046,2
80047,1
80048,3
80049,1
80050,2
80051,0
80052,4
80053,3
80054,1
80055,0
80056,0
80057,2
80058,1
80059,4
80060,0
80061,2
80062,4
80063,1
80064,0
80065,3
80066,0
80067,3
80068,1
80069,3
80070,0
80071,4
80072,3
80073,3
80074,0
80075,1
80076,2
80077,2
80078,3
80079,1
80080,1
80081,1
80082,3
80083,4
80084,2
80085,2
80086,4
80087,1
80088,2
80089,0
80090,2
80091,3
80092,1
80093,3
80094,2
80095,3
80096,2
80097,1
80098,1
80099,2
80100,2
80101,3
80102,0
80103,1
80104,3
80105,4
80106,3
80107,3
80108,3
80109,2
80110,3
80111,4
80112,0
80113,0
80114,3
80115,3
80116,3
80117,3
80118,3
80119,0
80120,2
80121,3
80122,1
80123,1
80124,4
80125,2
80126,4
80127,4
80128,2
80129,4
80130,1
80131,2
80132,3
80133,0
80134,4
80135,0
80136,3
80137,3
80138,1
80139,0
80140,3
80141,3
80142,0
80143,4
80144,4
80145,0
80146,3
80147,0
80148,2
80149,2
80150,0
80151,1
80152,1
80153,2
80154,1
80155,3
80156,2
80157,2
80158,1
80159,0
80160,2
80161,1
80162,0
80163,2
80164,3
80165,0
80166,3
80167,1
80168,0
80169,1
80170,1
80171,3
80172,3
80173,0
80174,0
80175,4
80176,3
80177,0
80178,1
80179,0
80180,2
80181,1
80182,1
80183,3
80184,1
80185,0
80186,0
80187,0
80188,1
80189,3
80190,1
80191,1
80192,2
80193,4
80194,3
80195,3
80196,1
80197,0
80198,3
80199,2
80200,2
80201,4
80202,1
80203,0
80204,1
80205,0
80206,4
80207,1
80208,4
80209,0
80210,0
80211,3
80212,1
80213,0
80214,1
80215,3
80216,2
80217,4
80218,2
80219,2
80220,0
80221,4
80222,2
80223,2
80224,0
80225,2
80226,0
80227,4
80228,4
80229,2
80230,2
80231,1
80232,1
80233,2
80234,2
80235,3
80236,1
80237,0
80238,0
80239,1
80240,2
80241,2
80242,3
80243,1
80244,1
80245,2
80246,2
80247,2
80248,3
80249,4
80250,2
80251,2
80252,4
80253,1
80254,3
80255,3
80256,0
80257,0
80258,3
80259,2
80260,0
80261,2
80262,2
80263,3
80264,0
80265,2
80266,2
80267,2
80268,4
80269,0
80270,4
80271,2
80272,1
80273,4
80274,2
80275,0
80276,3
80277,0
80278,0
80279,3
80280,2
80281,1
80282,0
80283,1
80284,1
80285,3
80286,3
80287,0
80288,3
80289,3
80290,1
80291,4
80292,3
80293,2
80294,2
80295,2
80296,1
80297,3
80298,2
80299,3
80300,0
80301,0
80302,3
80303,4
80304,3
80305,0
80306,2
80307,1
80308,2
80309,0
80310,3
80311,0
80312,0
80313,3
80314,3
80315,0
80316,4
80317,3
80318,0
80319,1
80320,3
80321,0
80322,1
80323,2
80324,1
80325,0
80326,4
80327,1
80328,0
80329,0
80330,1
80331,1
80332,4
80333,2
80334,3
80335,3
80336,2
80337,2
80338,2
80339,3
80340,2
80341,1
80342,0
80343,3
80344,1
80345,0
80346,4
80347,1
80348,0
80349,2
80350,2
80351,3
80352,0
80353,2
80354,1
80355,0
80356,2
80357,1
80358,4
80359,1
80360,1
80361,3
80362,3
80363,2
80364,4
80365,4
80366,3
80367,2
80368,1
80369,4
80370,4
80371,1
80372,3
80373,1
80374,0
80375,0
80376,3
80377,1
80378,0
80379,0
80380,2
80381,4
80382,0
80383,3
80384,1
80385,3
80386,0
80387,2
80388,4
80389,2
80390,1
80391,2
80392,1
80393,2
80394,4
80395,4
80396,1
80397,4
80398,3
80399,1
80400,4
80401,3
80402,3
80403,0
80404,1
80405,0
80406,3
80407,4
80408,0
80409,1
80410,1
80411,3
80412,0
80413,1
80414,0
80415,2
80416,2
80417,2
80418,3
80419,1
80420,2
80421,3
80422,3
80423,0
80424,1
80425,1
80426,3
80427,4
80428,3
80429,4
80430,1
80431,2
80432,0
80433,3
80434,4
80435,2
80436,3
80437,1
80438,2
80439,3
80440,2
80441,1
80442,1
80443,4
80444,3
80445,1
80446,0
80447,0
80448,3
80449,1
80450,1
80451,0
80452,3
80453,2
80454,2
80455,2
80456,1
80457,3
80458,2
80459,2
80460,1
80461,4
80462,1
80463,4
80464,2
80465,4
80466,3
80467,4
80468,2
80469,4
80470,0
80471,0
80472,1
80473,2
80474,0
80475,1
80476,3
80477,2
80478,3
80479,2
80480,0
80481,1
80482,1
80483,1
80484,4
80485,1
80486,2
80487,4
80488,4
80489,3
80490,4
80491,2
80492,4
80493,2
80494,2
80495,3
80496,4
80497,1
80498,4
80499,4
80500,1
80501,1
80502,1
80503,3
80504,1
80505,1
80506,2
80507,1
80508,2
80509,2
80510,3
80511,0
80512,1
80513,0
80514,4
80515,2
80516,0
80517,0
80518,1
80519,3
80520,3
80521,2
80522,2
80523,4
80524,1
80525,2
80526,4
80527,2
80528,1
80529,3
80530,4
80531,1
80532,2
80533,3
80534,4
80535,4
80536,3
80537,1
80538,2
80539,1
80540,2
80541,1
80542,1
80543,0
80544,0
80545,1
80546,0
80547,2
80548,0
80549,1
80550,0
80551,4
80552,3
80553,4
80554,2
80555,2
80556,2
80557,0
80558,0
80559,0
80560,1
80561,3
80562,3
80563,2
80564,4
80565,3
80566,4
80567,3
80568,2
80569,1
80570,0
80571,0
80572,1
80573,2
80574,4
80575,3
80576,0
80577,0
80578,3
80579,2
80580,0
80581,0
80582,0
80583,4
80584,4
80585,3
80586,1
80587,2
80588,2
80589,0
80590,3
80591,2
80592,0
80593,0
80594,3
80595,2
80596,1
80597,0
80598,3
80599,0
80600,2
80601,1
80602,1
80603,0
80604,4
80605,2
80606,4
80607,0
80608,1
80609,1
80610,1
80611,3
80612,1
80613,0
80614,0
80615,1
80616,4
80617,1
80618,2
80619,2
80620,0
80621,4
80622,4
80623,0
80624,0
80625,0
80626,3
80627,2
80628,0
80629,3
80630,2
80631,3
80632,0
80633,2
80634,4
80635,0
80636,0
80637,1
80638,0
80639,4
80640,2
80641,4
80642,0
80643,0
80644,2
80645,3
80646,3
80647,2
80648,4
80649,0
80650,0
80651,1
80652,0
80653,1
80654,3
80655,2
80656,2
80657,4
80658,0
80659,0
80660,1
80661,0
80662,4
80663,4
80664,2
80665,4
80666,2
80667,1
80668,3
80669,1
80670,1
80671,0
80672,3
80673,1
80674,1
80675,1
80676,4
80677,3
80678,2
80679,3
80680,0
80681,2
80682,1
80683,1
80684,1
80685,0
80686,1
80687,2
80688,1
80689,2
80690,1
80691,2
80692,3
80693,2
80694,1
80695,0
80696,1
80697,4
80698,1
80699,2
80700,1
80701,0
80702,0
80703,4
80704,1
80705,4
80706,2
80707,0
80708,4
80709,2
80710,2
80711,3
80712,0
80713,3
80714,3
80715,1
80716,1
80717,1
80718,2
80719,1
80720,0
80721,4
80722,3
80723,1
80724,2
80725,1
80726,3
80727,3
80728,0
80729,0
80730,1
80731,3
80732,2
80733,2
80734,0
80735,0
80736,0
80737,4
80738,2
80739,0
80740,0
80741,1
80742,3
80743,2
80744,1
80745,1
80746,2
80747,1
80748,3
80749,3
80750,1
80751,1
80752,0
80753,4
80754,4
80755,1
80756,0
80757,1
80758,2
80759,3
80760,4
80761,0
80762,4
80763,1
80764,1
80765,0
80766,1
80767,2
80768,0
80769,0
80770,4
80771,0
80772,1
80773,0
80774,3
80775,2
80776,1
80777,0
80778,0
80779,4
80780,3
80781,0
80782,0
80783,1
80784,4
80785,3
80786,4
80787,4
80788,1
80789,2
80790,0
80791,4
80792,0
80793,0
80794,0
80795,2
80796,0
80797,4
80798,3
80799,4
80800,3
80801,4
80802,2
80803,1
80804,2
80805,1
80806,0
80807,0
80808,4
80809,4
80810,1
80811,3
80812,4
80813,3
80814,4
80815,2
80816,2
80817,3
80818,0
80819,1
80820,3
80821,0
80822,2
80823,2
80824,3
80825,1
80826,0
80827,3
80828,4
80829,0
80830,3
80831,1
80832,2
80833,3
80834,4
80835,4
80836,0
80837,2
80838,2
80839,0
80840,4
80841,1
80842,0
80843,1
80844,1
80845,2
80846,2
80847,4
80848,2
80849,3
80850,0
80851,2
80852,1
80853,4
80854,2
80855,3
80856,4
80857,1
80858,0
80859,0
80860,0
80861,2
80862,0
80863,3
80864,0
80865,1
80866,2
80867,1
80868,2
80869,3
80870,0
80871,2
80872,0
80873,1
80874,0
80875,4
80876,0
80877,1
80878,4
80879,4
80880,0
80881,1
80882,1
80883,3
80884,3
80885,1
80886,1
80887,2
80888,0
80889,1
80890,3
80891,1
80892,4
80893,0
80894,3
80895,3
80896,0
80897,1
80898,3
80899,4
80900,4
80901,1
80902,4
80903,1
80904,4
80905,3
80906,2
80907,0
80908,0
80909,0
80910,2
80911,3
80912,0
80913,2
80914,2
80915,4
80916,3
80917,0
80918,1
80919,3
80920,0
80921,3
80922,2
80923,0
80924,1
80925,2
80926,1
80927,1
80928,1
80929,0
80930,2
80931,0
80932,2
80933,2
80934,3
80935,4
80936,0
80937,0
80938,0
80939,3
80940,2
80941,0
80942,4
80943,1
80944,0
80945,2
80946,3
80947,2
80948,2
80949,0
80950,4
80951,2
80952,2
80953,3
80954,3
80955,0
80956,4
80957,2
80958,4
80959,3
80960,1
80961,2
80962,2
80963,2
80964,0
80965,1
80966,0
80967,1
80968,2
80969,3
80970,3
80971,0
80972,0
80973,3
80974,0
80975,0
80976,2
80977,1
80978,0
80979,2
80980,3
80981,1
80982,0
80983,2
80984,0
80985,0
80986,2
80987,4
80988,3
80989,0
80990,0
80991,3
80992,2
80993,0
80994,3
80995,0
80996,0
80997,0
80998,1
80999,3
81000,2
81001,1
81002,3
81003,3
81004,0
81005,2
81006,4
81007,3
81008,1
81009,1
81010,3
81011,4
81012,4
81013,3
81014,3
81015,4
81016,3
81017,4
81018,3
81019,1
81020,1
81021,4
81022,4
81023,4
81024,3
81025,4
81026,2
81027,1
81028,2
81029,1
81030,3
81031,3
81032,1
81033,4
81034,1
81035,1
81036,1
81037,3
81038,3
81039,0
81040,2
81041,2
81042,1
81043,2
81044,2
81045,1
81046,4
81047,1
81048,0
81049,4
81050,0
81051,0
81052,3
81053,3
81054,1
81055,3
81056,0
81057,4
81058,2
81059,3
81060,2
81061,4
81062,1
81063,2
81064,3
81065,3
81066,2
81067,3
81068,2
81069,2
81070,0
81071,4
81072,1
81073,3
81074,0
81075,1
81076,1
81077,3
81078,3
81079,3
81080,0
81081,0
81082,4
81083,2
81084,0
81085,1
81086,3
81087,1
81088,4
81089,2
81090,0
81091,0
81092,0
81093,1
81094,1
81095,1
81096,0
81097,0
81098,0
81099,2
81100,3
81101,1
81102,0
81103,3
81104,1
81105,4
81106,0
81107,4
81108,0
81109,3
81110,4
81111,3
81112,3
81113,4
81114,4
81115,3
81116,2
81117,3
81118,1
81119,1
81120,1
81121,2
81122,0
81123,3
81124,1
81125,0
81126,3
81127,2
81128,2
81129,2
81130,1
81131,2
81132,3
81133,4
81134,3
81135,3
81136,2
81137,2
81138,3
81139,1
81140,3
81141,0
81142,2
81143,1
81144,4
81145,1
81146,1
81147,2
81148,3
81149,2
81150,2
81151,3
81152,0
81153,4
81154,2
81155,1
81156,0
81157,2
81158,4
81159,4
81160,3
81161,0
81162,4
81163,1
81164,1
81165,1
81166,4
81167,4
81168,3
81169,0
81170,1
81171,0
81172,1
81173,2
81174,0
81175,3
81176,1
81177,3
81178,1
81179,2
81180,3
81181,0
81182,3
81183,0
81184,0
81185,3
81186,3
81187,1
81188,1
81189,2
81190,2
81191,3
81192,1
81193,1
81194,0
81195,3
81196,4
81197,3
81198,4
81199,0
81200,3
81201,3
81202,3
81203,0
81204,2
81205,4
81206,0
81207,0
81208,4
81209,3
81210,1
81211,3
81212,4
81213,0
81214,0
81215,3
81216,4
81217,3
81218,0
81219,1
81220,0
81221,3
81222,4
81223,2
81224,0
81225,2
81226,2
81227,1
81228,4
81229,4
81230,0
81231,3
81232,1
81233,3
81234,3
81235,2
81236,1
81237,2
81238,0
81239,3
81240,4
81241,2
81242,2
81243,3
81244,2
81245,2
81246,3
81247,2
81248,0
81249,2
81250,2
81251,3
81252,3
81253,3
81254,1
81255,3
81256,2
81257,2
81258,3
81259,2
81260,0
81261,4
81262,0
81263,3
81264,3
81265,0
81266,1
81267,0
81268,0
81269,4
81270,4
81271,1
81272,2
81273,4
81274,0
81275,0
81276,3
81277,0
81278,3
81279,3
81280,4
81281,1
81282,2
81283,0
81284,0
81285,3
81286,3
81287,2
81288,3
81289,4
81290,4
81291,4
81292,4
81293,1
81294,0
81295,1
81296,0
81297,2
81298,1
81299,4
81300,1
81301,0
81302,3
81303,3
81304,0
81305,0
81306,0
81307,3
81308,0
81309,4
81310,2
81311,4
81312,3
81313,4
81314,3
81315,2
81316,4
81317,4
81318,2
81319,2
81320,3
81321,3
81322,2
81323,1
81324,1
81325,4
81326,3
81327,4
81328,4
81329,3
81330,4
81331,4
81332,0
81333,2
81334,1
81335,1
81336,3
81337,2
81338,4
81339,0
81340,1
81341,0
81342,0
81343,2
81344,2
81345,2
81346,3
81347,1
81348,2
81349,0
81350,1
81351,3
81352,4
81353,1
81354,2
81355,4
81356,4
81357,0
81358,1
81359,4
81360,2
81361,0
81362,2
81363,2
81364,2
81365,3
81366,1
81367,0
81368,0
81369,3
81370,1
81371,0
81372,2
81373,4
81374,0
81375,2
81376,3
81377,1
81378,2
81379,1
81380,4
81381,1
81382,4
81383,2
81384,2
81385,3
81386,2
81387,3
81388,1
81389,4
81390,1
81391,0
81392,3
81393,1
81394,1
81395,1
81396,4
81397,0
81398,0
81399,4
81400,3
81401,4
81402,0
81403,3
81404,2
81405,1
81406,0
81407,0
81408,2
81409,0
81410,4
81411,1
81412,0
81413,2
81414,0
81415,1
81416,3
81417,1
81418,0
81419,2
81420,0
81421,0
81422,3
81423,0
81424,3
81425,1
81426,3
81427,0
81428,4
81429,3
81430,3
81431,1
81432,0
81433,4
81434,0
81435,2
81436,1
81437,1
81438,2
81439,3
81440,0
81441,3
81442,0
81443,3
81444,2
81445,2
81446,2
81447,1
81448,0
81449,0
81450,2
81451,0
81452,0
81453,0
81454,0
81455,2
81456,0
81457,1
81458,1
81459,2
81460,1
81461,4
81462,4
81463,2
81464,2
81465,4
81466,1
81467,3
81468,3
81469,4
81470,0
81471,3
81472,1
81473,3
81474,2
81475,0
81476,0
81477,4
81478,3
81479,2
81480,0
81481,4
81482,2
81483,2
81484,0
81485,3
81486,2
81487,2
81488,2
81489,0
81490,2
81491,2
81492,3
81493,1
81494,4
81495,2
81496,1
81497,0
81498,0
81499,0
81500,1
81501,4
81502,1
81503,0
81504,1
81505,4
81506,2
81507,3
81508,4
81509,1
81510,2
81511,2
81512,3
81513,1
81514,0
81515,2
81516,2
81517,1
81518,4
81519,0
81520,1
81521,2
81522,3
81523,2
81524,3
81525,2
81526,2
81527,2
81528,4
81529,2
81530,1
81531,1
81532,0
81533,1
81534,3
81535,1
81536,2
81537,0
81538,0
81539,2
81540,2
81541,1
81542,0
81543,0
81544,2
81545,1
81546,0
81547,3
81548,1
81549,2
81550,4
81551,3
81552,2
81553,4
81554,0
81555,2
81556,2
81557,4
81558,0
81559,4
81560,2
81561,2
81562,4
81563,4
81564,1
81565,0
81566,0
81567,2
81568,4
81569,0
81570,0
81571,1
81572,1
81573,3
81574,3
81575,1
81576,2
81577,1
81578,3
81579,2
81580,0
81581,0
81582,3
81583,0
81584,1
81585,2
81586,4
81587,3
81588,1
81589,2
81590,3
81591,0
81592,2
81593,0
81594,3
81595,1
81596,1
81597,1
81598,1
81599,3
81600,2
81601,0
81602,1
81603,4
81604,3
81605,4
81606,1
81607,2
81608,2
81609,2
81610,3
81611,1
81612,3
81613,3
81614,3
81615,3
81616,4
81617,2
81618,1
81619,0
81620,0
81621,0
81622,4
81623,0
81624,1
81625,2
81626,1
81627,2
81628,4
81629,3
81630,0
81631,3
81632,2
81633,3
81634,4
81635,2
81636,3
81637,2
81638,3
81639,1
81640,0
81641,0
81642,1
81643,0
81644,0
81645,0
81646,4
81647,0
81648,3
81649,1
81650,1
81651,3
81652,2
81653,1
81654,1
81655,2
81656,0
81657,2
81658,0
81659,3
81660,0
81661,0
81662,4
81663,2
81664,1
81665,3
81666,4
81667,4
81668,1
81669,0
81670,0
81671,3
81672,4
81673,0
81674,2
81675,2
81676,4
81677,2
81678,2
81679,4
81680,2
81681,4
81682,4
81683,0
81684,3
81685,1
81686,2
81687,4
81688,1
81689,4
81690,2
81691,1
81692,3
81693,0
81694,3
81695,2
81696,1
81697,2
81698,0
81699,0
81700,3
81701,2
81702,0
81703,3
81704,2
81705,1
81706,1
81707,1
81708,1
81709,3
81710,1
81711,3
81712,0
81713,0
81714,3
81715,1
81716,3
81717,4
81718,0
81719,3
81720,2
81721,1
81722,4
81723,2
81724,0
81725,2
81726,0
81727,2
81728,2
81729,3
81730,3
81731,2
81732,4
81733,0
81734,3
81735,4
81736,2
81737,1
81738,3
81739,3
81740,3
81741,3
81742,4
81743,2
81744,1
81745,1
81746,2
81747,0
81748,1
81749,2
81750,0
81751,3
81752,0
81753,2
81754,3
81755,4
81756,0
81757,2
81758,0
81759,0
81760,1
81761,2
81762,0
81763,4
81764,0
81765,3
81766,3
81767,4
81768,2
81769,0
81770,1
81771,1
81772,3
81773,0
81774,2
81775,1
81776,0
81777,2
81778,0
81779,2
81780,1
81781,3
81782,2
81783,1
81784,2
81785,3
81786,0
81787,0
81788,1
81789,3
81790,0
81791,1
81792,0
81793,3
81794,3
81795,3
81796,2
81797,0
81798,1
81799,3
81800,4
81801,3
81802,0
81803,2
81804,4
81805,3
81806,0
81807,3
81808,4
81809,1
81810,1
81811,3
81812,2
81813,1
81814,0
81815,2
81816,2
81817,4
81818,3
81819,2
81820,1
81821,2
81822,2
81823,2
81824,2
81825,0
81826,2
81827,0
81828,1
81829,3
81830,0
81831,2
81832,1
81833,0
81834,3
81835,3
81836,0
81837,1
81838,2
81839,2
81840,4
81841,2
81842,4
81843,2
81844,3
81845,0
81846,0
81847,4
81848,4
81849,1
81850,2
81851,0
81852,1
81853,1
81854,1
81855,2
81856,0
81857,1
81858,3
81859,2
81860,2
81861,2
81862,2
81863,3
81864,3
81865,1
81866,4
81867,2
81868,4
81869,0
81870,3
81871,0
81872,1
81873,2
81874,1
81875,0
81876,0
81877,0
81878,2
81879,0
81880,2
81881,2
81882,0
81883,2
81884,0
81885,0
81886,4
81887,3
81888,0
81889,1
81890,0
81891,1
81892,1
81893,3
81894,0
81895,0
81896,4
81897,1
81898,3
81899,3
81900,0
81901,4
81902,1
81903,1
81904,3
81905,0
81906,1
81907,4
81908,4
81909,2
81910,2
81911,1
81912,2
81913,3
81914,4
81915,4
81916,1
81917,3
81918,2
81919,3
81920,4
81921,1
81922,3
81923,1
81924,2
81925,4
81926,2
81927,4
81928,1
81929,3
81930,3
81931,2
81932,0
81933,0
81934,4
81935,4
81936,2
81937,2
81938,1
81939,1
81940,1
81941,3
81942,1
81943,2
81944,1
81945,2
81946,0
81947,1
81948,2
81949,0
81950,3
81951,1
81952,4
81953,3
81954,4
81955,1
81956,2
81957,3
81958,1
81959,1
81960,1
81961,0
81962,3
81963,0
81964,1
81965,3
81966,0
81967,0
81968,0
81969,0
81970,1
81971,2
81972,1
81973,0
81974,1
81975,2
81976,4
81977,1
81978,1
81979,0
81980,2
81981,3
81982,1
81983,4
81984,4
81985,4
81986,2
81987,4
81988,0
81989,2
81990,0
81991,1
81992,2
81993,1
81994,2
81995,2
81996,1
81997,4
81998,0
81999,2
82000,2
82001,3
82002,0
82003,2
82004,1
82005,4
82006,1
82007,2
82008,4
82009,3
82010,4
82011,2
82012,2
82013,0
82014,2
82015,1
82016,2
82017,0
82018,0
82019,4
82020,3
82021,1
82022,3
82023,0
82024,3
82025,2
82026,3
82027,2
82028,3
82029,1
82030,0
82031,3
82032,0
82033,2
82034,2
82035,1
82036,1
82037,4
82038,0
82039,3
82040,1
82041,0
82042,2
82043,1
82044,3
82045,1
82046,0
82047,2
82048,2
82049,3
82050,1
82051,2
82052,1
82053,4
82054,3
82055,0
82056,4
82057,0
82058,0
82059,0
82060,2
82061,1
82062,3
82063,1
82064,3
82065,2
82066,2
82067,4
82068,2
82069,2
82070,2
82071,0
82072,2
82073,0
82074,2
82075,3
82076,2
82077,2
82078,4
82079,0
82080,1
82081,1
82082,3
82083,0
82084,0
82085,1
82086,3
82087,0
82088,3
82089,2
82090,1
82091,4
82092,4
82093,1
82094,4
82095,4
82096,0
82097,3
82098,4
82099,2
82100,2
82101,2
82102,3
82103,3
82104,3
82105,2
82106,0
82107,3
82108,2
82109,3
82110,2
82111,1
82112,4
82113,4
82114,2
82115,1
82116,3
82117,1
82118,1
82119,1
82120,0
82121,1
82122,2
82123,0
82124,4
82125,0
82126,1
82127,3
82128,3
82129,3
82130,0
82131,1
82132,4
82133,3
82134,3
82135,1
82136,2
82137,1
82138,0
82139,1
82140,1
82141,4
82142,0
82143,3
82144,1
82145,0
82146,3
82147,0
82148,3
82149,2
82150,2
82151,0
82152,1
82153,3
82154,2
82155,3
82156,1
82157,4
82158,1
82159,0
82160,0
82161,1
82162,0
82163,4
82164,3
82165,4
82166,2
82167,4
82168,3
82169,4
82170,4
82171,4
82172,4
82173,1
82174,1
82175,2
82176,3
82177,4
82178,2
82179,3
82180,2
82181,3
82182,3
82183,3
82184,1
82185,3
82186,0
82187,2
82188,1
82189,2
82190,2
82191,3
82192,4
82193,0
82194,4
82195,2
82196,0
82197,0
82198,2
82199,2
82200,3
82201,1
82202,0
82203,3
82204,1
82205,3
82206,1
82207,1
82208,0
82209,2
82210,2
82211,4
82212,0
82213,1
82214,1
82215,1
82216,4
82217,4
82218,0
82219,4
82220,2
82221,2
82222,2
82223,0
82224,1
82225,4
82226,0
82227,0
82228,3
82229,2
82230,3
82231,2
82232,2
82233,1
82234,2
82235,3
82236,3
82237,0
82238,1
82239,2
82240,1
82241,0
82242,1
82243,2
82244,4
82245,0
82246,3
82247,2
82248,2
82249,3
82250,3
82251,1
82252,1
82253,4
82254,3
82255,1
82256,4
82257,2
82258,3
82259,4
82260,3
82261,2
82262,1
82263,2
82264,0
82265,2
82266,3
82267,2
82268,0
82269,1
82270,3
82271,4
82272,1
82273,0
82274,0
82275,4
82276,3
82277,4
82278,2
82279,4
82280,2
82281,2
82282,4
82283,1
82284,1
82285,3
82286,1
82287,4
82288,0
82289,4
82290,1
82291,1
82292,0
82293,1
82294,3
82295,1
82296,1
82297,2
82298,1
82299,1
82300,3
82301,4
82302,1
82303,1
82304,2
82305,2
82306,1
82307,2
82308,2
82309,0
82310,3
82311,0
82312,2
82313,2
82314,2
82315,1
82316,3
82317,1
82318,2
82319,4
82320,2
82321,4
82322,2
82323,0
82324,1
82325,0
82326,3
82327,0
82328,0
82329,3
82330,0
82331,0
82332,0
82333,4
82334,0
82335,1
82336,0
82337,3
82338,0
82339,4
82340,4
82341,0
82342,3
82343,0
82344,2
82345,4
82346,3
82347,1
82348,1
82349,3
82350,4
82351,0
82352,3
82353,3
82354,0
82355,4
82356,4
82357,1
82358,3
82359,3
82360,0
82361,1
82362,2
82363,1
82364,0
82365,0
82366,3
82367,1
82368,2
82369,2
82370,0
82371,4
82372,3
82373,4
82374,0
82375,0
82376,0
82377,0
82378,0
82379,0
82380,1
82381,2
82382,2
82383,2
82384,2
82385,3
82386,3
82387,0
82388,4
82389,1
82390,0
82391,0
82392,2
82393,0
82394,3
82395,3
82396,2
82397,3
82398,0
82399,3
82400,0
82401,4
82402,3
82403,0
82404,4
82405,4
82406,1
82407,2
82408,4
82409,2
82410,2
82411,0
82412,2
82413,3
82414,1
82415,3
82416,3
82417,2
82418,1
82419,0
82420,1
82421,3
82422,4
82423,2
82424,2
82425,2
82426,3
82427,2
82428,0
82429,4
82430,3
82431,3
82432,2
82433,2
82434,0
82435,3
82436,3
82437,3
82438,2
82439,3
82440,0
82441,2
82442,1
82443,1
82444,2
82445,1
82446,1
82447,4
82448,2
82449,1
82450,0
82451,3
82452,2
82453,3
82454,2
82455,3
82456,4
82457,1
82458,4
82459,0
82460,1
82461,1
82462,0
82463,4
82464,4
82465,1
82466,1
82467,1
82468,4
82469,0
82470,1
82471,1
82472,2
82473,2
82474,2
82475,1
82476,4
82477,2
82478,2
82479,1
82480,3
82481,4
82482,2
82483,4
82484,0
82485,1
82486,0
82487,1
82488,0
82489,3
82490,1
82491,2
82492,0
82493,0
82494,0
82495,3
82496,1
82497,3
82498,4
82499,4
82500,0
82501,1
82502,0
82503,1
82504,0
82505,0
82506,4
82507,0
82508,4
82509,1
82510,2
82511,1
82512,3
82513,4
82514,2
82515,3
82516,1
82517,3
82518,0
82519,3
82520,0
82521,4
82522,1
82523,2
82524,2
82525,0
82526,0
82527,3
82528,1
82529,2
82530,0
82531,4
82532,3
82533,2
82534,4
82535,3
82536,0
82537,4
82538,1
82539,0
82540,3
82541,2
82542,3
82543,4
82544,4
82545,2
82546,1
82547,3
82548,4
82549,0
82550,3
82551,3
82552,0
82553,0
82554,0
82555,1
82556,4
82557,0
82558,3
82559,0
82560,0
82561,0
82562,4
82563,1
82564,4
82565,1
82566,1
82567,4
82568,1
82569,1
82570,2
82571,1
82572,2
82573,2
82574,2
82575,3
82576,2
82577,1
82578,1
82579,3
82580,1
82581,3
82582,1
82583,4
82584,4
82585,0
82586,4
82587,4
82588,4
82589,0
82590,3
82591,4
82592,2
82593,2
82594,3
82595,2
82596,2
82597,4
82598,1
82599,3
82600,0
82601,4
82602,1
82603,0
82604,2
82605,4
82606,0
82607,2
82608,1
82609,4
82610,2
82611,0
82612,0
82613,4
82614,0
82615,2
82616,2
82617,3
82618,4
82619,4
82620,0
82621,4
82622,2
82623,0
82624,0
82625,3
82626,2
82627,1
82628,1
82629,0
82630,0
82631,0
82632,0
82633,1
82634,2
82635,2
82636,1
82637,0
82638,0
82639,1
82640,2
82641,2
82642,2
82643,0
82644,3
82645,2
82646,4
82647,2
82648,3
82649,2
82650,1
82651,2
82652,1
82653,0
82654,1
82655,2
82656,0
82657,0
82658,0
82659,3
82660,2
82661,0
82662,3
82663,3
82664,3
82665,4
82666,1
82667,4
82668,0
82669,3
82670,3
82671,3
82672,1
82673,0
82674,0
82675,1
82676,2
82677,4
82678,2
82679,0
82680,3
82681,1
82682,1
82683,3
82684,4
82685,0
82686,2
82687,2
82688,2
82689,3
82690,3
82691,4
82692,0
82693,4
82694,2
82695,4
82696,1
82697,3
82698,0
82699,2
82700,1
82701,4
82702,3
82703,1
82704,3
82705,3
82706,4
82707,4
82708,0
82709,2
82710,2
82711,2
82712,0
82713,2
82714,0
82715,0
82716,0
82717,4
82718,0
82719,0
82720,2
82721,3
82722,4
82723,3
82724,0
82725,2
82726,2
82727,2
82728,1
82729,2
82730,1
82731,3
82732,3
82733,2
82734,4
82735,1
82736,4
82737,2
82738,1
82739,2
82740,3
82741,4
82742,4
82743,4
82744,0
82745,4
82746,0
82747,2
82748,0
82749,1
82750,4
82751,0
82752,2
82753,3
82754,0
82755,4
82756,3
82757,4
82758,3
82759,3
82760,3
82761,1
82762,1
82763,2
82764,1
82765,3
82766,0
82767,2
82768,2
82769,2
82770,1
82771,0
82772,1
82773,2
82774,2
82775,2
82776,4
82777,3
82778,2
82779,0
82780,4
82781,3
82782,0
82783,2
82784,0
82785,1
82786,0
82787,4
82788,3
82789,4
82790,3
82791,3
82792,1
82793,1
82794,2
82795,0
82796,3
82797,1
82798,3
82799,0
82800,0
82801,4
82802,2
82803,3
82804,1
82805,0
82806,1
82807,1
82808,2
82809,0
82810,0
82811,2
82812,1
82813,2
82814,1
82815,4
82816,1
82817,4
82818,2
82819,4
82820,3
82821,0
82822,2
82823,4
82824,3
82825,2
82826,3
82827,2
82828,1
82829,2
82830,1
82831,0
82832,0
82833,3
82834,0
82835,3
82836,1
82837,1
82838,4
82839,2
82840,0
82841,2
82842,0
82843,4
82844,0
82845,2
82846,2
82847,2
82848,3
82849,1
82850,0
82851,0
82852,1
82853,2
82854,0
82855,1
82856,3
82857,0
82858,4
82859,3
82860,0
82861,1
82862,3
82863,4
82864,4
82865,4
82866,3
82867,0
82868,2
82869,1
82870,3
82871,1
82872,3
82873,2
82874,0
82875,0
82876,3
82877,2
82878,3
82879,2
82880,0
82881,1
82882,0
82883,2
82884,2
82885,0
82886,0
82887,0
82888,0
82889,2
82890,3
82891,3
82892,2
82893,0
82894,2
82895,4
82896,3
82897,0
82898,2
82899,2
82900,1
82901,4
82902,4
82903,3
82904,3
82905,0
82906,2
82907,4
82908,0
82909,1
82910,0
82911,3
82912,2
82913,4
82914,1
82915,3
82916,4
82917,1
82918,2
82919,0
82920,1
82921,0
82922,0
82923,0
82924,1
82925,2
82926,2
82927,0
82928,2
82929,0
82930,1
82931,4
82932,2
82933,4
82934,3
82935,4
82936,4
82937,0
82938,2
82939,2
82940,3
82941,4
82942,4
82943,2
82944,0
82945,0
82946,4
82947,3
82948,3
82949,2
82950,1
82951,3
82952,4
82953,2
82954,2
82955,4
82956,1
82957,0
82958,1
82959,0
82960,4
82961,0
82962,1
82963,0
82964,0
82965,2
82966,4
82967,1
82968,1
82969,2
82970,0
82971,0
82972,0
82973,1
82974,2
82975,0
82976,4
82977,3
82978,3
82979,3
82980,1
82981,2
82982,1
82983,3
82984,1
82985,3
82986,0
82987,2
82988,1
82989,3
82990,4
82991,4
82992,1
82993,1
82994,2
82995,0
82996,1
82997,2
82998,2
82999,1
83000,3
83001,2
83002,2
83003,2
83004,4
83005,0
83006,1
83007,1
83008,1
83009,0
83010,4
83011,2
83012,3
83013,2
83014,1
83015,1
83016,4
83017,2
83018,2
83019,1
83020,3
83021,0
83022,4
83023,4
83024,2
83025,2
83026,2
83027,2
83028,0
83029,2
83030,4
83031,0
83032,2
83033,3
83034,3
83035,0
83036,4
83037,2
83038,3
83039,2
83040,0
83041,0
83042,2
83043,2
83044,0
83045,4
83046,3
83047,3
83048,0
83049,0
83050,0
83051,2
83052,4
83053,0
83054,2
83055,1
83056,3
83057,3
83058,0
83059,2
83060,3
83061,0
83062,0
83063,3
83064,2
83065,2
83066,4
83067,1
83068,0
83069,0
83070,1
83071,3
83072,4
83073,3
83074,3
83075,2
83076,1
83077,2
83078,2
83079,3
83080,1
83081,0
83082,3
83083,2
83084,0
83085,1
83086,0
83087,0
83088,1
83089,4
83090,0
83091,4
83092,0
83093,4
83094,3
83095,3
83096,0
83097,4
83098,1
83099,3
83100,4
83101,1
83102,1
83103,0
83104,1
83105,2
83106,4
83107,1
83108,3
83109,1
83110,4
83111,0
83112,1
83113,2
83114,2
83115,1
83116,0
83117,1
83118,4
83119,0
83120,0
83121,1
83122,2
83123,1
83124,4
83125,3
83126,3
83127,1
83128,3
83129,1
83130,3
83131,2
83132,0
83133,4
83134,2
83135,1
83136,0
83137,0
83138,1
83139,2
83140,2
83141,3
83142,2
83143,0
83144,1
83145,2
83146,2
83147,1
83148,3
83149,2
83150,1
83151,2
83152,1
83153,1
83154,2
83155,1
83156,2
83157,1
83158,1
83159,0
83160,2
83161,0
83162,0
83163,3
83164,4
83165,2
83166,1
83167,1
83168,2
83169,0
83170,0
83171,0
83172,1
83173,2
83174,3
83175,2
83176,2
83177,3
83178,2
83179,1
83180,3
83181,0
83182,1
83183,2
83184,3
83185,1
83186,2
83187,0
83188,2
83189,2
83190,4
83191,1
83192,1
83193,3
83194,2
83195,4
83196,1
83197,4
83198,3
83199,2
83200,0
83201,0
83202,1
83203,1
83204,4
83205,2
83206,4
83207,2
83208,3
83209,0
83210,3
83211,1
83212,0
83213,3
83214,2
83215,2
83216,0
83217,4
83218,0
83219,3
83220,0
83221,3
83222,4
83223,4
83224,1
83225,0
83226,2
83227,1
83228,4
83229,4
83230,1
83231,2
83232,2
83233,2
83234,1
83235,1
83236,0
83237,4
83238,4
83239,3
83240,4
83241,1
83242,4
83243,0
83244,4
83245,2
83246,2
83247,1
83248,0
83249,0
83250,3
83251,4
83252,0
83253,2
83254,1
83255,4
83256,4
83257,1
83258,4
83259,1
83260,3
83261,0
83262,2
83263,3
83264,2
83265,4
83266,1
83267,4
83268,4
83269,4
83270,1
83271,2
83272,3
83273,2
83274,1
83275,2
83276,2
83277,0
83278,0
83279,1
83280,4
83281,4
83282,2
83283,3
83284,3
83285,0
83286,0
83287,2
83288,3
83289,0
83290,3
83291,3
83292,3
83293,0
83294,4
83295,2
83296,2
83297,0
83298,0
83299,2
83300,1
83301,3
83302,2
83303,2
83304,0
83305,0
83306,0
83307,2
83308,1
83309,4
83310,3
83311,0
83312,1
83313,3
83314,2
83315,0
83316,3
83317,3
83318,0
83319,2
83320,1
83321,4
83322,0
83323,4
83324,0
83325,1
83326,0
83327,1
83328,0
83329,2
83330,0
83331,2
83332,4
83333,4
83334,2
83335,3
83336,1
83337,2
83338,0
83339,0
83340,0
83341,0
83342,2
83343,1
83344,4
83345,1
83346,3
83347,3
83348,3
83349,4
83350,0
83351,3
83352,4
83353,3
83354,4
83355,2
83356,1
83357,1
83358,0
83359,0
83360,0
83361,1
83362,4
83363,4
83364,1
83365,2
83366,3
83367,0
83368,1
83369,2
83370,4
83371,4
83372,4
83373,4
83374,1
83375,0
83376,2
83377,1
83378,4
83379,2
83380,2
83381,1
83382,3
83383,0
83384,0
83385,1
83386,1
83387,2
83388,3
83389,3
83390,1
83391,4
83392,2
83393,3
83394,3
83395,2
83396,2
83397,2
83398,0
83399,3
83400,2
83401,0
83402,3
83403,3
83404,1
83405,3
83406,0
83407,0
83408,3
83409,4
83410,2
83411,0
83412,4
83413,0
83414,1
83415,0
83416,4
83417,0
83418,1
83419,2
83420,2
83421,1
83422,1
83423,2
83424,1
83425,1
83426,1
83427,3
83428,0
83429,3
83430,2
83431,3
83432,4
83433,1
83434,1
83435,2
83436,2
83437,0
83438,3
83439,0
83440,3
83441,1
83442,1
83443,4
83444,1
83445,0
83446,3
83447,2
83448,2
83449,1
83450,4
83451,0
83452,3
83453,1
83454,1
83455,3
83456,4
83457,1
83458,3
83459,0
83460,2
83461,0
83462,1
83463,2
83464,0
83465,4
83466,4
83467,2
83468,0
83469,0
83470,3
83471,3
83472,0
83473,4
83474,3
83475,1
83476,4
83477,3
83478,0
83479,4
83480,0
83481,0
83482,2
83483,4
83484,4
83485,3
83486,0
83487,4
83488,2
83489,2
83490,0
83491,4
83492,3
83493,2
83494,4
83495,3
83496,0
83497,2
83498,1
83499,2
83500,2
83501,1
83502,4
83503,0
83504,1
83505,1
83506,0
83507,1
83508,4
83509,2
83510,3
83511,0
83512,3
83513,1
83514,2
83515,2
83516,4
83517,1
83518,1
83519,4
83520,0
83521,4
83522,0
83523,4
83524,3
83525,4
83526,3
83527,2
83528,1
83529,1
83530,1
83531,2
83532,1
83533,2
83534,1
83535,3
83536,0
83537,1
83538,3
83539,0
83540,1
83541,1
83542,2
83543,0
83544,3
83545,1
83546,1
83547,0
83548,1
83549,4
83550,2
83551,3
83552,3
83553,2
83554,1
83555,4
83556,4
83557,1
83558,1
83559,1
83560,4
83561,0
83562,2
83563,0
83564,1
83565,4
83566,2
83567,1
83568,1
83569,1
83570,4
83571,1
83572,3
83573,0
83574,4
83575,3
83576,1
83577,0
83578,1
83579,1
83580,4
83581,0
83582,2
83583,2
83584,2
83585,4
83586,4
83587,4
83588,3
83589,4
83590,0
83591,3
83592,3
83593,0
83594,2
83595,0
83596,1
83597,0
83598,1
83599,1
83600,3
83601,4
83602,2
83603,2
83604,1
83605,2
83606,0
83607,2
83608,1
83609,2
83610,0
83611,4
83612,0
83613,2
83614,2
83615,2
83616,0
83617,1
83618,2
83619,3
83620,3
83621,2
83622,2
83623,1
83624,1
83625,4
83626,1
83627,4
83628,3
83629,0
83630,4
83631,4
83632,3
83633,0
83634,2
83635,1
83636,0
83637,1
83638,3
83639,1
83640,0
83641,0
83642,2
83643,0
83644,2
83645,2
83646,2
83647,1
83648,4
83649,2
83650,1
83651,4
83652,4
83653,2
83654,0
83655,1
83656,4
83657,0
83658,0
83659,0
83660,3
83661,1
83662,1
83663,4
83664,0
83665,4
83666,2
83667,0
83668,3
83669,4
83670,0
83671,0
83672,1
83673,0
83674,3
83675,3
83676,3
83677,4
83678,3
83679,1
83680,4
83681,1
83682,4
83683,1
83684,2
83685,2
83686,0
83687,0
83688,0
83689,3
83690,2
83691,2
83692,2
83693,0
83694,3
83695,3
83696,4
83697,4
83698,2
83699,4
83700,0
83701,4
83702,0
83703,2
83704,2
83705,0
83706,3
83707,1
83708,0
83709,3
83710,0
83711,0
83712,0
83713,2
83714,2
83715,0
83716,1
83717,2
83718,2
83719,3
83720,3
83721,0
83722,4
83723,3
83724,0
83725,0
83726,2
83727,3
83728,0
83729,0
83730,0
83731,0
83732,3
83733,0
83734,2
83735,1
83736,0
83737,3
83738,3
83739,3
83740,2
83741,1
83742,2
83743,0
83744,1
83745,3
83746,2
83747,1
83748,4
83749,0
83750,4
83751,2
83752,1
83753,1
83754,4
83755,2
83756,4
83757,0
83758,3
83759,4
83760,2
83761,1
83762,0
83763,3
83764,0
83765,0
83766,3
83767,2
83768,0
83769,4
83770,3
83771,3
83772,3
83773,3
83774,0
83775,4
83776,3
83777,3
83778,1
83779,2
83780,4
83781,0
83782,3
83783,4
83784,4
83785,0
83786,0
83787,3
83788,4
83789,2
83790,4
83791,1
83792,0
83793,1
83794,0
83795,0
83796,2
83797,2
83798,2
83799,4
83800,3
83801,1
83802,4
83803,3
83804,1
83805,1
83806,0
83807,3
83808,2
83809,2
83810,4
83811,0
83812,3
83813,2
83814,3
83815,1
83816,0
83817,1
83818,4
83819,1
83820,4
83821,1
83822,0
83823,2
83824,4
83825,0
83826,1
83827,3
83828,3
83829,2
83830,0
83831,1
83832,3
83833,0
83834,2
83835,4
83836,0
83837,1
83838,1
83839,4
83840,0
83841,0
83842,3
83843,0
83844,2
83845,2
83846,1
83847,3
83848,4
83849,0
83850,0
83851,0
83852,3
83853,1
83854,4
83855,1
83856,4
83857,1
83858,1
83859,4
83860,1
83861,4
83862,2
83863,0
83864,0
83865,4
83866,1
83867,1
83868,1
83869,2
83870,1
83871,4
83872,2
83873,1
83874,1
83875,3
83876,3
83877,2
83878,3
83879,3
83880,2
83881,0
83882,1
83883,4
83884,2
83885,1
83886,4
83887,1
83888,3
83889,3
83890,2
83891,0
83892,4
83893,2
83894,4
83895,2
83896,2
83897,2
83898,4
83899,3
83900,0
83901,1
83902,2
83903,2
83904,1
83905,1
83906,3
83907,0
83908,0
83909,1
83910,2
83911,0
83912,4
83913,3
83914,4
83915,1
83916,1
83917,2
83918,1
83919,1
83920,2
83921,1
83922,3
83923,0
83924,0
83925,0
83926,3
83927,0
83928,2
83929,1
83930,3
83931,3
83932,2
83933,3
83934,3
83935,2
83936,0
83937,3
83938,1
83939,1
83940,1
83941,0
83942,3
83943,4
83944,2
83945,0
83946,0
83947,0
83948,1
83949,1
83950,2
83951,1
83952,3
83953,0
83954,0
83955,1
83956,4
83957,0
83958,3
83959,3
83960,0
83961,0
83962,0
83963,1
83964,3
83965,2
83966,3
83967,2
83968,2
83969,3
83970,4
83971,1
83972,1
83973,4
83974,2
83975,2
83976,3
83977,3
83978,3
83979,3
83980,3
83981,0
83982,3
83983,2
83984,0
83985,2
83986,0
83987,3
83988,2
83989,0
83990,3
83991,1
83992,4
83993,0
83994,0
83995,3
83996,4
83997,0
83998,2
83999,4
84000,2
84001,3
84002,2
84003,3
84004,3
84005,3
84006,2
84007,0
84008,3
84009,1
84010,1
84011,2
84012,3
84013,2
84014,4
84015,1
84016,3
84017,3
84018,0
84019,2
84020,0
84021,0
84022,1
84023,3
84024,1
84025,0
84026,0
84027,1
84028,2
84029,3
84030,0
84031,2
84032,0
84033,1
84034,0
84035,0
84036,3
84037,0
84038,0
84039,0
84040,2
84041,2
84042,3
84043,1
84044,2
84045,0
84046,2
84047,1
84048,2
84049,1
84050,2
84051,1
84052,4
84053,2
84054,3
84055,3
84056,0
84057,2
84058,4
84059,3
84060,2
84061,0
84062,2
84063,2
84064,1
84065,2
84066,2
84067,3
84068,3
84069,1
84070,0
84071,4
84072,1
84073,3
84074,2
84075,2
84076,2
84077,2
84078,4
84079,0
84080,3
84081,2
84082,2
84083,3
84084,0
84085,4
84086,0
84087,0
84088,3
84089,1
84090,0
84091,0
84092,1
84093,3
84094,1
84095,1
84096,2
84097,4
84098,2
84099,2
84100,1
84101,4
84102,2
84103,0
84104,0
84105,3
84106,4
84107,0
84108,3
84109,1
84110,4
84111,1
84112,3
84113,3
84114,0
84115,2
84116,0
84117,2
84118,0
84119,4
84120,2
84121,1
84122,0
84123,4
84124,0
84125,1
84126,2
84127,3
84128,3
84129,2
84130,3
84131,3
84132,1
84133,2
84134,2
84135,2
84136,2
84137,1
84138,1
84139,0
84140,4
84141,2
84142,0
84143,2
84144,1
84145,1
84146,1
84147,3
84148,2
84149,1
84150,1
84151,1
84152,3
84153,0
84154,2
84155,0
84156,0
84157,1
84158,1
84159,4
84160,4
84161,1
84162,3
84163,2
84164,1
84165,0
84166,1
84167,0
84168,2
84169,1
84170,4
84171,2
84172,3
84173,1
84174,0
84175,2
84176,2
84177,1
84178,1
84179,1
84180,3
84181,2
84182,4
84183,4
84184,4
84185,3
84186,3
84187,0
84188,1
84189,1
84190,3
84191,2
84192,2
84193,3
84194,2
84195,2
84196,1
84197,2
84198,0
84199,1
84200,1
84201,3
84202,2
84203,0
84204,4
84205,3
84206,3
84207,2
84208,1
84209,4
84210,2
84211,1
84212,4
84213,3
84214,2
84215,0
84216,0
84217,1
84218,0
84219,3
84220,3
84221,3
84222,0
84223,2
84224,3
84225,4
84226,4
84227,3
84228,1
84229,4
84230,1
84231,0
84232,0
84233,0
84234,1
84235,3
84236,2
84237,1
84238,2
84239,3
84240,3
84241,1
84242,0
84243,0
84244,2
84245,0
84246,0
84247,3
84248,1
84249,1
84250,0
84251,2
84252,0
84253,1
84254,2
84255,0
84256,1
84257,3
84258,4
84259,1
84260,0
84261,3
84262,4
84263,2
84264,0
84265,4
84266,0
84267,4
84268,0
84269,0
84270,4
84271,2
84272,2
84273,1
84274,0
84275,3
84276,4
84277,4
84278,1
84279,0
84280,4
84281,4
84282,4
84283,2
84284,1
84285,4
84286,1
84287,3
84288,1
84289,3
84290,1
84291,2
84292,2
84293,3
84294,3
84295,2
84296,2
84297,1
84298,0
84299,2
84300,0
84301,2
84302,4
84303,2
84304,2
84305,2
84306,2
84307,1
84308,0
84309,0
84310,0
84311,2
84312,0
84313,2
84314,1
84315,0
84316,2
84317,2
84318,2
84319,1
84320,1
84321,1
84322,3
84323,0
84324,1
84325,3
84326,0
84327,1
84328,4
84329,4
84330,1
84331,3
84332,1
84333,3
84334,2
84335,2
84336,1
84337,3
84338,4
84339,3
84340,1
84341,2
84342,3
84343,0
84344,1
84345,4
84346,2
84347,1
84348,2
84349,3
84350,1
84351,3
84352,3
84353,2
84354,2
84355,1
84356,3
84357,4
84358,1
84359,2
84360,4
84361,2
84362,0
84363,3
84364,0
84365,1
84366,4
84367,3
84368,1
84369,0
84370,1
84371,3
84372,4
84373,0
84374,4
84375,3
84376,0
84377,4
84378,1
84379,0
84380,2
84381,1
84382,3
84383,0
84384,1
84385,3
84386,1
84387,2
84388,0
84389,0
84390,4
84391,0
84392,4
84393,2
84394,4
84395,1
84396,2
84397,3
84398,0
84399,0
84400,2
84401,1
84402,2
84403,0
84404,0
84405,2
84406,1
84407,0
84408,1
84409,1
84410,0
84411,0
84412,0
84413,1
84414,0
84415,0
84416,0
84417,4
84418,0
84419,1
84420,2
84421,1
84422,2
84423,2
84424,1
84425,1
84426,2
84427,4
84428,1
84429,0
84430,1
84431,1
84432,3
84433,2
84434,2
84435,1
84436,4
84437,4
84438,4
84439,0
84440,3
84441,0
84442,2
84443,0
84444,3
84445,2
84446,0
84447,2
84448,3
84449,0
84450,4
84451,0
84452,3
84453,3
84454,3
84455,1
84456,2
84457,3
84458,1
84459,4
84460,1
84461,4
84462,1
84463,0
84464,2
84465,0
84466,1
84467,4
84468,2
84469,2
84470,3
84471,1
84472,0
84473,0
84474,0
84475,4
84476,1
84477,3
84478,2
84479,3
84480,0
84481,3
84482,2
84483,1
84484,3
84485,2
84486,1
84487,2
84488,2
84489,2
84490,4
84491,2
84492,2
84493,0
84494,3
84495,0
84496,0
84497,1
84498,3
84499,4
84500,0
84501,1
84502,2
84503,3
84504,3
84505,3
84506,4
84507,1
84508,1
84509,3
84510,3
84511,4
84512,3
84513,2
84514,3
84515,2
84516,4
84517,0
84518,2
84519,0
84520,3
84521,4
84522,4
84523,2
84524,4
84525,1
84526,2
84527,2
84528,3
84529,1
84530,4
84531,4
84532,4
84533,0
84534,2
84535,0
84536,1
84537,0
84538,3
84539,0
84540,0
84541,0
84542,4
84543,2
84544,1
84545,2
84546,1
84547,1
84548,4
84549,4
84550,0
84551,0
84552,2
84553,1
84554,4
84555,2
84556,2
84557,4
84558,1
84559,1
84560,0
84561,2
84562,2
84563,0
84564,3
84565,0
84566,2
84567,1
84568,3
84569,2
84570,3
84571,0
84572,2
84573,3
84574,4
84575,2
84576,4
84577,1
84578,0
84579,3
84580,3
84581,1
84582,2
84583,2
84584,2
84585,2
84586,3
84587,3
84588,4
84589,0
84590,4
84591,4
84592,0
84593,2
84594,2
84595,2
84596,0
84597,3
84598,0
84599,1
84600,4
84601,4
84602,4
84603,2
84604,1
84605,3
84606,1
84607,0
84608,4
84609,2
84610,1
84611,1
84612,2
84613,0
84614,2
84615,1
84616,1
84617,0
84618,1
84619,2
84620,4
84621,2
84622,2
84623,3
84624,0
84625,0
84626,0
84627,0
84628,3
84629,0
84630,1
84631,3
84632,2
84633,4
84634,4
84635,4
84636,0
84637,0
84638,2
84639,2
84640,3
84641,1
84642,0
84643,3
84644,0
84645,2
84646,1
84647,4
84648,1
84649,2
84650,1
84651,1
84652,1
84653,1
84654,0
84655,2
84656,2
84657,0
84658,0
84659,2
84660,1
84661,4
84662,1
84663,4
84664,0
84665,4
84666,0
84667,1
84668,1
84669,0
84670,2
84671,1
84672,2
84673,1
84674,0
84675,2
84676,4
84677,3
84678,4
84679,1
84680,0
84681,4
84682,0
84683,3
84684,4
84685,4
84686,3
84687,3
84688,1
84689,1
84690,2
84691,0
84692,4
84693,0
84694,2
84695,2
84696,4
84697,4
84698,1
84699,0
84700,2
84701,3
84702,0
84703,3
84704,0
84705,2
84706,2
84707,0
84708,0
84709,4
84710,0
84711,2
84712,4
84713,1
84714,3
84715,3
84716,1
84717,0
84718,0
84719,0
84720,1
84721,1
84722,3
84723,4
84724,4
84725,3
84726,0
84727,1
84728,4
84729,1
84730,3
84731,4
84732,0
84733,2
84734,1
84735,2
84736,4
84737,0
84738,0
84739,2
84740,3
84741,0
84742,3
84743,3
84744,4
84745,0
84746,4
84747,3
84748,0
84749,2
84750,2
84751,1
84752,2
84753,0
84754,0
84755,4
84756,1
84757,4
84758,0
84759,1
84760,1
84761,4
84762,4
84763,2
84764,0
84765,0
84766,3
84767,3
84768,0
84769,0
84770,3
84771,4
84772,0
84773,2
84774,4
84775,3
84776,2
84777,1
84778,4
84779,1
84780,4
84781,1
84782,3
84783,1
84784,1
84785,2
84786,0
84787,0
84788,2
84789,0
84790,3
84791,3
84792,1
84793,0
84794,2
84795,1
84796,1
84797,1
84798,0
84799,3
84800,1
84801,0
84802,1
84803,4
84804,4
84805,0
84806,4
84807,2
84808,1
84809,1
84810,1
84811,2
84812,3
84813,2
84814,3
84815,3
84816,2
84817,2
84818,3
84819,3
84820,4
84821,1
84822,0
84823,4
84824,3
84825,3
84826,2
84827,4
84828,2
84829,3
84830,3
84831,2
84832,0
84833,0
84834,0
84835,2
84836,4
84837,2
84838,3
84839,2
84840,4
84841,0
84842,4
84843,3
84844,3
84845,1
84846,4
84847,4
84848,3
84849,0
84850,0
84851,4
84852,1
84853,2
84854,3
84855,2
84856,1
84857,3
84858,4
84859,4
84860,3
84861,0
84862,0
84863,1
84864,0
84865,0
84866,1
84867,4
84868,3
84869,0
84870,0
84871,3
84872,4
84873,2
84874,0
84875,2
84876,0
84877,1
84878,2
84879,2
84880,1
84881,3
84882,2
84883,0
84884,3
84885,1
84886,2
84887,0
84888,3
84889,1
84890,0
84891,3
84892,2
84893,1
84894,3
84895,1
84896,4
84897,2
84898,1
84899,0
84900,1
84901,3
84902,1
84903,1
84904,0
84905,2
84906,3
84907,3
84908,1
84909,3
84910,4
84911,4
84912,4
84913,1
84914,3
84915,3
84916,0
84917,0
84918,0
84919,1
84920,1
84921,2
84922,4
84923,0
84924,0
84925,1
84926,3
84927,1
84928,0
84929,1
84930,4
84931,2
84932,2
84933,1
84934,3
84935,1
84936,2
84937,3
84938,0
84939,1
84940,4
84941,3
84942,2
84943,2
84944,2
84945,0
84946,2
84947,1
84948,3
84949,3
84950,3
84951,0
84952,3
84953,1
84954,2
84955,2
84956,2
84957,3
84958,2
84959,1
84960,3
84961,3
84962,3
84963,0
84964,1
84965,2
84966,0
84967,2
84968,1
84969,0
84970,1
84971,0
84972,3
84973,4
84974,1
84975,3
84976,3
84977,2
84978,3
84979,0
84980,0
84981,0
84982,2
84983,2
84984,4
84985,4
84986,3
84987,4
84988,1
84989,0
84990,2
84991,0
84992,1
84993,1
84994,3
84995,3
84996,2
84997,2
84998,3
84999,3
85000,1
85001,0
85002,0
85003,2
85004,1
85005,4
85006,1
85007,0
85008,2
85009,2
85010,0
85011,1
85012,1
85013,4
85014,1
85015,2
85016,2
85017,2
85018,0
85019,3
85020,4
85021,3
85022,3
85023,1
85024,0
85025,1
85026,4
85027,4
85028,0
85029,0
85030,1
85031,2
85032,4
85033,3
85034,1
85035,2
85036,3
85037,3
85038,2
85039,2
85040,2
85041,0
85042,0
85043,2
85044,4
85045,1
85046,0
85047,0
85048,1
85049,1
85050,0
85051,2
85052,3
85053,3
85054,2
85055,4
85056,4
85057,0
85058,1
85059,0
85060,4
85061,1
85062,0
85063,2
85064,0
85065,1
85066,4
85067,1
85068,3
85069,2
85070,0
85071,3
85072,1
85073,3
85074,1
85075,4
85076,3
85077,4
85078,0
85079,3
85080,1
85081,0
85082,1
85083,4
85084,1
85085,2
85086,1
85087,0
85088,3
85089,1
85090,3
85091,4
85092,2
85093,3
85094,3
85095,0
85096,4
85097,0
85098,3
85099,3
85100,4
85101,1
85102,0
85103,2
85104,0
85105,0
85106,1
85107,2
85108,2
85109,0
85110,2
85111,1
85112,1
85113,1
85114,2
85115,4
85116,2
85117,4
85118,1
85119,2
85120,2
85121,3
85122,0
85123,3
85124,0
85125,0
85126,2
85127,1
85128,2
85129,3
85130,4
85131,4
85132,3
85133,2
85134,4
85135,2
85136,1
85137,1
85138,1
85139,1
85140,2
85141,4
85142,4
85143,1
85144,4
85145,0
85146,1
85147,3
85148,2
85149,0
85150,3
85151,2
85152,1
85153,3
85154,1
85155,2
85156,2
85157,3
85158,1
85159,3
85160,1
85161,2
85162,4
85163,2
85164,0
85165,0
85166,1
85167,2
85168,1
85169,3
85170,1
85171,1
85172,3
85173,2
85174,1
85175,0
85176,4
85177,2
85178,2
85179,0
85180,3
85181,1
85182,3
85183,2
85184,4
85185,4
85186,0
85187,2
85188,0
85189,1
85190,4
85191,1
85192,1
85193,0
85194,1
85195,1
85196,4
85197,3
85198,1
85199,4
85200,2
85201,3
85202,4
85203,4
85204,2
85205,0
85206,0
85207,3
85208,2
85209,4
85210,0
85211,2
85212,1
85213,3
85214,0
85215,2
85216,3
85217,0
85218,2
85219,1
85220,4
85221,2
85222,1
85223,1
85224,0
85225,3
85226,2
85227,3
85228,3
85229,2
85230,2
85231,1
85232,1
85233,1
85234,3
85235,2
85236,1
85237,1
85238,0
85239,1
85240,0
85241,4
85242,0
85243,2
85244,2
85245,3
85246,3
85247,0
85248,1
85249,1
85250,4
85251,4
85252,2
85253,2
85254,3
85255,2
85256,2
85257,0
85258,0
85259,4
85260,3
85261,0
85262,1
85263,0
85264,2
85265,0
85266,2
85267,3
85268,1
85269,3
85270,3
85271,3
85272,0
85273,0
85274,1
85275,1
85276,4
85277,3
85278,2
85279,4
85280,1
85281,1
85282,1
85283,2
85284,1
85285,0
85286,1
85287,4
85288,3
85289,1
85290,0
85291,2
85292,1
85293,0
85294,1
85295,3
85296,1
85297,1
85298,4
85299,3
85300,3
85301,0
85302,2
85303,2
85304,3
85305,1
85306,1
85307,1
85308,0
85309,0
85310,0
85311,2
85312,1
85313,0
85314,3
85315,3
85316,4
85317,1
85318,2
85319,0
85320,2
85321,1
85322,2
85323,1
85324,0
85325,3
85326,4
85327,3
85328,1
85329,0
85330,2
85331,2
85332,2
85333,1
85334,2
85335,3
85336,2
85337,1
85338,1
85339,4
85340,4
85341,3
85342,0
85343,4
85344,1
85345,4
85346,1
85347,0
85348,1
85349,2
85350,0
85351,0
85352,0
85353,4
85354,1
85355,2
85356,1
85357,1
85358,0
85359,2
85360,3
85361,2
85362,1
85363,0
85364,2
85365,2
85366,3
85367,2
85368,0
85369,2
85370,2
85371,4
85372,4
85373,1
85374,2
85375,3
85376,2
85377,3
85378,0
85379,2
85380,4
85381,4
85382,0
85383,4
85384,1
85385,4
85386,2
85387,4
85388,0
85389,1
85390,0
85391,1
85392,0
85393,2
85394,2
85395,2
85396,0
85397,1
85398,2
85399,3
85400,1
85401,4
85402,0
85403,4
85404,3
85405,1
85406,3
85407,1
85408,4
85409,1
85410,3
85411,0
85412,3
85413,4
85414,3
85415,1
85416,3
85417,4
85418,2
85419,0
85420,1
85421,0
85422,0
85423,3
85424,3
85425,4
85426,0
85427,3
85428,0
85429,1
85430,1
85431,0
85432,1
85433,4
85434,2
85435,2
85436,3
85437,4
85438,0
85439,3
85440,2
85441,3
85442,4
85443,2
85444,4
85445,1
85446,2
85447,4
85448,0
85449,4
85450,3
85451,4
85452,0
85453,3
85454,0
85455,1
85456,1
85457,1
85458,0
85459,1
85460,0
85461,1
85462,1
85463,0
85464,2
85465,1
85466,1
85467,0
85468,0
85469,0
85470,4
85471,3
85472,1
85473,0
85474,4
85475,1
85476,2
85477,0
85478,2
85479,3
85480,2
85481,1
85482,3
85483,3
85484,0
85485,1
85486,2
85487,0
85488,4
85489,3
85490,1
85491,3
85492,0
85493,1
85494,1
85495,1
85496,2
85497,1
85498,4
85499,1
85500,1
85501,1
85502,2
85503,0
85504,0
85505,1
85506,0
85507,4
85508,4
85509,3
85510,3
85511,3
85512,4
85513,3
85514,1
85515,4
85516,4
85517,3
85518,0
85519,0
85520,0
85521,4
85522,2
85523,0
85524,1
85525,2
85526,3
85527,2
85528,1
85529,1
85530,3
85531,1
85532,0
85533,0
85534,2
85535,2
85536,4
85537,1
85538,0
85539,0
85540,4
85541,1
85542,1
85543,3
85544,2
85545,1
85546,0
85547,0
85548,3
85549,0
85550,2
85551,0
85552,1
85553,1
85554,2
85555,0
85556,2
85557,3
85558,0
85559,0
85560,4
85561,3
85562,0
85563,3
85564,1
85565,1
85566,2
85567,3
85568,1
85569,4
85570,1
85571,0
85572,1
85573,1
85574,2
85575,3
85576,1
85577,4
85578,0
85579,0
85580,4
85581,0
85582,2
85583,4
85584,2
85585,2
85586,2
85587,3
85588,2
85589,2
85590,2
85591,1
85592,3
85593,1
85594,0
85595,3
85596,3
85597,3
85598,2
85599,1
85600,2
85601,3
85602,2
85603,2
85604,2
85605,3
85606,2
85607,2
85608,4
85609,2
85610,3
85611,0
85612,0
85613,4
85614,2
85615,1
85616,0
85617,3
85618,0
85619,3
85620,4
85621,1
85622,3
85623,2
85624,0
85625,1
85626,4
85627,3
85628,2
85629,1
85630,0
85631,3
85632,0
85633,4
85634,4
85635,0
85636,3
85637,1
85638,1
85639,1
85640,4
85641,2
85642,0
85643,0
85644,0
85645,4
85646,3
85647,1
85648,0
85649,4
85650,4
85651,0
85652,3
85653,1
85654,2
85655,3
85656,3
85657,2
85658,3
85659,2
85660,1
85661,2
85662,3
85663,0
85664,1
85665,4
85666,0
85667,2
85668,0
85669,1
85670,2
85671,2
85672,0
85673,1
85674,4
85675,3
85676,4
85677,2
85678,2
85679,2
85680,1
85681,3
85682,0
85683,0
85684,3
85685,4
85686,1
85687,1
85688,2
85689,2
85690,3
85691,0
85692,0
85693,1
85694,1
85695,3
85696,1
85697,1
85698,1
85699,0
85700,2
85701,1
85702,0
85703,4
85704,3
85705,3
85706,1
85707,1
85708,0
85709,0
85710,2
85711,3
85712,2
85713,2
85714,1
85715,0
85716,1
85717,0
85718,2
85719,0
85720,0
85721,4
85722,2
85723,4
85724,2
85725,3
85726,3
85727,3
85728,2
85729,4
85730,0
85731,1
85732,0
85733,4
85734,1
85735,1
85736,2
85737,1
85738,1
85739,2
85740,3
85741,0
85742,0
85743,1
85744,0
85745,1
85746,1
85747,3
85748,0
85749,2
85750,1
85751,0
85752,0
85753,1
85754,0
85755,0
85756,4
85757,0
85758,4
85759,3
85760,4
85761,2
85762,2
85763,2
85764,1
85765,0
85766,1
85767,2
85768,2
85769,0
85770,3
85771,1
85772,0
85773,1
85774,4
85775,4
85776,1
85777,4
85778,0
85779,3
85780,0
85781,4
85782,4
85783,3
85784,0
85785,1
85786,4
85787,1
85788,1
85789,1
85790,4
85791,2
85792,1
85793,1
85794,4
85795,0
85796,0
85797,0
85798,3
85799,1
85800,1
85801,1
85802,2
85803,4
85804,4
85805,2
85806,2
85807,1
85808,2
85809,0
85810,1
85811,2
85812,1
85813,0
85814,3
85815,3
85816,0
85817,2
85818,2
85819,4
85820,2
85821,2
85822,4
85823,2
85824,4
85825,4
85826,2
85827,2
85828,1
85829,4
85830,1
85831,2
85832,3
85833,1
85834,0
85835,4
85836,3
85837,4
85838,1
85839,0
85840,0
85841,2
85842,0
85843,0
85844,2
85845,3
85846,0
85847,0
85848,4
85849,0
85850,0
85851,1
85852,3
85853,0
85854,3
85855,0
85856,0
85857,3
85858,4
85859,2
85860,3
85861,1
85862,2
85863,2
85864,3
85865,1
85866,3
85867,2
85868,3
85869,4
85870,2
85871,3
85872,0
85873,2
85874,3
85875,0
85876,1
85877,4
85878,1
85879,3
85880,3
85881,0
85882,1
85883,4
85884,4
85885,3
85886,1
85887,2
85888,0
85889,0
85890,2
85891,0
85892,1
85893,2
85894,3
85895,0
85896,3
85897,0
85898,3
85899,4
85900,4
85901,3
85902,0
85903,2
85904,1
85905,1
85906,0
85907,0
85908,4
85909,0
85910,0
85911,2
85912,2
85913,0
85914,0
85915,3
85916,0
85917,0
85918,1
85919,1
85920,3
85921,2
85922,2
85923,3
85924,1
85925,1
85926,1
85927,0
85928,4
85929,1
85930,0
85931,1
85932,4
85933,3
85934,3
85935,1
85936,3
85937,2
85938,2
85939,1
85940,4
85941,2
85942,4
85943,4
85944,1
85945,1
85946,2
85947,3
85948,0
85949,3
85950,0
85951,2
85952,2
85953,1
85954,0
85955,1
85956,3
85957,0
85958,1
85959,3
85960,2
85961,2
85962,1
85963,2
85964,3
85965,4
85966,0
85967,2
85968,4
85969,1
85970,1
85971,0
85972,3
85973,4
85974,0
85975,3
85976,3
85977,0
85978,1
85979,1
85980,3
85981,2
85982,4
85983,0
85984,0
85985,1
85986,4
85987,2
85988,0
85989,2
85990,2
85991,1
85992,3
85993,1
85994,2
85995,1
85996,4
85997,4
85998,2
85999,0
86000,4
86001,0
86002,0
86003,3
86004,2
86005,1
86006,1
86007,0
86008,3
86009,4
86010,2
86011,0
86012,2
86013,1
86014,0
86015,4
86016,2
86017,1
86018,3
86019,4
86020,2
86021,1
86022,1
86023,2
86024,1
86025,3
86026,1
86027,4
86028,0
86029,3
86030,3
86031,1
86032,1
86033,1
86034,2
86035,0
86036,4
86037,2
86038,0
86039,3
86040,1
86041,2
86042,4
86043,4
86044,3
86045,2
86046,4
86047,4
86048,1
86049,0
86050,0
86051,2
86052,3
86053,1
86054,2
86055,4
86056,0
86057,3
86058,3
86059,3
86060,2
86061,2
86062,0
86063,1
86064,0
86065,2
86066,0
86067,0
86068,2
86069,0
86070,2
86071,0
86072,4
86073,1
86074,0
86075,2
86076,2
86077,0
86078,4
86079,3
86080,3
86081,1
86082,1
86083,2
86084,0
86085,2
86086,4
86087,4
86088,4
86089,0
86090,0
86091,1
86092,4
86093,2
86094,0
86095,2
86096,4
86097,0
86098,4
86099,1
86100,3
86101,2
86102,0
86103,0
86104,1
86105,0
86106,4
86107,3
86108,2
86109,1
86110,3
86111,0
86112,0
86113,1
86114,1
86115,4
86116,3
86117,1
86118,1
86119,4
86120,4
86121,4
86122,1
86123,1
86124,2
86125,2
86126,3
86127,2
86128,2
86129,2
86130,4
86131,1
86132,4
86133,4
86134,1
86135,0
86136,0
86137,2
86138,0
86139,4
86140,1
86141,0
86142,4
86143,1
86144,0
86145,1
86146,1
86147,4
86148,2
86149,2
86150,4
86151,1
86152,3
86153,1
86154,4
86155,3
86156,4
86157,1
86158,2
86159,3
86160,2
86161,3
86162,1
86163,4
86164,3
86165,4
86166,3
86167,3
86168,0
86169,0
86170,3
86171,2
86172,0
86173,1
86174,1
86175,4
86176,3
86177,2
86178,2
86179,0
86180,0
86181,0
86182,3
86183,0
86184,2
86185,3
86186,1
86187,1
86188,3
86189,4
86190,1
86191,1
86192,0
86193,2
86194,3
86195,2
86196,4
86197,2
86198,2
86199,2
86200,0
86201,2
86202,3
86203,3
86204,4
86205,2
86206,1
86207,1
86208,3
86209,4
86210,1
86211,2
86212,0
86213,3
86214,1
86215,0
86216,1
86217,2
86218,0
86219,3
86220,0
86221,3
86222,3
86223,1
86224,4
86225,3
86226,4
86227,1
86228,3
86229,3
86230,0
86231,1
86232,3
86233,2
86234,4
86235,2
86236,2
86237,3
86238,0
86239,0
86240,2
86241,2
86242,0
86243,4
86244,2
86245,4
86246,3
86247,4
86248,3
86249,2
86250,0
86251,1
86252,3
86253,3
86254,2
86255,3
86256,4
86257,2
86258,2
86259,1
86260,1
86261,3
86262,4
86263,3
86264,0
86265,0
86266,1
86267,0
86268,2
86269,3
86270,1
86271,0
86272,1
86273,4
86274,4
86275,3
86276,0
86277,1
86278,1
86279,1
86280,3
86281,2
86282,0
86283,1
86284,3
86285,4
86286,1
86287,0
86288,2
86289,3
86290,0
86291,1
86292,4
86293,0
86294,3
86295,3
86296,1
86297,0
86298,1
86299,1
86300,2
86301,2
86302,1
86303,0
86304,1
86305,0
86306,3
86307,0
86308,0
86309,4
86310,0
86311,3
86312,2
86313,0
86314,1
86315,0
86316,1
86317,0
86318,2
86319,3
86320,2
86321,4
86322,3
86323,2
86324,2
86325,4
86326,3
86327,1
86328,3
86329,0
86330,1
86331,2
86332,4
86333,0
86334,3
86335,3
86336,4
86337,4
86338,3
86339,2
86340,1
86341,0
86342,3
86343,3
86344,2
86345,2
86346,4
86347,1
86348,1
86349,2
86350,4
86351,2
86352,0
86353,0
86354,0
86355,4
86356,2
86357,1
86358,2
86359,0
86360,0
86361,2
86362,0
86363,2
86364,0
86365,4
86366,1
86367,3
86368,3
86369,2
86370,4
86371,2
86372,4
86373,0
86374,2
86375,3
86376,1
86377,1
86378,4
86379,4
86380,3
86381,1
86382,2
86383,2
86384,4
86385,4
86386,0
86387,3
86388,0
86389,1
86390,3
86391,2
86392,1
86393,3
86394,0
86395,3
86396,3
86397,1
86398,2
86399,1
86400,4
86401,0
86402,3
86403,2
86404,4
86405,3
86406,1
86407,2
86408,1
86409,2
86410,0
86411,0
86412,4
86413,4
86414,3
86415,3
86416,0
86417,2
86418,3
86419,4
86420,2
86421,1
86422,3
86423,1
86424,2
86425,0
86426,1
86427,4
86428,4
86429,2
86430,3
86431,3
86432,1
86433,1
86434,4
86435,0
86436,2
86437,0
86438,0
86439,2
86440,2
86441,0
86442,1
86443,1
86444,1
86445,4
86446,4
86447,0
86448,2
86449,4
86450,4
86451,4
86452,0
86453,0
86454,0
86455,0
86456,1
86457,4
86458,2
86459,0
86460,3
86461,3
86462,1
86463,1
86464,2
86465,1
86466,4
86467,3
86468,0
86469,1
86470,1
86471,2
86472,4
86473,3
86474,2
86475,0
86476,4
86477,2
86478,3
86479,2
86480,1
86481,4
86482,2
86483,3
86484,2
86485,1
86486,1
86487,3
86488,2
86489,1
86490,3
86491,4
86492,3
86493,1
86494,0
86495,4
86496,0
86497,2
86498,1
86499,3
86500,2
86501,0
86502,0
86503,0
86504,4
86505,1
86506,4
86507,2
86508,0
86509,3
86510,2
86511,1
86512,3
86513,2
86514,1
86515,1
86516,4
86517,4
86518,4
86519,2
86520,0
86521,0
86522,2
86523,3
86524,1
86525,1
86526,4
86527,1
86528,2
86529,3
86530,0
86531,1
86532,1
86533,4
86534,1
86535,2
86536,4
86537,2
86538,0
86539,3
86540,2
86541,1
86542,0
86543,0
86544,0
86545,1
86546,2
86547,4
86548,1
86549,2
86550,3
86551,1
86552,1
86553,3
86554,0
86555,1
86556,2
86557,2
86558,0
86559,0
86560,0
86561,2
86562,2
86563,3
86564,3
86565,3
86566,1
86567,4
86568,0
86569,1
86570,0
86571,3
86572,2
86573,2
86574,0
86575,3
86576,2
86577,1
86578,3
86579,4
86580,0
86581,3
86582,2
86583,1
86584,1
86585,3
86586,3
86587,2
86588,2
86589,3
86590,0
86591,2
86592,1
86593,3
86594,1
86595,4
86596,2
86597,1
86598,1
86599,1
86600,2
86601,1
86602,3
86603,3
86604,2
86605,0
86606,1
86607,4
86608,0
86609,0
86610,0
86611,4
86612,4
86613,3
86614,2
86615,2
86616,2
86617,2
86618,2
86619,2
86620,3
86621,3
86622,4
86623,0
86624,2
86625,0
86626,2
86627,0
86628,0
86629,2
86630,0
86631,0
86632,3
86633,1
86634,2
86635,0
86636,1
86637,1
86638,2
86639,4
86640,2
86641,2
86642,2
86643,1
86644,2
86645,3
86646,3
86647,4
86648,4
86649,0
86650,0
86651,0
86652,0
86653,0
86654,3
86655,2
86656,1
86657,3
86658,1
86659,1
86660,3
86661,3
86662,0
86663,1
86664,3
86665,4
86666,3
86667,0
86668,2
86669,0
86670,4
86671,1
86672,0
86673,3
86674,3
86675,2
86676,2
86677,1
86678,3
86679,4
86680,4
86681,1
86682,1
86683,4
86684,3
86685,3
86686,0
86687,1
86688,4
86689,1
86690,4
86691,2
86692,2
86693,0
86694,0
86695,0
86696,3
86697,1
86698,1
86699,0
86700,4
86701,2
86702,0
86703,2
86704,2
86705,0
86706,0
86707,3
86708,2
86709,1
86710,1
86711,1
86712,1
86713,3
86714,2
86715,3
86716,0
86717,2
86718,0
86719,1
86720,0
86721,3
86722,1
86723,3
86724,1
86725,2
86726,2
86727,3
86728,2
86729,2
86730,2
86731,1
86732,1
86733,0
86734,2
86735,3
86736,1
86737,1
86738,1
86739,0
86740,0
86741,1
86742,1
86743,3
86744,0
86745,4
86746,4
86747,3
86748,1
86749,4
86750,2
86751,2
86752,1
86753,4
86754,2
86755,3
86756,1
86757,0
86758,0
86759,0
86760,2
86761,0
86762,0
86763,3
86764,2
86765,0
86766,4
86767,0
86768,1
86769,1
86770,2
86771,1
86772,3
86773,3
86774,1
86775,1
86776,0
86777,0
86778,4
86779,1
86780,1
86781,0
86782,2
86783,0
86784,3
86785,2
86786,2
86787,4
86788,4
86789,0
86790,2
86791,4
86792,0
86793,4
86794,4
86795,1
86796,3
86797,3
86798,2
86799,4
86800,1
86801,2
86802,1
86803,0
86804,2
86805,0
86806,1
86807,0
86808,0
86809,1
86810,4
86811,4
86812,2
86813,1
86814,1
86815,4
86816,2
86817,2
86818,1
86819,2
86820,0
86821,3
86822,0
86823,3
86824,1
86825,0
86826,1
86827,0
86828,0
86829,4
86830,0
86831,0
86832,3
86833,1
86834,2
86835,1
86836,1
86837,0
86838,3
86839,0
86840,1
86841,2
86842,4
86843,1
86844,2
86845,0
86846,2
86847,0
86848,0
86849,2
86850,1
86851,2
86852,3
86853,3
86854,3
86855,0
86856,1
86857,1
86858,3
86859,0
86860,1
86861,1
86862,2
86863,1
86864,1
86865,3
86866,0
86867,2
86868,1
86869,3
86870,3
86871,1
86872,0
86873,2
86874,3
86875,2
86876,2
86877,3
86878,3
86879,2
86880,3
86881,3
86882,1
86883,1
86884,1
86885,0
86886,2
86887,3
86888,2
86889,0
86890,2
86891,3
86892,1
86893,4
86894,3
86895,2
86896,1
86897,0
86898,3
86899,4
86900,3
86901,1
86902,1
86903,1
86904,4
86905,4
86906,1
86907,0
86908,0
86909,0
86910,4
86911,1
86912,4
86913,2
86914,2
86915,0
86916,1
86917,3
86918,3
86919,3
86920,1
86921,1
86922,4
86923,0
86924,1
86925,2
86926,2
86927,0
86928,2
86929,1
86930,1
86931,4
86932,0
86933,3
86934,2
86935,2
86936,4
86937,2
86938,2
86939,0
86940,3
86941,1
86942,3
86943,0
86944,2
86945,0
86946,3
86947,4
86948,1
86949,0
86950,3
86951,1
86952,4
86953,0
86954,1
86955,4
86956,3
86957,4
86958,1
86959,2
86960,0
86961,2
86962,3
86963,1
86964,4
86965,4
86966,3
86967,2
86968,3
86969,3
86970,0
86971,1
86972,4
86973,3
86974,0
86975,0
86976,0
86977,1
86978,4
86979,1
86980,1
86981,4
86982,0
86983,2
86984,2
86985,1
86986,1
86987,4
86988,3
86989,2
86990,3
86991,2
86992,0
86993,3
86994,4
86995,2
86996,1
86997,0
86998,3
86999,4
87000,3
87001,3
87002,3
87003,0
87004,3
87005,2
87006,2
87007,3
87008,3
87009,2
87010,2
87011,2
87012,1
87013,1
87014,1
87015,2
87016,0
87017,0
87018,4
87019,1
87020,0
87021,3
87022,0
87023,0
87024,3
87025,4
87026,1
87027,0
87028,3
87029,2
87030,3
87031,4
87032,0
87033,0
87034,4
87035,1
87036,1
87037,3
87038,3
87039,0
87040,4
87041,1
87042,3
87043,3
87044,0
87045,0
87046,1
87047,0
87048,3
87049,1
87050,0
87051,2
87052,1
87053,2
87054,3
87055,4
87056,0
87057,4
87058,0
87059,4
87060,3
87061,1
87062,2
87063,1
87064,2
87065,0
87066,4
87067,3
87068,0
87069,3
87070,0
87071,1
87072,4
87073,0
87074,2
87075,4
87076,2
87077,2
87078,3
87079,1
87080,1
87081,2
87082,1
87083,4
87084,3
87085,3
87086,2
87087,1
87088,0
87089,0
87090,4
87091,4
87092,4
87093,3
87094,4
87095,3
87096,3
87097,0
87098,4
87099,0
87100,2
87101,2
87102,2
87103,3
87104,2
87105,0
87106,2
87107,3
87108,3
87109,2
87110,0
87111,3
87112,1
87113,0
87114,4
87115,1
87116,1
87117,3
87118,4
87119,2
87120,0
87121,2
87122,1
87123,1
87124,0
87125,0
87126,1
87127,2
87128,0
87129,1
87130,4
87131,1
87132,0
87133,0
87134,0
87135,3
87136,0
87137,4
87138,2
87139,2
87140,3
87141,1
87142,4
87143,1
87144,3
87145,2
87146,3
87147,0
87148,1
87149,4
87150,0
87151,3
87152,2
87153,2
87154,1
87155,1
87156,3
87157,2
87158,4
87159,1
87160,0
87161,0
87162,0
87163,2
87164,2
87165,3
87166,2
87167,0
87168,0
87169,1
87170,3
87171,4
87172,4
87173,0
87174,2
87175,2
87176,1
87177,4
87178,3
87179,0
87180,3
87181,3
87182,4
87183,0
87184,0
87185,1
87186,0
87187,4
87188,0
87189,3
87190,1
87191,2
87192,1
87193,4
87194,3
87195,1
87196,2
87197,0
87198,3
87199,2
87200,3
87201,0
87202,1
87203,4
87204,3
87205,0
87206,4
87207,2
87208,4
87209,0
87210,1
87211,1
87212,0
87213,4
87214,3
87215,3
87216,4
87217,2
87218,0
87219,0
87220,4
87221,1
87222,4
87223,4
87224,2
87225,4
87226,3
87227,1
87228,3
87229,0
87230,1
87231,2
87232,3
87233,1
87234,1
87235,2
87236,1
87237,1
87238,1
87239,1
87240,0
87241,0
87242,0
87243,3
87244,0
87245,0
87246,0
87247,1
87248,0
87249,0
87250,0
87251,1
87252,1
87253,0
87254,3
87255,2
87256,4
87257,4
87258,4
87259,1
87260,3
87261,4
87262,1
87263,3
87264,0
87265,1
87266,4
87267,0
87268,0
87269,1
87270,1
87271,2
87272,2
87273,0
87274,0
87275,2
87276,2
87277,2
87278,0
87279,1
87280,2
87281,0
87282,3
87283,4
87284,2
87285,0
87286,1
87287,3
87288,3
87289,0
87290,0
87291,0
87292,1
87293,4
87294,2
87295,3
87296,4
87297,3
87298,0
87299,4
87300,2
87301,1
87302,2
87303,3
87304,3
87305,4
87306,1
87307,0
87308,1
87309,1
87310,4
87311,1
87312,2
87313,3
87314,3
87315,2
87316,2
87317,2
87318,4
87319,2
87320,2
87321,3
87322,2
87323,3
87324,2
87325,4
87326,3
87327,3
87328,0
87329,1
87330,0
87331,0
87332,4
87333,3
87334,3
87335,4
87336,3
87337,2
87338,1
87339,1
87340,3
87341,2
87342,2
87343,0
87344,2
87345,3
87346,0
87347,0
87348,0
87349,2
87350,1
87351,1
87352,0
87353,4
87354,0
87355,0
87356,2
87357,1
87358,4
87359,4
87360,3
87361,1
87362,4
87363,1
87364,1
87365,3
87366,1
87367,3
87368,3
87369,4
87370,2
87371,2
87372,0
87373,1
87374,0
87375,0
87376,3
87377,2
87378,0
87379,3
87380,0
87381,4
87382,0
87383,3
87384,0
87385,0
87386,3
87387,2
87388,4
87389,1
87390,0
87391,4
87392,0
87393,4
87394,1
87395,4
87396,3
87397,1
87398,1
87399,2
87400,2
87401,0
87402,3
87403,1
87404,1
87405,1
87406,4
87407,0
87408,1
87409,2
87410,0
87411,0
87412,3
87413,2
87414,2
87415,3
87416,0
87417,0
87418,3
87419,4
87420,2
87421,2
87422,3
87423,2
87424,1
87425,4
87426,2
87427,1
87428,0
87429,0
87430,0
87431,0
87432,2
87433,4
87434,0
87435,1
87436,0
87437,3
87438,0
87439,3
87440,0
87441,3
87442,3
87443,2
87444,0
87445,1
87446,0
87447,0
87448,0
87449,0
87450,0
87451,2
87452,4
87453,2
87454,0
87455,0
87456,4
87457,1
87458,4
87459,3
87460,1
87461,3
87462,2
87463,1
87464,4
87465,4
87466,3
87467,1
87468,2
87469,2
87470,3
87471,0
87472,3
87473,0
87474,1
87475,2
87476,0
87477,0
87478,0
87479,4
87480,3
87481,3
87482,4
87483,4
87484,3
87485,0
87486,0
87487,0
87488,2
87489,2
87490,3
87491,1
87492,0
87493,3
87494,4
87495,0
87496,3
87497,0
87498,0
87499,2
87500,3
87501,1
87502,1
87503,1
87504,3
87505,4
87506,0
87507,3
87508,0
87509,0
87510,2
87511,3
87512,1
87513,2
87514,1
87515,3
87516,4
87517,2
87518,3
87519,3
87520,2
87521,3
87522,2
87523,0
87524,1
87525,3
87526,4
87527,3
87528,2
87529,3
87530,1
87531,1
87532,2
87533,4
87534,1
87535,2
87536,2
87537,1
87538,3
87539,3
87540,0
87541,0
87542,2
87543,2
87544,1
87545,0
87546,3
87547,4
87548,1
87549,3
87550,3
87551,1
87552,0
87553,0
87554,4
87555,0
87556,1
87557,1
87558,0
87559,1
87560,0
87561,3
87562,2
87563,0
87564,2
87565,3
87566,2
87567,4
87568,2
87569,3
87570,2
87571,2
87572,3
87573,2
87574,2
87575,4
87576,0
87577,3
87578,2
87579,1
87580,4
87581,2
87582,2
87583,2
87584,0
87585,1
87586,2
87587,2
87588,2
87589,4
87590,3
87591,0
87592,3
87593,2
87594,3
87595,4
87596,0
87597,0
87598,0
87599,1
87600,2
87601,1
87602,0
87603,2
87604,3
87605,3
87606,1
87607,1
87608,0
87609,2
87610,3
87611,3
87612,3
87613,1
87614,0
87615,3
87616,4
87617,2
87618,4
87619,2
87620,3
87621,0
87622,4
87623,4
87624,2
87625,0
87626,1
87627,3
87628,3
87629,3
87630,1
87631,3
87632,1
87633,2
87634,4
87635,1
87636,3
87637,0
87638,2
87639,4
87640,4
87641,1
87642,4
87643,4
87644,4
87645,3
87646,0
87647,2
87648,4
87649,1
87650,1
87651,2
87652,0
87653,2
87654,4
87655,1
87656,1
87657,1
87658,0
87659,4
87660,2
87661,1
87662,4
87663,4
87664,1
87665,3
87666,2
87667,3
87668,2
87669,1
87670,1
87671,2
87672,4
87673,1
87674,4
87675,0
87676,2
87677,3
87678,1
87679,1
87680,2
87681,2
87682,0
87683,3
87684,1
87685,3
87686,1
87687,4
87688,4
87689,0
87690,2
87691,0
87692,3
87693,4
87694,0
87695,1
87696,1
87697,0
87698,0
87699,2
87700,2
87701,1
87702,1
87703,3
87704,2
87705,1
87706,3
87707,4
87708,1
87709,1
87710,4
87711,0
87712,2
87713,4
87714,3
87715,0
87716,3
87717,1
87718,3
87719,4
87720,1
87721,0
87722,0
87723,0
87724,3
87725,0
87726,4
87727,1
87728,2
87729,0
87730,3
87731,1
87732,2
87733,1
87734,0
87735,1
87736,4
87737,3
87738,0
87739,3
87740,0
87741,1
87742,0
87743,0
87744,3
87745,0
87746,0
87747,4
87748,3
87749,3
87750,4
87751,1
87752,2
87753,1
87754,1
87755,3
87756,3
87757,0
87758,1
87759,1
87760,1
87761,0
87762,0
87763,4
87764,3
87765,4
87766,4
87767,0
87768,2
87769,4
87770,3
87771,3
87772,3
87773,2
87774,2
87775,1
87776,0
87777,2
87778,2
87779,2
87780,3
87781,4
87782,3
87783,0
87784,0
87785,3
87786,2
87787,0
87788,3
87789,0
87790,4
87791,1
87792,0
87793,0
87794,0
87795,0
87796,4
87797,1
87798,4
87799,1
87800,3
87801,0
87802,3
87803,3
87804,0
87805,0
87806,2
87807,3
87808,0
87809,2
87810,0
87811,2
87812,1
87813,2
87814,0
87815,4
87816,1
87817,2
87818,2
87819,0
87820,4
87821,1
87822,3
87823,4
87824,2
87825,1
87826,1
87827,0
87828,4
87829,0
87830,0
87831,1
87832,2
87833,4
87834,0
87835,4
87836,3
87837,0
87838,2
87839,1
87840,1
87841,3
87842,2
87843,3
87844,2
87845,0
87846,2
87847,0
87848,0
87849,2
87850,0
87851,4
87852,3
87853,2
87854,4
87855,3
87856,1
87857,3
87858,0
87859,2
87860,1
87861,1
87862,1
87863,3
87864,3
87865,3
87866,1
87867,3
87868,0
87869,3
87870,1
87871,0
87872,0
87873,1
87874,0
87875,1
87876,2
87877,2
87878,3
87879,1
87880,0
87881,4
87882,3
87883,4
87884,2
87885,2
87886,4
87887,1
87888,4
87889,3
87890,1
87891,2
87892,4
87893,3
87894,1
87895,2
87896,0
87897,0
87898,2
87899,0
87900,4
87901,3
87902,1
87903,3
87904,2
87905,4
87906,4
87907,1
87908,4
87909,3
87910,1
87911,3
87912,0
87913,2
87914,4
87915,3
87916,4
87917,4
87918,1
87919,1
87920,0
87921,2
87922,4
87923,4
87924,1
87925,3
87926,4
87927,1
87928,3
87929,1
87930,0
87931,0
87932,1
87933,1
87934,1
87935,1
87936,1
87937,1
87938,0
87939,1
87940,0
87941,0
87942,0
87943,1
87944,2
87945,3
87946,4
87947,0
87948,4
87949,4
87950,3
87951,1
87952,4
87953,3
87954,3
87955,2
87956,3
87957,2
87958,2
87959,1
87960,2
87961,2
87962,4
87963,3
87964,0
87965,4
87966,1
87967,0
87968,1
87969,0
87970,3
87971,1
87972,1
87973,1
87974,2
87975,2
87976,2
87977,4
87978,3
87979,0
87980,1
87981,1
87982,3
87983,0
87984,2
87985,2
87986,2
87987,3
87988,0
87989,2
87990,0
87991,2
87992,1
87993,1
87994,3
87995,2
87996,1
87997,2
87998,1
87999,1
88000,0
88001,1
88002,2
88003,0
88004,1
88005,0
88006,4
88007,2
88008,3
88009,3
88010,4
88011,3
88012,3
88013,2
88014,0
88015,0
88016,0
88017,2
88018,4
88019,3
88020,2
88021,3
88022,2
88023,3
88024,3
88025,1
88026,0
88027,3
88028,4
88029,0
88030,2
88031,2
88032,1
88033,4
88034,0
88035,2
88036,2
88037,3
88038,0
88039,0
88040,4
88041,0
88042,2
88043,0
88044,1
88045,2
88046,3
88047,2
88048,1
88049,2
88050,4
88051,4
88052,3
88053,3
88054,4
88055,1
88056,1
88057,0
88058,2
88059,2
88060,2
88061,2
88062,3
88063,0
88064,2
88065,4
88066,1
88067,2
88068,4
88069,0
88070,4
88071,3
88072,1
88073,3
88074,0
88075,0
88076,2
88077,0
88078,0
88079,2
88080,0
88081,3
88082,4
88083,0
88084,0
88085,0
88086,3
88087,0
88088,1
88089,2
88090,1
88091,2
88092,3
88093,1
88094,2
88095,1
88096,2
88097,0
88098,3
88099,1
88100,4
88101,4
88102,3
88103,0
88104,1
88105,2
88106,3
88107,3
88108,2
88109,4
88110,0
88111,4
88112,4
88113,2
88114,3
88115,0
88116,0
88117,0
88118,0
88119,2
88120,3
88121,1
88122,2
88123,3
88124,3
88125,2
88126,3
88127,0
88128,3
88129,3
88130,4
88131,2
88132,1
88133,2
88134,3
88135,2
88136,3
88137,4
88138,4
88139,0
88140,1
88141,3
88142,1
88143,4
88144,3
88145,0
88146,0
88147,1
88148,0
88149,0
88150,3
88151,3
88152,4
88153,2
88154,1
88155,1
88156,1
88157,1
88158,0
88159,2
88160,2
88161,2
88162,1
88163,1
88164,4
88165,1
88166,1
88167,1
88168,1
88169,0
88170,0
88171,4
88172,4
88173,0
88174,2
88175,0
88176,4
88177,0
88178,0
88179,2
88180,4
88181,2
88182,3
88183,3
88184,0
88185,1
88186,0
88187,0
88188,0
88189,2
88190,2
88191,4
88192,3
88193,2
88194,1
88195,1
88196,4
88197,1
88198,2
88199,2
88200,0
88201,4
88202,1
88203,4
88204,0
88205,2
88206,0
88207,2
88208,2
88209,3
88210,4
88211,0
88212,2
88213,0
88214,0
88215,0
88216,2
88217,2
88218,3
88219,0
88220,0
88221,4
88222,2
88223,2
88224,3
88225,1
88226,3
88227,1
88228,4
88229,0
88230,4
88231,4
88232,3
88233,2
88234,4
88235,3
88236,4
88237,4
88238,0
88239,4
88240,1
88241,1
88242,0
88243,3
88244,3
88245,0
88246,2
88247,2
88248,3
88249,0
88250,0
88251,3
88252,1
88253,1
88254,2
88255,2
88256,0
88257,1
88258,1
88259,3
88260,1
88261,4
88262,0
88263,3
88264,1
88265,1
88266,2
88267,0
88268,1
88269,4
88270,1
88271,2
88272,1
88273,0
88274,1
88275,4
88276,3
88277,3
88278,2
88279,4
88280,1
88281,1
88282,4
88283,0
88284,0
88285,0
88286,1
88287,2
88288,3
88289,1
88290,3
88291,2
88292,2
88293,0
88294,3
88295,2
88296,1
88297,0
88298,3
88299,0
88300,0
88301,3
88302,3
88303,0
88304,2
88305,0
88306,3
88307,3
88308,1
88309,2
88310,2
88311,0
88312,0
88313,4
88314,1
88315,2
88316,3
88317,1
88318,1
88319,2
88320,1
88321,0
88322,3
88323,0
88324,0
88325,0
88326,0
88327,3
88328,1
88329,0
88330,4
88331,4
88332,0
88333,1
88334,2
88335,3
88336,3
88337,2
88338,0
88339,4
88340,2
88341,2
88342,4
88343,2
88344,3
88345,3
88346,1
88347,0
88348,0
88349,1
88350,0
88351,0
88352,0
88353,0
88354,1
88355,4
88356,2
88357,0
88358,4
88359,2
88360,2
88361,2
88362,3
88363,3
88364,2
88365,2
88366,0
88367,2
88368,4
88369,0
88370,1
88371,2
88372,1
88373,0
88374,0
88375,1
88376,3
88377,2
88378,0
88379,0
88380,4
88381,0
88382,3
88383,0
88384,3
88385,0
88386,3
88387,0
88388,0
88389,0
88390,3
88391,3
88392,0
88393,3
88394,3
88395,4
88396,2
88397,0
88398,4
88399,4
88400,2
88401,4
88402,3
88403,3
88404,2
88405,1
88406,1
88407,0
88408,3
88409,4
88410,1
88411,1
88412,0
88413,1
88414,1
88415,2
88416,1
88417,1
88418,1
88419,4
88420,2
88421,1
88422,2
88423,4
88424,2
88425,1
88426,0
88427,2
88428,3
88429,3
88430,3
88431,2
88432,2
88433,0
88434,4
88435,4
88436,2
88437,0
88438,2
88439,1
88440,0
88441,2
88442,1
88443,0
88444,3
88445,2
88446,3
88447,0
88448,3
88449,1
88450,2
88451,3
88452,3
88453,0
88454,0
88455,0
88456,0
88457,0
88458,4
88459,1
88460,4
88461,3
88462,4
88463,2
88464,0
88465,3
88466,2
88467,4
88468,3
88469,1
88470,4
88471,3
88472,1
88473,0
88474,1
88475,0
88476,2
88477,0
88478,0
88479,0
88480,3
88481,0
88482,1
88483,1
88484,2
88485,2
88486,1
88487,3
88488,0
88489,1
88490,0
88491,0
88492,1
88493,0
88494,0
88495,4
88496,2
88497,3
88498,0
88499,1
88500,4
88501,3
88502,1
88503,3
88504,1
88505,2
88506,3
88507,4
88508,3
88509,4
88510,2
88511,1
88512,2
88513,4
88514,3
88515,0
88516,4
88517,1
88518,1
88519,2
88520,3
88521,3
88522,1
88523,3
88524,2
88525,4
88526,0
88527,3
88528,3
88529,1
88530,4
88531,4
88532,2
88533,4
88534,0
88535,0
88536,3
88537,0
88538,2
88539,0
88540,4
88541,3
88542,0
88543,2
88544,2
88545,4
88546,0
88547,0
88548,0
88549,2
88550,1
88551,2
88552,3
88553,2
88554,0
88555,2
88556,3
88557,2
88558,4
88559,1
88560,1
88561,0
88562,0
88563,1
88564,3
88565,3
88566,0
88567,3
88568,3
88569,3
88570,0
88571,3
88572,2
88573,2
88574,2
88575,0
88576,1
88577,4
88578,0
88579,4
88580,0
88581,3
88582,1
88583,4
88584,1
88585,4
88586,0
88587,0
88588,3
88589,3
88590,2
88591,2
88592,3
88593,0
88594,2
88595,2
88596,0
88597,2
88598,3
88599,0
88600,0
88601,1
88602,2
88603,2
88604,0
88605,0
88606,0
88607,0
88608,2
88609,2
88610,0
88611,3
88612,1
88613,0
88614,0
88615,4
88616,0
88617,2
88618,0
88619,0
88620,2
88621,4
88622,1
88623,1
88624,3
88625,1
88626,3
88627,2
88628,2
88629,2
88630,0
88631,3
88632,0
88633,2
88634,4
88635,3
88636,2
88637,2
88638,4
88639,1
88640,0
88641,0
88642,1
88643,4
88644,0
88645,1
88646,2
88647,3
88648,1
88649,0
88650,1
88651,3
88652,0
88653,2
88654,3
88655,0
88656,3
88657,1
88658,4
88659,0
88660,3
88661,0
88662,4
88663,0
88664,1
88665,1
88666,0
88667,4
88668,0
88669,4
88670,2
88671,4
88672,1
88673,2
88674,1
88675,4
88676,0
88677,3
88678,1
88679,2
88680,2
88681,2
88682,1
88683,3
88684,2
88685,1
88686,2
88687,3
88688,0
88689,4
88690,0
88691,4
88692,1
88693,2
88694,4
88695,1
88696,0
88697,0
88698,1
88699,1
88700,0
88701,2
88702,0
88703,0
88704,1
88705,1
88706,3
88707,0
88708,1
88709,0
88710,2
88711,1
88712,0
88713,4
88714,0
88715,3
88716,1
88717,2
88718,1
88719,4
88720,2
88721,0
88722,2
88723,0
88724,4
88725,4
88726,1
88727,3
88728,0
88729,3
88730,1
88731,4
88732,3
88733,2
88734,2
88735,4
88736,2
88737,4
88738,4
88739,1
88740,3
88741,3
88742,0
88743,2
88744,3
88745,4
88746,0
88747,2
88748,0
88749,3
88750,3
88751,0
88752,4
88753,3
88754,2
88755,3
88756,2
88757,2
88758,2
88759,4
88760,4
88761,2
88762,1
88763,2
88764,0
88765,3
88766,4
88767,0
88768,4
88769,3
88770,4
88771,0
88772,2
88773,0
88774,1
88775,2
88776,3
88777,4
88778,2
88779,4
88780,3
88781,2
88782,4
88783,3
88784,2
88785,1
88786,4
88787,2
88788,3
88789,0
88790,0
88791,0
88792,3
88793,4
88794,4
88795,0
88796,0
88797,0
88798,1
88799,3
88800,1
88801,4
88802,3
88803,3
88804,3
88805,0
88806,2
88807,2
88808,0
88809,2
88810,4
88811,2
88812,0
88813,4
88814,1
88815,2
88816,3
88817,0
88818,3
88819,4
88820,3
88821,0
88822,1
88823,3
88824,4
88825,2
88826,0
88827,4
88828,3
88829,1
88830,3
88831,3
88832,1
88833,2
88834,4
88835,1
88836,2
88837,1
88838,2
88839,0
88840,3
88841,4
88842,1
88843,3
88844,4
88845,3
88846,4
88847,2
88848,1
88849,1
88850,1
88851,1
88852,4
88853,4
88854,4
88855,3
88856,4
88857,1
88858,4
88859,2
88860,1
88861,4
88862,3
88863,2
88864,1
88865,4
88866,4
88867,3
88868,2
88869,2
88870,2
88871,4
88872,4
88873,1
88874,2
88875,3
88876,2
88877,3
88878,0
88879,0
88880,0
88881,3
88882,1
88883,0
88884,1
88885,4
88886,4
88887,1
88888,0
88889,4
88890,3
88891,0
88892,1
88893,2
88894,0
88895,1
88896,2
88897,0
88898,0
88899,1
88900,2
88901,1
88902,2
88903,4
88904,3
88905,1
88906,1
88907,2
88908,1
88909,0
88910,0
88911,2
88912,0
88913,0
88914,3
88915,2
88916,0
88917,2
88918,1
88919,3
88920,1
88921,3
88922,1
88923,4
88924,3
88925,2
88926,3
88927,1
88928,1
88929,0
88930,0
88931,1
88932,2
88933,2
88934,0
88935,1
88936,4
88937,0
88938,2
88939,1
88940,3
88941,3
88942,1
88943,2
88944,0
88945,2
88946,2
88947,0
88948,0
88949,4
88950,4
88951,2
88952,0
88953,1
88954,1
88955,3
88956,0
88957,0
88958,3
88959,1
88960,1
88961,1
88962,0
88963,2
88964,2
88965,4
88966,2
88967,3
88968,0
88969,2
88970,3
88971,3
88972,1
88973,1
88974,3
88975,2
88976,2
88977,1
88978,2
88979,3
88980,1
88981,4
88982,3
88983,4
88984,1
88985,0
88986,0
88987,0
88988,4
88989,3
88990,0
88991,4
88992,2
88993,1
88994,0
88995,1
88996,1
88997,2
88998,3
88999,3
89000,1
89001,0
89002,1
89003,3
89004,0
89005,1
89006,1
89007,2
89008,3
89009,1
89010,0
89011,1
89012,1
89013,4
89014,0
89015,4
89016,1
89017,0
89018,0
89019,1
89020,0
89021,4
89022,2
89023,3
89024,0
89025,1
89026,2
89027,1
89028,4
89029,1
89030,1
89031,4
89032,1
89033,3
89034,2
89035,2
89036,0
89037,1
89038,2
89039,2
89040,2
89041,4
89042,3
89043,0
89044,0
89045,3
89046,0
89047,0
89048,2
89049,0
89050,1
89051,1
89052,0
89053,0
89054,2
89055,1
89056,2
89057,4
89058,0
89059,3
89060,1
89061,3
89062,2
89063,1
89064,1
89065,3
89066,3
89067,0
89068,2
89069,1
89070,2
89071,2
89072,0
89073,2
89074,4
89075,4
89076,2
89077,1
89078,4
89079,0
89080,2
89081,1
89082,1
89083,3
89084,1
89085,1
89086,2
89087,1
89088,0
89089,1
89090,0
89091,3
89092,0
89093,3
89094,0
89095,3
89096,0
89097,4
89098,2
89099,1
89100,1
89101,0
89102,4
89103,1
89104,0
89105,0
89106,4
89107,0
89108,3
89109,1
89110,1
89111,1
89112,3
89113,3
89114,3
89115,2
89116,1
89117,1
89118,0
89119,3
89120,4
89121,1
89122,1
89123,0
89124,3
89125,0
89126,3
89127,3
89128,3
89129,2
89130,4
89131,2
89132,4
89133,0
89134,3
89135,4
89136,3
89137,0
89138,4
89139,4
89140,0
89141,1
89142,1
89143,0
89144,0
89145,1
89146,0
89147,2
89148,0
89149,2
89150,0
89151,0
89152,2
89153,4
89154,0
89155,4
89156,0
89157,3
89158,1
89159,1
89160,4
89161,0
89162,1
89163,0
89164,0
89165,3
89166,4
89167,2
89168,4
89169,0
89170,0
89171,3
89172,0
89173,1
89174,4
89175,0
89176,4
89177,2
89178,4
89179,1
89180,2
89181,0
89182,0
89183,0
89184,2
89185,3
89186,4
89187,0
89188,1
89189,4
89190,1
89191,1
89192,3
89193,4
89194,0
89195,2
89196,2
89197,0
89198,3
89199,0
89200,1
89201,3
89202,0
89203,4
89204,2
89205,0
89206,3
89207,3
89208,1
89209,1
89210,3
89211,4
89212,3
89213,1
89214,4
89215,0
89216,4
89217,4
89218,2
89219,4
89220,3
89221,2
89222,4
89223,0
89224,1
89225,2
89226,0
89227,3
89228,4
89229,3
89230,0
89231,3
89232,3
89233,3
89234,1
89235,0
89236,3
89237,0
89238,1
89239,1
89240,0
89241,3
89242,1
89243,3
89244,1
89245,1
89246,4
89247,1
89248,1
89249,4
89250,2
89251,1
89252,2
89253,3
89254,2
89255,4
89256,2
89257,3
89258,0
89259,0
89260,4
89261,4
89262,3
89263,1
89264,3
89265,4
89266,0
89267,0
89268,1
89269,0
89270,3
89271,1
89272,0
89273,2
89274,3
89275,4
89276,4
89277,1
89278,2
89279,0
89280,4
89281,3
89282,3
89283,3
89284,3
89285,1
89286,1
89287,4
89288,3
89289,3
89290,2
89291,3
89292,1
89293,2
89294,3
89295,1
89296,4
89297,1
89298,1
89299,0
89300,3
89301,2
89302,4
89303,0
89304,4
89305,0
89306,4
89307,0
89308,1
89309,0
89310,3
89311,4
89312,3
89313,0
89314,0
89315,3
89316,0
89317,3
89318,1
89319,3
89320,1
89321,0
89322,0
89323,2
89324,1
89325,2
89326,1
89327,0
89328,2
89329,1
89330,3
89331,4
89332,0
89333,3
89334,1
89335,0
89336,2
89337,4
89338,1
89339,2
89340,4
89341,3
89342,2
89343,3
89344,3
89345,0
89346,0
89347,4
89348,2
89349,0
89350,4
89351,4
89352,1
89353,2
89354,1
89355,4
89356,4
89357,4
89358,4
89359,3
89360,4
89361,4
89362,1
89363,1
89364,0
89365,0
89366,1
89367,1
89368,2
89369,3
89370,4
89371,2
89372,4
89373,3
89374,4
89375,2
89376,4
89377,2
89378,2
89379,2
89380,3
89381,0
89382,3
89383,1
89384,4
89385,2
89386,1
89387,2
89388,1
89389,0
89390,4
89391,1
89392,3
89393,0
89394,2
89395,1
89396,0
89397,0
89398,3
89399,0
89400,4
89401,1
89402,4
89403,3
89404,4
89405,0
89406,2
89407,1
89408,4
89409,2
89410,2
89411,0
89412,3
89413,3
89414,3
89415,1
89416,4
89417,3
89418,2
89419,0
89420,2
89421,1
89422,0
89423,3
89424,1
89425,1
89426,4
89427,1
89428,0
89429,4
89430,4
89431,0
89432,1
89433,4
89434,3
89435,2
89436,2
89437,4
89438,3
89439,3
89440,3
89441,1
89442,3
89443,4
89444,1
89445,0
89446,0
89447,0
89448,3
89449,2
89450,2
89451,4
89452,3
89453,4
89454,1
89455,3
89456,3
89457,1
89458,0
89459,2
89460,2
89461,3
89462,1
89463,0
89464,0
89465,1
89466,2
89467,0
89468,1
89469,0
89470,2
89471,0
89472,3
89473,2
89474,3
89475,2
89476,3
89477,1
89478,2
89479,2
89480,4
89481,3
89482,1
89483,2
89484,1
89485,1
89486,0
89487,0
89488,1
89489,4
89490,0
89491,0
89492,1
89493,1
89494,4
89495,3
89496,4
89497,1
89498,1
89499,0
89500,0
89501,4
89502,1
89503,0
89504,0
89505,4
89506,2
89507,1
89508,2
89509,2
89510,2
89511,0
89512,0
89513,3
89514,2
89515,1
89516,1
89517,0
89518,0
89519,3
89520,3
89521,4
89522,3
89523,4
89524,0
89525,3
89526,1
89527,2
89528,3
89529,3
89530,2
89531,3
89532,4
89533,4
89534,3
89535,2
89536,4
89537,4
89538,4
89539,3
89540,3
89541,1
89542,4
89543,1
89544,2
89545,3
89546,0
89547,0
89548,3
89549,1
89550,0
89551,1
89552,2
89553,4
89554,3
89555,2
89556,3
89557,2
89558,1
89559,0
89560,0
89561,2
89562,2
89563,0
89564,4
89565,4
89566,4
89567,1
89568,0
89569,2
89570,4
89571,1
89572,1
89573,1
89574,2
89575,0
89576,4
89577,0
89578,3
89579,3
89580,3
89581,2
89582,2
89583,4
89584,3
89585,0
89586,0
89587,3
89588,4
89589,3
89590,1
89591,1
89592,0
89593,2
89594,0
89595,0
89596,2
89597,4
89598,0
89599,1
89600,4
89601,3
89602,0
89603,4
89604,1
89605,2
89606,1
89607,2
89608,3
89609,4
89610,2
89611,2
89612,0
89613,2
89614,3
89615,4
89616,2
89617,1
89618,1
89619,2
89620,1
89621,2
89622,1
89623,2
89624,0
89625,0
89626,3
89627,3
89628,2
89629,1
89630,2
89631,3
89632,2
89633,1
89634,2
89635,4
89636,3
89637,1
89638,1
89639,2
89640,3
89641,0
89642,1
89643,4
89644,0
89645,2
89646,1
89647,3
89648,2
89649,0
89650,3
89651,1
89652,3
89653,0
89654,4
89655,3
89656,2
89657,3
89658,4
89659,3
89660,0
89661,0
89662,4
89663,1
89664,1
89665,3
89666,0
89667,2
89668,1
89669,0
89670,0
89671,3
89672,3
89673,3
89674,4
89675,2
89676,2
89677,1
89678,4
89679,2
89680,2
89681,2
89682,0
89683,1
89684,2
89685,4
89686,0
89687,0
89688,3
89689,3
89690,1
89691,3
89692,1
89693,4
89694,4
89695,0
89696,0
89697,4
89698,2
89699,3
89700,3
89701,4
89702,1
89703,4
89704,1
89705,1
89706,1
89707,3
89708,0
89709,3
89710,3
89711,4
89712,0
89713,0
89714,2
89715,2
89716,3
89717,3
89718,4
89719,0
89720,4
89721,1
89722,4
89723,3
89724,2
89725,2
89726,1
89727,0
89728,0
89729,2
89730,1
89731,3
89732,3
89733,2
89734,0
89735,4
89736,1
89737,4
89738,1
89739,4
89740,2
89741,4
89742,1
89743,0
89744,0
89745,4
89746,3
89747,1
89748,3
89749,3
89750,0
89751,0
89752,2
89753,0
89754,1
89755,0
89756,0
89757,3
89758,4
89759,1
89760,1
89761,4
89762,0
89763,4
89764,4
89765,2
89766,1
89767,0
89768,1
89769,4
89770,3
89771,0
89772,0
89773,3
89774,0
89775,4
89776,0
89777,4
89778,4
89779,3
89780,3
89781,4
89782,4
89783,3
89784,1
89785,0
89786,2
89787,1
89788,4
89789,4
89790,2
89791,0
89792,1
89793,3
89794,1
89795,4
89796,0
89797,1
89798,3
89799,0
89800,1
89801,3
89802,2
89803,1
89804,2
89805,0
89806,0
89807,4
89808,2
89809,2
89810,4
89811,3
89812,4
89813,4
89814,0
89815,3
89816,1
89817,1
89818,4
89819,3
89820,0
89821,3
89822,3
89823,3
89824,1
89825,0
89826,2
89827,0
89828,2
89829,0
89830,1
89831,0
89832,3
89833,0
89834,4
89835,0
89836,0
89837,4
89838,0
89839,1
89840,2
89841,1
89842,3
89843,3
89844,2
89845,4
89846,3
89847,0
89848,2
89849,1
89850,2
89851,1
89852,2
89853,2
89854,3
89855,3
89856,0
89857,1
89858,3
89859,0
89860,2
89861,0
89862,1
89863,3
89864,1
89865,0
89866,2
89867,4
89868,1
89869,2
89870,4
89871,4
89872,3
89873,3
89874,4
89875,3
89876,1
89877,1
89878,0
89879,2
89880,2
89881,2
89882,0
89883,0
89884,2
89885,3
89886,0
89887,2
89888,2
89889,0
89890,2
89891,0
89892,4
89893,3
89894,4
89895,0
89896,1
89897,2
89898,4
89899,1
89900,0
89901,2
89902,1
89903,0
89904,0
89905,0
89906,3
89907,3
89908,1
89909,4
89910,3
89911,1
89912,2
89913,1
89914,0
89915,2
89916,0
89917,0
89918,2
89919,1
89920,4
89921,2
89922,3
89923,4
89924,1
89925,0
89926,2
89927,3
89928,1
89929,0
89930,1
89931,0
89932,2
89933,1
89934,2
89935,1
89936,0
89937,3
89938,4
89939,1
89940,1
89941,2
89942,3
89943,0
89944,3
89945,1
89946,0
89947,0
89948,1
89949,4
89950,2
89951,0
89952,1
89953,2
89954,3
89955,0
89956,2
89957,1
89958,3
89959,0
89960,2
89961,1
89962,0
89963,3
89964,4
89965,0
89966,3
89967,0
89968,3
89969,1
89970,0
89971,2
89972,3
89973,4
89974,0
89975,0
89976,3
89977,2
89978,0
89979,0
89980,3
89981,0
89982,3
89983,1
89984,3
89985,2
89986,0
89987,1
89988,4
89989,3
89990,1
89991,2
89992,1
89993,3
89994,3
89995,3
89996,4
89997,3
89998,4
89999,0
90000,3
90001,2
90002,0
90003,3
90004,4
90005,3
90006,1
90007,0
90008,2
90009,2
90010,1
90011,1
90012,0
90013,3
90014,2
90015,2
90016,2
90017,1
90018,0
90019,2
90020,0
90021,0
90022,2
90023,0
90024,3
90025,4
90026,0
90027,3
90028,2
90029,0
90030,1
90031,4
90032,4
90033,4
90034,1
90035,1
90036,0
90037,1
90038,1
90039,2
90040,2
90041,4
90042,4
90043,1
90044,3
90045,0
90046,4
90047,4
90048,1
90049,3
90050,1
90051,2
90052,3
90053,1
90054,4
90055,2
90056,0
90057,1
90058,2
90059,0
90060,2
90061,0
90062,2
90063,2
90064,4
90065,2
90066,1
90067,1
90068,2
90069,0
90070,1
90071,2
90072,3
90073,4
90074,4
90075,3
90076,4
90077,2
90078,1
90079,3
90080,2
90081,2
90082,0
90083,4
90084,1
90085,4
90086,2
90087,2
90088,2
90089,2
90090,3
90091,0
90092,2
90093,0
90094,3
90095,1
90096,0
90097,3
90098,4
90099,0
90100,2
90101,3
90102,1
90103,0
90104,0
90105,3
90106,3
90107,1
90108,2
90109,3
90110,1
90111,2
90112,1
90113,0
90114,2
90115,1
90116,0
90117,4
90118,0
90119,4
90120,0
90121,0
90122,0
90123,1
90124,1
90125,3
90126,2
90127,0
90128,4
90129,0
90130,4
90131,0
90132,1
90133,2
90134,2
90135,4
90136,0
90137,4
90138,2
90139,1
90140,4
90141,4
90142,4
90143,4
90144,4
90145,0
90146,4
90147,0
90148,2
90149,3
90150,1
90151,3
90152,2
90153,1
90154,2
90155,3
90156,1
90157,1
90158,1
90159,0
90160,0
90161,4
90162,2
90163,3
90164,1
90165,4
90166,4
90167,0
90168,1
90169,1
90170,2
90171,1
90172,1
90173,3
90174,1
90175,4
90176,1
90177,4
90178,3
90179,1
90180,4
90181,0
90182,1
90183,0
90184,0
90185,2
90186,1
90187,0
90188,4
90189,1
90190,0
90191,2
90192,0
90193,4
90194,2
90195,4
90196,0
90197,1
90198,4
90199,1
90200,3
90201,2
90202,2
90203,1
90204,2
90205,0
90206,2
90207,1
90208,0
90209,0
90210,2
90211,4
90212,2
90213,1
90214,3
90215,0
90216,0
90217,1
90218,0
90219,1
90220,4
90221,3
90222,3
90223,1
90224,3
90225,3
90226,2
90227,3
90228,0
90229,2
90230,4
90231,3
90232,4
90233,1
90234,3
90235,2
90236,1
90237,0
90238,1
90239,3
90240,0
90241,1
90242,1
90243,2
90244,1
90245,0
90246,1
90247,2
90248,0
90249,0
90250,1
90251,1
90252,3
90253,1
90254,3
90255,4
90256,2
90257,1
90258,1
90259,3
90260,3
90261,1
90262,3
90263,1
90264,3
90265,3
90266,2
90267,4
90268,3
90269,1
90270,3
90271,1
90272,1
90273,0
90274,0
90275,4
90276,0
90277,4
90278,1
90279,1
90280,4
90281,3
90282,3
90283,3
90284,4
90285,4
90286,2
90287,2
90288,1
90289,3
90290,0
90291,2
90292,3
90293,2
90294,1
90295,4
90296,0
90297,2
90298,0
90299,4
90300,1
90301,0
90302,0
90303,4
90304,1
90305,0
90306,1
90307,2
90308,2
90309,4
90310,4
90311,2
90312,0
90313,1
90314,2
90315,1
90316,1
90317,2
90318,1
90319,1
90320,0
90321,0
90322,2
90323,2
90324,3
90325,1
90326,3
90327,4
90328,4
90329,0
90330,4
90331,2
90332,0
90333,0
90334,2
90335,2
90336,2
90337,3
90338,3
90339,0
90340,0
90341,1
90342,1
90343,2
90344,2
90345,3
90346,2
90347,0
90348,1
90349,1
90350,3
90351,0
90352,4
90353,0
90354,0
90355,2
90356,3
90357,3
90358,2
90359,3
90360,3
90361,3
90362,1
90363,0
90364,0
90365,2
90366,3
90367,2
90368,4
90369,2
90370,3
90371,0
90372,0
90373,0
90374,3
90375,0
90376,4
90377,3
90378,2
90379,0
90380,0
90381,3
90382,4
90383,1
90384,3
90385,2
90386,1
90387,1
90388,2
90389,0
90390,2
90391,1
90392,0
90393,2
90394,0
90395,2
90396,0
90397,2
90398,1
90399,3
90400,3
90401,1
90402,1
90403,2
90404,3
90405,3
90406,0
90407,1
90408,4
90409,1
90410,1
90411,4
90412,1
90413,3
90414,3
90415,1
90416,3
90417,0
90418,3
90419,0
90420,2
90421,0
90422,0
90423,2
90424,4
90425,0
90426,3
90427,4
90428,2
90429,0
90430,3
90431,1
90432,2
90433,0
90434,3
90435,4
90436,1
90437,1
90438,1
90439,4
90440,3
90441,0
90442,0
90443,3
90444,2
90445,3
90446,1
90447,4
90448,3
90449,0
90450,2
90451,3
90452,2
90453,3
90454,2
90455,2
90456,2
90457,1
90458,2
90459,0
90460,2
90461,0
90462,3
90463,3
90464,0
90465,4
90466,2
90467,1
90468,0
90469,3
90470,2
90471,1
90472,2
90473,4
90474,0
90475,3
90476,3
90477,1
90478,1
90479,2
90480,4
90481,2
90482,3
90483,2
90484,0
90485,0
90486,1
90487,0
90488,0
90489,3
90490,0
90491,0
90492,0
90493,3
90494,1
90495,4
90496,0
90497,0
90498,3
90499,2
90500,3
90501,4
90502,4
90503,3
90504,2
90505,2
90506,2
90507,2
90508,2
90509,0
90510,1
90511,2
90512,2
90513,1
90514,1
90515,3
90516,3
90517,3
90518,4
90519,1
90520,2
90521,1
90522,4
90523,4
90524,1
90525,3
90526,3
90527,2
90528,0
90529,2
90530,4
90531,0
90532,1
90533,1
90534,4
90535,4
90536,3
90537,3
90538,3
90539,0
90540,1
90541,2
90542,0
90543,2
90544,3
90545,2
90546,3
90547,2
90548,0
90549,4
90550,2
90551,4
90552,3
90553,3
90554,3
90555,1
90556,3
90557,2
90558,1
90559,4
90560,0
90561,1
90562,0
90563,1
90564,3
90565,1
90566,0
90567,2
90568,0
90569,0
90570,0
90571,1
90572,4
90573,2
90574,1
90575,2
90576,0
90577,1
90578,3
90579,3
90580,3
90581,0
90582,3
90583,2
90584,0
90585,4
90586,1
90587,0
90588,0
90589,1
90590,1
90591,2
90592,4
90593,1
90594,0
90595,4
90596,1
90597,3
90598,0
90599,4
90600,1
90601,1
90602,0
90603,0
90604,4
90605,3
90606,2
90607,1
90608,1
90609,3
90610,4
90611,4
90612,3
90613,4
90614,0
90615,0
90616,1
90617,0
90618,0
90619,1
90620,1
90621,1
90622,0
90623,2
90624,2
90625,3
90626,4
90627,2
90628,2
90629,2
90630,4
90631,2
90632,1
90633,4
90634,2
90635,0
90636,2
90637,1
90638,1
90639,3
90640,0
90641,1
90642,2
90643,1
90644,4
90645,2
90646,0
90647,4
90648,0
90649,2
90650,0
90651,2
90652,1
90653,1
90654,3
90655,1
90656,0
90657,2
90658,1
90659,1
90660,3
90661,3
90662,1
90663,2
90664,2
90665,4
90666,1
90667,4
90668,2
90669,4
90670,4
90671,0
90672,0
90673,1
90674,3
90675,2
90676,1
90677,0
90678,1
90679,0
90680,4
90681,1
90682,0
90683,1
90684,3
90685,2
90686,0
90687,1
90688,0
90689,3
90690,2
90691,2
90692,1
90693,3
90694,1
90695,1
90696,2
90697,3
90698,4
90699,1
90700,3
90701,3
90702,0
90703,0
90704,4
90705,3
90706,3
90707,2
90708,3
90709,0
90710,4
90711,2
90712,0
90713,1
90714,1
90715,2
90716,0
90717,4
90718,4
90719,1
90720,3
90721,2
90722,2
90723,2
90724,1
90725,1
90726,3
90727,4
90728,0
90729,3
90730,3
90731,1
90732,1
90733,3
90734,2
90735,3
90736,0
90737,2
90738,2
90739,4
90740,1
90741,1
90742,3
90743,4
90744,3
90745,3
90746,2
90747,0
90748,1
90749,4
90750,3
90751,3
90752,1
90753,2
90754,3
90755,3
90756,0
90757,2
90758,1
90759,4
90760,0
90761,0
90762,3
90763,3
90764,0
90765,4
90766,4
90767,3
90768,1
90769,3
90770,4
90771,3
90772,3
90773,3
90774,1
90775,2
90776,3
90777,2
90778,1
90779,3
90780,3
90781,1
90782,3
90783,3
90784,3
90785,4
90786,3
90787,4
90788,0
90789,1
90790,1
90791,0
90792,4
90793,1
90794,3
90795,0
90796,2
90797,1
90798,2
90799,4
90800,2
90801,3
90802,0
90803,2
90804,2
90805,2
90806,4
90807,0
90808,1
90809,2
90810,3
90811,0
90812,4
90813,3
90814,1
90815,2
90816,2
90817,1
90818,4
90819,1
90820,3
90821,1
90822,1
90823,4
90824,0
90825,1
90826,2
90827,2
90828,1
90829,1
90830,0
90831,3
90832,0
90833,1
90834,4
90835,0
90836,4
90837,1
90838,4
90839,0
90840,3
90841,1
90842,1
90843,0
90844,4
90845,1
90846,1
90847,0
90848,0
90849,4
90850,2
90851,2
90852,0
90853,1
90854,1
90855,4
90856,1
90857,0
90858,0
90859,2
90860,2
90861,4
90862,2
90863,1
90864,1
90865,0
90866,3
90867,0
90868,3
90869,1
90870,4
90871,0
90872,3
90873,1
90874,3
90875,3
90876,4
90877,1
90878,4
90879,1
90880,0
90881,0
90882,2
90883,0
90884,2
90885,4
90886,0
90887,1
90888,0
90889,2
90890,3
90891,0
90892,4
90893,3
90894,1
90895,4
90896,2
90897,1
90898,1
90899,0
90900,1
90901,2
90902,1
90903,0
90904,4
90905,3
90906,3
90907,3
90908,0
90909,3
90910,1
90911,0
90912,2
90913,0
90914,2
90915,3
90916,3
90917,2
90918,2
90919,2
90920,1
90921,1
90922,1
90923,0
90924,3
90925,0
90926,1
90927,2
90928,2
90929,0
90930,2
90931,3
90932,1
90933,1
90934,4
90935,3
90936,2
90937,3
90938,2
90939,0
90940,4
90941,0
90942,2
90943,3
90944,1
90945,2
90946,4
90947,3
90948,3
90949,2
90950,2
90951,4
90952,3
90953,2
90954,2
90955,1
90956,1
90957,1
90958,2
90959,1
90960,0
90961,3
90962,2
90963,2
90964,2
90965,1
90966,1
90967,1
90968,3
90969,3
90970,0
90971,2
90972,2
90973,1
90974,3
90975,2
90976,4
90977,1
90978,4
90979,0
90980,0
90981,4
90982,1
90983,1
90984,3
90985,2
90986,2
90987,0
90988,2
90989,2
90990,4
90991,2
90992,0
90993,0
90994,1
90995,4
90996,3
90997,2
90998,3
90999,2
91000,1
91001,3
91002,2
91003,0
91004,4
91005,2
91006,3
91007,1
91008,2
91009,4
91010,2
91011,3
91012,0
91013,0
91014,3
91015,2
91016,0
91017,0
91018,4
91019,1
91020,3
91021,1
91022,4
91023,2
91024,2
91025,1
91026,1
91027,0
91028,1
91029,4
91030,2
91031,4
91032,0
91033,3
91034,1
91035,2
91036,0
91037,2
91038,4
91039,1
91040,0
91041,3
91042,0
91043,4
91044,0
91045,2
91046,2
91047,1
91048,1
91049,0
91050,3
91051,0
91052,4
91053,2
91054,1
91055,3
91056,2
91057,0
91058,1
91059,2
91060,4
91061,2
91062,0
91063,0
91064,1
91065,3
91066,0
91067,3
91068,2
91069,0
91070,3
91071,0
91072,1
91073,3
91074,2
91075,4
91076,0
91077,0
91078,1
91079,0
91080,0
91081,3
91082,0
91083,1
91084,1
91085,2
91086,4
91087,2
91088,0
91089,4
91090,2
91091,1
91092,0
91093,1
91094,3
91095,3
91096,4
91097,3
91098,4
91099,0
91100,1
91101,0
91102,2
91103,4
91104,1
91105,1
91106,0
91107,3
91108,2
91109,4
91110,1
91111,0
91112,2
91113,0
91114,2
91115,0
91116,4
91117,1
91118,2
91119,0
91120,2
91121,2
91122,0
91123,4
91124,1
91125,0
91126,3
91127,3
91128,0
91129,0
91130,2
91131,3
91132,4
91133,3
91134,1
91135,0
91136,3
91137,2
91138,0
91139,1
91140,1
91141,1
91142,4
91143,2
91144,1
91145,3
91146,1
91147,0
91148,4
91149,0
91150,4
91151,0
91152,3
91153,3
91154,0
91155,0
91156,1
91157,0
91158,3
91159,0
91160,3
91161,1
91162,1
91163,0
91164,1
91165,2
91166,2
91167,1
91168,1
91169,1
91170,1
91171,0
91172,2
91173,2
91174,3
91175,3
91176,4
91177,0
91178,1
91179,1
91180,0
91181,2
91182,2
91183,3
91184,0
91185,3
91186,3
91187,3
91188,0
91189,0
91190,4
91191,1
91192,1
91193,4
91194,3
91195,0
91196,0
91197,0
91198,3
91199,2
91200,0
91201,4
91202,2
91203,3
91204,1
91205,1
91206,1
91207,1
91208,2
91209,3
91210,0
91211,2
91212,1
91213,4
91214,2
91215,1
91216,4
91217,4
91218,1
91219,2
91220,4
91221,2
91222,4
91223,1
91224,0
91225,2
91226,4
91227,0
91228,3
91229,4
91230,2
91231,3
91232,1
91233,3
91234,4
91235,1
91236,2
91237,4
91238,0
91239,3
91240,4
91241,4
91242,3
91243,4
91244,1
91245,1
91246,2
91247,1
91248,1
91249,3
91250,3
91251,1
91252,3
91253,2
91254,0
91255,4
91256,1
91257,3
91258,1
91259,1
91260,0
91261,0
91262,3
91263,4
91264,0
91265,0
91266,1
91267,4
91268,3
91269,0
91270,0
91271,3
91272,1
91273,4
91274,0
91275,3
91276,3
91277,4
91278,0
91279,2
91280,3
91281,1
91282,1
91283,3
91284,3
91285,0
91286,3
91287,4
91288,0
91289,0
91290,1
91291,3
91292,3
91293,3
91294,2
91295,0
91296,0
91297,1
91298,2
91299,2
91300,1
91301,1
91302,3
91303,4
91304,2
91305,2
91306,1
91307,3
91308,3
91309,1
91310,0
91311,4
91312,4
91313,0
91314,0
91315,3
91316,0
91317,0
91318,3
91319,0
91320,2
91321,1
91322,1
91323,1
91324,0
91325,3
91326,3
91327,4
91328,2
91329,4
91330,0
91331,3
91332,1
91333,0
91334,2
91335,3
91336,4
91337,1
91338,0
91339,0
91340,4
91341,1
91342,3
91343,0
91344,2
91345,0
91346,2
91347,0
91348,4
91349,0
91350,2
91351,4
91352,4
91353,2
91354,1
91355,3
91356,4
91357,0
91358,3
91359,0
91360,4
91361,2
91362,0
91363,4
91364,2
91365,3
91366,3
91367,2
91368,2
91369,2
91370,0
91371,2
91372,1
91373,1
91374,0
91375,2
91376,2
91377,4
91378,0
91379,2
91380,4
91381,1
91382,3
91383,1
91384,3
91385,4
91386,0
91387,2
91388,3
91389,4
91390,2
91391,4
91392,0
91393,0
91394,2
91395,1
91396,2
91397,2
91398,4
91399,0
91400,2
91401,0
91402,0
91403,2
91404,3
91405,1
91406,4
91407,4
91408,2
91409,0
91410,0
91411,0
91412,4
91413,2
91414,2
91415,0
91416,0
91417,2
91418,4
91419,0
91420,1
91421,3
91422,4
91423,2
91424,3
91425,2
91426,1
91427,4
91428,0
91429,0
91430,1
91431,1
91432,1
91433,1
91434,0
91435,1
91436,3
91437,1
91438,1
91439,2
91440,2
91441,1
91442,2
91443,2
91444,4
91445,0
91446,0
91447,1
91448,1
91449,3
91450,3
91451,3
91452,4
91453,0
91454,1
91455,1
91456,3
91457,2
91458,0
91459,3
91460,4
91461,2
91462,1
91463,1
91464,1
91465,4
91466,0
91467,1
91468,2
91469,2
91470,4
91471,1
91472,3
91473,3
91474,2
91475,0
91476,3
91477,0
91478,1
91479,0
91480,0
91481,4
91482,1
91483,2
91484,4
91485,3
91486,4
91487,3
91488,0
91489,2
91490,3
91491,3
91492,2
91493,3
91494,4
91495,0
91496,4
91497,3
91498,1
91499,3
91500,3
91501,2
91502,4
91503,2
91504,3
91505,4
91506,1
91507,0
91508,1
91509,0
91510,4
91511,1
91512,1
91513,0
91514,0
91515,2
91516,2
91517,3
91518,0
91519,0
91520,2
91521,0
91522,1
91523,0
91524,4
91525,0
91526,0
91527,2
91528,2
91529,0
91530,2
91531,0
91532,0
91533,1
91534,2
91535,3
91536,3
91537,4
91538,2
91539,2
91540,1
91541,4
91542,1
91543,0
91544,4
91545,4
91546,3
91547,1
91548,0
91549,1
91550,1
91551,0
91552,1
91553,2
91554,3
91555,0
91556,2
91557,3
91558,2
91559,1
91560,3
91561,3
91562,2
91563,4
91564,1
91565,3
91566,0
91567,0
91568,1
91569,4
91570,1
91571,1
91572,3
91573,2
91574,3
91575,4
91576,2
91577,1
91578,3
91579,2
91580,3
91581,0
91582,1
91583,0
91584,1
91585,1
91586,0
91587,3
91588,2
91589,1
91590,2
91591,1
91592,3
91593,1
91594,0
91595,1
91596,3
91597,1
91598,3
91599,4
91600,2
91601,4
91602,0
91603,1
91604,2
91605,2
91606,4
91607,4
91608,3
91609,0
91610,2
91611,0
91612,2
91613,1
91614,1
91615,2
91616,2
91617,2
91618,3
91619,0
91620,4
91621,3
91622,0
91623,3
91624,0
91625,3
91626,4
91627,0
91628,4
91629,0
91630,0
91631,3
91632,2
91633,4
91634,0
91635,0
91636,2
91637,0
91638,3
91639,1
91640,2
91641,3
91642,0
91643,2
91644,1
91645,1
91646,4
91647,2
91648,1
91649,3
91650,2
91651,1
91652,0
91653,0
91654,0
91655,2
91656,1
91657,4
91658,3
91659,2
91660,0
91661,1
91662,2
91663,4
91664,2
91665,1
91666,3
91667,0
91668,1
91669,2
91670,1
91671,0
91672,3
91673,0
91674,4
91675,2
91676,1
91677,1
91678,3
91679,4
91680,0
91681,3
91682,3
91683,0
91684,4
91685,2
91686,0
91687,2
91688,2
91689,0
91690,3
91691,2
91692,1
91693,1
91694,2
91695,0
91696,4
91697,3
91698,0
91699,1
91700,2
91701,2
91702,4
91703,0
91704,2
91705,1
91706,1
91707,1
91708,1
91709,2
91710,2
91711,1
91712,0
91713,0
91714,1
91715,3
91716,2
91717,2
91718,2
91719,4
91720,0
91721,1
91722,1
91723,3
91724,1
91725,1
91726,1
91727,3
91728,0
91729,2
91730,1
91731,2
91732,1
91733,4
91734,0
91735,1
91736,3
91737,0
91738,3
91739,0
91740,2
91741,1
91742,2
91743,1
91744,3
91745,4
91746,3
91747,3
91748,3
91749,2
91750,2
91751,3
91752,1
91753,1
91754,4
91755,0
91756,1
91757,0
91758,3
91759,0
91760,2
91761,3
91762,1
91763,4
91764,0
91765,3
91766,3
91767,0
91768,3
91769,3
91770,0
91771,1
91772,1
91773,2
91774,2
91775,0
91776,3
91777,1
91778,4
91779,3
91780,4
91781,4
91782,3
91783,3
91784,0
91785,2
91786,4
91787,2
91788,4
91789,4
91790,4
91791,1
91792,0
91793,3
91794,2
91795,1
91796,0
91797,2
91798,3
91799,4
91800,2
91801,4
91802,0
91803,2
91804,4
91805,3
91806,4
91807,2
91808,2
91809,0
91810,4
91811,2
91812,2
91813,4
91814,0
91815,0
91816,2
91817,1
91818,4
91819,0
91820,4
91821,2
91822,0
91823,3
91824,0
91825,0
91826,1
91827,4
91828,0
91829,0
91830,0
91831,3
91832,2
91833,2
91834,0
91835,2
91836,4
91837,2
91838,2
91839,1
91840,1
91841,1
91842,0
91843,2
91844,4
91845,1
91846,4
91847,4
91848,0
91849,1
91850,2
91851,0
91852,2
91853,1
91854,3
91855,0
91856,1
91857,3
91858,0
91859,2
91860,3
91861,1
91862,0
91863,1
91864,2
91865,3
91866,1
91867,3
91868,2
91869,3
91870,1
91871,1
91872,3
91873,1
91874,1
91875,1
91876,3
91877,0
91878,1
91879,2
91880,2
91881,0
91882,1
91883,1
91884,0
91885,3
91886,3
91887,2
91888,3
91889,3
91890,1
91891,3
91892,2
91893,4
91894,4
91895,1
91896,2
91897,4
91898,1
91899,2
91900,4
91901,3
91902,2
91903,1
91904,1
91905,1
91906,0
91907,2
91908,3
91909,2
91910,0
91911,1
91912,2
91913,3
91914,2
91915,3
91916,1
91917,1
91918,4
91919,0
91920,1
91921,1
91922,1
91923,2
91924,3
91925,0
91926,4
91927,1
91928,4
91929,1
91930,4
91931,3
91932,1
91933,2
91934,1
91935,3
91936,2
91937,2
91938,3
91939,3
91940,1
91941,2
91942,2
91943,0
91944,2
91945,0
91946,2
91947,0
91948,1
91949,0
91950,1
91951,2
91952,4
91953,3
91954,0
91955,0
91956,4
91957,0
91958,0
91959,0
91960,3
91961,2
91962,0
91963,4
91964,3
91965,4
91966,2
91967,2
91968,0
91969,0
91970,2
91971,2
91972,0
91973,1
91974,4
91975,3
91976,0
91977,2
91978,0
91979,2
91980,2
91981,3
91982,2
91983,3
91984,4
91985,3
91986,3
91987,2
91988,2
91989,2
91990,3
91991,0
91992,4
91993,2
91994,4
91995,0
91996,0
91997,4
91998,1
91999,2
92000,3
92001,2
92002,4
92003,3
92004,2
92005,1
92006,2
92007,1
92008,2
92009,4
92010,0
92011,3
92012,0
92013,3
92014,3
92015,4
92016,3
92017,4
92018,1
92019,0
92020,2
92021,1
92022,0
92023,0
92024,0
92025,2
92026,3
92027,2
92028,1
92029,4
92030,4
92031,1
92032,1
92033,4
92034,2
92035,0
92036,0
92037,0
92038,2
92039,3
92040,1
92041,2
92042,3
92043,4
92044,4
92045,0
92046,3
92047,2
92048,2
92049,2
92050,3
92051,0
92052,2
92053,3
92054,1
92055,1
92056,3
92057,3
92058,1
92059,0
92060,0
92061,2
92062,4
92063,3
92064,1
92065,0
92066,0
92067,1
92068,3
92069,3
92070,3
92071,3
92072,2
92073,3
92074,4
92075,3
92076,1
92077,0
92078,0
92079,1
92080,4
92081,4
92082,3
92083,3
92084,1
92085,0
92086,0
92087,3
92088,0
92089,4
92090,3
92091,1
92092,4
92093,2
92094,1
92095,3
92096,2
92097,1
92098,3
92099,0
92100,3
92101,1
92102,1
92103,2
92104,2
92105,0
92106,4
92107,4
92108,3
92109,0
92110,1
92111,2
92112,0
92113,2
92114,1
92115,4
92116,2
92117,2
92118,4
92119,1
92120,3
92121,2
92122,2
92123,3
92124,0
92125,3
92126,3
92127,2
92128,2
92129,1
92130,3
92131,0
92132,2
92133,4
92134,1
92135,3
92136,0
92137,2
92138,2
92139,1
92140,4
92141,1
92142,0
92143,2
92144,1
92145,2
92146,0
92147,1
92148,3
92149,0
92150,1
92151,1
92152,3
92153,4
92154,1
92155,4
92156,1
92157,3
92158,2
92159,4
92160,3
92161,2
92162,2
92163,4
92164,2
92165,0
92166,3
92167,3
92168,2
92169,1
92170,1
92171,3
92172,3
92173,4
92174,2
92175,0
92176,4
92177,1
92178,4
92179,2
92180,1
92181,0
92182,0
92183,0
92184,0
92185,2
92186,2
92187,2
92188,3
92189,2
92190,0
92191,4
92192,3
92193,4
92194,1
92195,0
92196,4
92197,0
92198,0
92199,2
92200,3
92201,2
92202,2
92203,2
92204,2
92205,0
92206,1
92207,2
92208,4
92209,1
92210,4
92211,0
92212,3
92213,2
92214,3
92215,3
92216,0
92217,4
92218,2
92219,0
92220,4
92221,2
92222,0
92223,0
92224,2
92225,0
92226,0
92227,0
92228,4
92229,3
92230,2
92231,3
92232,3
92233,0
92234,0
92235,3
92236,2
92237,1
92238,1
92239,3
92240,0
92241,2
92242,4
92243,2
92244,1
92245,1
92246,0
92247,1
92248,2
92249,3
92250,3
92251,2
92252,4
92253,0
92254,0
92255,1
92256,3
92257,0
92258,0
92259,1
92260,4
92261,0
92262,0
92263,0
92264,4
92265,0
92266,1
92267,4
92268,3
92269,2
92270,1
92271,3
92272,3
92273,1
92274,1
92275,3
92276,1
92277,2
92278,4
92279,3
92280,1
92281,3
92282,1
92283,1
92284,1
92285,4
92286,1
92287,4
92288,1
92289,4
92290,2
92291,0
92292,4
92293,3
92294,0
92295,0
92296,0
92297,0
92298,1
92299,2
92300,4
92301,4
92302,2
92303,2
92304,3
92305,1
92306,3
92307,0
92308,2
92309,0
92310,2
92311,0
92312,3
92313,3
92314,0
92315,0
92316,3
92317,3
92318,1
92319,0
92320,2
92321,4
92322,4
92323,0
92324,4
92325,2
92326,0
92327,2
92328,0
92329,2
92330,3
92331,4
92332,3
92333,3
92334,0
92335,2
92336,0
92337,1
92338,2
92339,3
92340,2
92341,0
92342,0
92343,1
92344,1
92345,3
92346,3
92347,2
92348,4
92349,1
92350,0
92351,3
92352,0
92353,2
92354,1
92355,4
92356,2
92357,1
92358,3
92359,2
92360,4
92361,4
92362,4
92363,3
92364,0
92365,1
92366,0
92367,2
92368,0
92369,0
92370,1
92371,0
92372,0
92373,3
92374,0
92375,0
92376,4
92377,0
92378,2
92379,3
92380,2
92381,1
92382,0
92383,2
92384,3
92385,2
92386,3
92387,4
92388,1
92389,1
92390,1
92391,1
92392,0
92393,2
92394,3
92395,1
92396,4
92397,0
92398,0
92399,1
92400,0
92401,2
92402,2
92403,3
92404,2
92405,4
92406,4
92407,2
92408,0
92409,2
92410,0
92411,0
92412,0
92413,2
92414,4
92415,1
92416,3
92417,1
92418,4
92419,2
92420,3
92421,4
92422,1
92423,2
92424,0
92425,4
92426,4
92427,4
92428,0
92429,3
92430,4
92431,3
92432,1
92433,2
92434,3
92435,3
92436,4
92437,0
92438,3
92439,4
92440,4
92441,4
92442,4
92443,2
92444,4
92445,1
92446,0
92447,3
92448,3
92449,4
92450,3
92451,4
92452,0
92453,1
92454,2
92455,1
92456,4
92457,4
92458,3
92459,3
92460,0
92461,2
92462,4
92463,0
92464,0
92465,4
92466,4
92467,3
92468,1
92469,4
92470,2
92471,3
92472,2
92473,0
92474,2
92475,2
92476,2
92477,1
92478,2
92479,1
92480,4
92481,0
92482,2
92483,2
92484,0
92485,0
92486,3
92487,4
92488,2
92489,0
92490,2
92491,4
92492,1
92493,1
92494,2
92495,0
92496,3
92497,2
92498,3
92499,0
92500,2
92501,3
92502,0
92503,3
92504,2
92505,3
92506,3
92507,3
92508,3
92509,3
92510,1
92511,4
92512,0
92513,1
92514,3
92515,3
92516,0
92517,3
92518,0
92519,2
92520,1
92521,0
92522,1
92523,2
92524,3
92525,0
92526,2
92527,0
92528,0
92529,3
92530,3
92531,1
92532,0
92533,1
92534,1
92535,4
92536,3
92537,0
92538,1
92539,2
92540,0
92541,2
92542,2
92543,3
92544,1
92545,1
92546,3
92547,4
92548,0
92549,3
92550,0
92551,4
92552,1
92553,0
92554,0
92555,0
92556,4
92557,1
92558,2
92559,0
92560,1
92561,1
92562,0
92563,2
92564,0
92565,2
92566,3
92567,1
92568,0
92569,3
92570,0
92571,2
92572,1
92573,4
92574,0
92575,4
92576,1
92577,4
92578,0
92579,0
92580,0
92581,4
92582,1
92583,3
92584,2
92585,4
92586,2
92587,1
92588,1
92589,2
92590,4
92591,2
92592,0
92593,2
92594,1
92595,2
92596,4
92597,2
92598,0
92599,0
92600,0
92601,0
92602,1
92603,0
92604,3
92605,2
92606,4
92607,1
92608,2
92609,0
92610,1
92611,4
92612,3
92613,3
92614,3
92615,3
92616,4
92617,0
92618,4
92619,0
92620,1
92621,3
92622,1
92623,0
92624,4
92625,0
92626,2
92627,2
92628,3
92629,4
92630,1
92631,2
92632,4
92633,1
92634,2
92635,1
92636,0
92637,2
92638,2
92639,0
92640,3
92641,4
92642,4
92643,2
92644,2
92645,0
92646,2
92647,0
92648,4
92649,3
92650,3
92651,3
92652,2
92653,3
92654,1
92655,4
92656,0
92657,3
92658,3
92659,2
92660,3
92661,0
92662,1
92663,1
92664,3
92665,4
92666,2
92667,0
92668,0
92669,0
92670,3
92671,0
92672,2
92673,1
92674,0
92675,0
92676,2
92677,2
92678,4
92679,1
92680,2
92681,3
92682,3
92683,3
92684,0
92685,3
92686,2
92687,2
92688,4
92689,0
92690,1
92691,3
92692,0
92693,2
92694,3
92695,1
92696,1
92697,3
92698,2
92699,4
92700,2
92701,4
92702,2
92703,1
92704,1
92705,4
92706,4
92707,4
92708,3
92709,3
92710,3
92711,4
92712,2
92713,2
92714,1
92715,2
92716,3
92717,3
92718,2
92719,3
92720,3
92721,0
92722,4
92723,3
92724,1
92725,2
92726,1
92727,0
92728,2
92729,0
92730,2
92731,3
92732,1
92733,0
92734,3
92735,0
92736,0
92737,2
92738,1
92739,4
92740,2
92741,4
92742,4
92743,1
92744,4
92745,1
92746,0
92747,1
92748,0
92749,2
92750,0
92751,2
92752,3
92753,0
92754,2
92755,1
92756,4
92757,4
92758,4
92759,4
92760,4
92761,4
92762,2
92763,3
92764,4
92765,2
92766,4
92767,0
92768,2
92769,3
92770,2
92771,1
92772,1
92773,2
92774,1
92775,4
92776,1
92777,2
92778,1
92779,0
92780,3
92781,1
92782,0
92783,4
92784,0
92785,0
92786,2
92787,3
92788,0
92789,4
92790,1
92791,2
92792,3
92793,1
92794,2
92795,2
92796,4
92797,3
92798,4
92799,0
92800,0
92801,1
92802,1
92803,3
92804,0
92805,2
92806,1
92807,4
92808,0
92809,1
92810,4
92811,0
92812,0
92813,0
92814,0
92815,3
92816,3
92817,1
92818,2
92819,4
92820,3
92821,2
92822,0
92823,4
92824,2
92825,0
92826,2
92827,2
92828,0
92829,4
92830,0
92831,4
92832,1
92833,2
92834,0
92835,0
92836,3
92837,3
92838,1
92839,1
92840,0
92841,0
92842,0
92843,0
92844,2
92845,2
92846,2
92847,3
92848,2
92849,3
92850,3
92851,2
92852,0
92853,0
92854,2
92855,0
92856,3
92857,2
92858,0
92859,1
92860,2
92861,1
92862,3
92863,2
92864,3
92865,4
92866,1
92867,2
92868,0
92869,1
92870,0
92871,2
92872,4
92873,1
92874,2
92875,1
92876,4
92877,1
92878,3
92879,1
92880,0
92881,1
92882,2
92883,3
92884,2
92885,0
92886,1
92887,0
92888,0
92889,1
92890,3
92891,1
92892,3
92893,1
92894,3
92895,2
92896,4
92897,2
92898,1
92899,3
92900,1
92901,4
92902,0
92903,1
92904,1
92905,4
92906,0
92907,1
92908,0
92909,0
92910,2
92911,0
92912,0
92913,4
92914,1
92915,1
92916,4
92917,1
92918,4
92919,2
92920,1
92921,1
92922,0
92923,4
92924,0
92925,0
92926,1
92927,1
92928,1
92929,2
92930,3
92931,0
92932,2
92933,3
92934,0
92935,3
92936,4
92937,2
92938,3
92939,1
92940,2
92941,1
92942,0
92943,1
92944,0
92945,0
92946,0
92947,0
92948,4
92949,2
92950,2
92951,4
92952,3
92953,4
92954,3
92955,3
92956,0
92957,1
92958,1
92959,4
92960,0
92961,2
92962,1
92963,4
92964,0
92965,1
92966,1
92967,1
92968,4
92969,1
92970,2
92971,4
92972,3
92973,0
92974,1
92975,1
92976,0
92977,0
92978,4
92979,0
92980,1
92981,4
92982,1
92983,0
92984,4
92985,0
92986,0
92987,3
92988,0
92989,3
92990,4
92991,3
92992,1
92993,1
92994,0
92995,1
92996,2
92997,1
92998,3
92999,0
93000,4
93001,0
93002,0
93003,4
93004,4
93005,4
93006,4
93007,4
93008,1
93009,3
93010,1
93011,3
93012,3
93013,0
93014,4
93015,4
93016,4
93017,2
93018,4
93019,4
93020,0
93021,0
93022,3
93023,1
93024,0
93025,3
93026,3
93027,0
93028,0
93029,4
93030,3
93031,3
93032,1
93033,2
93034,2
93035,3
93036,3
93037,3
93038,1
93039,3
93040,3
93041,3
93042,3
93043,1
93044,2
93045,4
93046,3
93047,3
93048,3
93049,4
93050,3
93051,0
93052,1
93053,1
93054,3
93055,0
93056,2
93057,1
93058,2
93059,3
93060,4
93061,1
93062,2
93063,3
93064,0
93065,2
93066,4
93067,0
93068,4
93069,2
93070,0
93071,2
93072,3
93073,3
93074,4
93075,0
93076,2
93077,1
93078,3
93079,1
93080,2
93081,4
93082,1
93083,1
93084,3
93085,3
93086,3
93087,1
93088,0
93089,3
93090,1
93091,3
93092,4
93093,1
93094,2
93095,3
93096,0
93097,0
93098,2
93099,3
93100,3
93101,4
93102,1
93103,1
93104,3
93105,3
93106,0
93107,1
93108,1
93109,3
93110,4
93111,0
93112,4
93113,0
93114,0
93115,1
93116,4
93117,1
93118,4
93119,0
93120,4
93121,4
93122,1
93123,3
93124,4
93125,0
93126,2
93127,0
93128,3
93129,2
93130,2
93131,1
93132,0
93133,0
93134,0
93135,2
93136,1
93137,0
93138,0
93139,4
93140,4
93141,0
93142,3
93143,2
93144,3
93145,1
93146,4
93147,4
93148,2
93149,4
93150,3
93151,1
93152,3
93153,3
93154,3
93155,2
93156,1
93157,0
93158,2
93159,3
93160,1
93161,2
93162,4
93163,4
93164,0
93165,1
93166,4
93167,0
93168,4
93169,3
93170,1
93171,1
93172,2
93173,2
93174,3
93175,0
93176,1
93177,4
93178,3
93179,1
93180,4
93181,4
93182,1
93183,2
93184,0
93185,0
93186,2
93187,3
93188,0
93189,0
93190,1
93191,2
93192,4
93193,0
93194,2
93195,4
93196,4
93197,1
93198,1
93199,1
93200,1
93201,4
93202,2
93203,3
93204,1
93205,0
93206,0
93207,0
93208,1
93209,2
93210,2
93211,0
93212,0
93213,3
93214,0
93215,3
93216,3
93217,2
93218,4
93219,2
93220,1
93221,3
93222,0
93223,1
93224,3
93225,0
93226,1
93227,1
93228,3
93229,1
93230,3
93231,2
93232,1
93233,0
93234,4
93235,4
93236,1
93237,1
93238,2
93239,1
93240,1
93241,3
93242,0
93243,1
93244,2
93245,0
93246,4
93247,2
93248,1
93249,0
93250,2
93251,3
93252,2
93253,0
93254,0
93255,0
93256,3
93257,0
93258,3
93259,0
93260,3
93261,3
93262,1
93263,0
93264,2
93265,3
93266,0
93267,4
93268,4
93269,1
93270,3
93271,2
93272,2
93273,3
93274,1
93275,4
93276,4
93277,4
93278,0
93279,3
93280,0
93281,0
93282,2
93283,0
93284,0
93285,4
93286,2
93287,2
93288,2
93289,1
93290,1
93291,3
93292,3
93293,3
93294,1
93295,4
93296,0
93297,1
93298,3
93299,2
93300,2
93301,0
93302,1
93303,1
93304,0
93305,4
93306,3
93307,3
93308,2
93309,4
93310,4
93311,4
93312,3
93313,0
93314,2
93315,1
93316,2
93317,0
93318,3
93319,3
93320,2
93321,1
93322,1
93323,2
93324,2
93325,1
93326,1
93327,1
93328,2
93329,2
93330,1
93331,0
93332,3
93333,4
93334,0
93335,1
93336,1
93337,1
93338,1
93339,4
93340,1
93341,0
93342,4
93343,1
93344,1
93345,0
93346,4
93347,3
93348,1
93349,1
93350,4
93351,3
93352,1
93353,3
93354,2
93355,0
93356,1
93357,0
93358,0
93359,0
93360,0
93361,1
93362,0
93363,4
93364,4
93365,3
93366,2
93367,4
93368,4
93369,0
93370,3
93371,1
93372,2
93373,3
93374,0
93375,4
93376,4
93377,1
93378,3
93379,0
93380,4
93381,2
93382,3
93383,1
93384,2
93385,0
93386,1
93387,0
93388,0
93389,2
93390,2
93391,2
93392,2
93393,2
93394,0
93395,0
93396,3
93397,0
93398,4
93399,0
93400,4
93401,1
93402,2
93403,1
93404,4
93405,1
93406,2
93407,3
93408,1
93409,3
93410,2
93411,2
93412,1
93413,4
93414,1
93415,1
93416,0
93417,2
93418,4
93419,4
93420,3
93421,0
93422,2
93423,0
93424,1
93425,2
93426,3
93427,4
93428,1
93429,0
93430,2
93431,2
93432,4
93433,1
93434,1
93435,2
93436,2
93437,1
93438,3
93439,0
93440,3
93441,1
93442,4
93443,3
93444,1
93445,1
93446,0
93447,2
93448,4
93449,3
93450,1
93451,0
93452,2
93453,1
93454,1
93455,2
93456,1
93457,0
93458,4
93459,0
93460,4
93461,0
93462,1
93463,3
93464,2
93465,3
93466,0
93467,0
93468,1
93469,0
93470,0
93471,0
93472,0
93473,3
93474,2
93475,2
93476,3
93477,3
93478,3
93479,2
93480,4
93481,3
93482,2
93483,3
93484,3
93485,0
93486,3
93487,2
93488,4
93489,4
93490,0
93491,2
93492,4
93493,3
93494,3
93495,4
93496,4
93497,4
93498,2
93499,0
93500,4
93501,4
93502,2
93503,4
93504,2
93505,4
93506,3
93507,0
93508,4
93509,3
93510,0
93511,3
93512,2
93513,3
93514,1
93515,1
93516,3
93517,3
93518,4
93519,3
93520,0
93521,4
93522,0
93523,2
93524,1
93525,3
93526,4
93527,1
93528,3
93529,0
93530,3
93531,1
93532,0
93533,2
93534,2
93535,4
93536,2
93537,1
93538,1
93539,2
93540,4
93541,1
93542,2
93543,4
93544,3
93545,3
93546,0
93547,2
93548,1
93549,0
93550,0
93551,4
93552,1
93553,3
93554,3
93555,4
93556,4
93557,3
93558,4
93559,2
93560,2
93561,0
93562,4
93563,1
93564,4
93565,1
93566,3
93567,2
93568,1
93569,0
93570,2
93571,0
93572,0
93573,0
93574,4
93575,3
93576,0
93577,1
93578,3
93579,3
93580,2
93581,4
93582,3
93583,0
93584,3
93585,0
93586,1
93587,2
93588,3
93589,2
93590,2
93591,1
93592,4
93593,0
93594,2
93595,1
93596,3
93597,1
93598,3
93599,3
93600,2
93601,4
93602,1
93603,2
93604,1
93605,4
93606,2
93607,4
93608,3
93609,3
93610,2
93611,1
93612,3
93613,0
93614,3
93615,0
93616,4
93617,2
93618,2
93619,0
93620,4
93621,1
93622,3
93623,0
93624,2
93625,3
93626,1
93627,3
93628,4
93629,2
93630,2
93631,4
93632,0
93633,4
93634,3
93635,2
93636,1
93637,2
93638,4
93639,0
93640,3
93641,1
93642,2
93643,0
93644,3
93645,0
93646,1
93647,2
93648,1
93649,4
93650,1
93651,4
93652,4
93653,1
93654,2
93655,0
93656,3
93657,2
93658,4
93659,4
93660,2
93661,0
93662,1
93663,3
93664,2
93665,4
93666,2
93667,3
93668,0
93669,0
93670,0
93671,3
93672,3
93673,1
93674,4
93675,1
93676,3
93677,2
93678,3
93679,1
93680,0
93681,2
93682,1
93683,1
93684,3
93685,0
93686,3
93687,3
93688,0
93689,4
93690,4
93691,1
93692,4
93693,0
93694,2
93695,1
93696,3
93697,1
93698,4
93699,0
93700,1
93701,2
93702,1
93703,1
93704,3
93705,4
93706,1
93707,1
93708,2
93709,3
93710,1
93711,1
93712,2
93713,3
93714,0
93715,2
93716,0
93717,4
93718,1
93719,0
93720,0
93721,3
93722,1
93723,1
93724,4
93725,0
93726,3
93727,4
93728,1
93729,1
93730,2
93731,1
93732,3
93733,3
93734,4
93735,0
93736,1
93737,0
93738,2
93739,3
93740,4
93741,4
93742,0
93743,3
93744,4
93745,3
93746,1
93747,3
93748,2
93749,2
93750,3
93751,2
93752,4
93753,2
93754,0
93755,3
93756,3
93757,0
93758,1
93759,0
93760,4
93761,3
93762,1
93763,3
93764,4
93765,3
93766,1
93767,0
93768,1
93769,0
93770,1
93771,2
93772,3
93773,3
93774,3
93775,3
93776,3
93777,2
93778,4
93779,0
93780,2
93781,2
93782,2
93783,3
93784,0
93785,3
93786,4
93787,0
93788,2
93789,3
93790,1
93791,3
93792,3
93793,2
93794,0
93795,3
93796,2
93797,0
93798,1
93799,1
93800,2
93801,0
93802,4
93803,1
93804,1
93805,1
93806,1
93807,0
93808,4
93809,0
93810,0
93811,1
93812,2
93813,3
93814,0
93815,1
93816,1
93817,2
93818,0
93819,3
93820,2
93821,0
93822,0
93823,1
93824,3
93825,4
93826,1
93827,3
93828,3
93829,0
93830,2
93831,0
93832,2
93833,1
93834,0
93835,0
93836,3
93837,1
93838,2
93839,2
93840,1
93841,2
93842,1
93843,3
93844,4
93845,4
93846,3
93847,0
93848,1
93849,3
93850,1
93851,4
93852,1
93853,4
93854,3
93855,2
93856,2
93857,0
93858,0
93859,3
93860,1
93861,4
93862,0
93863,0
93864,2
93865,2
93866,0
93867,1
93868,0
93869,0
93870,2
93871,4
93872,1
93873,3
93874,2
93875,3
93876,1
93877,0
93878,3
93879,0
93880,2
93881,3
93882,1
93883,2
93884,1
93885,0
93886,0
93887,4
93888,3
93889,0
93890,3
93891,2
93892,2
93893,0
93894,1
93895,1
93896,1
93897,3
93898,4
93899,3
93900,3
93901,1
93902,1
93903,0
93904,3
93905,4
93906,0
93907,0
93908,3
93909,2
93910,4
93911,3
93912,3
93913,3
93914,0
93915,2
93916,0
93917,0
93918,0
93919,2
93920,2
93921,2
93922,2
93923,2
93924,1
93925,0
93926,3
93927,0
93928,1
93929,0
93930,0
93931,4
93932,1
93933,3
93934,1
93935,3
93936,2
93937,3
93938,4
93939,0
93940,0
93941,2
93942,4
93943,0
93944,2
93945,4
93946,2
93947,3
93948,2
93949,2
93950,1
93951,2
93952,4
93953,0
93954,1
93955,4
93956,3
93957,0
93958,0
93959,2
93960,2
93961,2
93962,3
93963,0
93964,4
93965,2
93966,2
93967,4
93968,2
93969,0
93970,4
93971,3
93972,4
93973,4
93974,3
93975,0
93976,0
93977,0
93978,1
93979,1
93980,4
93981,3
93982,3
93983,0
93984,2
93985,3
93986,0
93987,4
93988,3
93989,4
93990,1
93991,1
93992,2
93993,1
93994,2
93995,1
93996,0
93997,0
93998,2
93999,3
94000,4
94001,0
94002,1
94003,2
94004,1
94005,3
94006,2
94007,1
94008,1
94009,0
94010,0
94011,2
94012,2
94013,1
94014,3
94015,2
94016,3
94017,1
94018,1
94019,3
94020,0
94021,2
94022,4
94023,3
94024,2
94025,2
94026,3
94027,2
94028,0
94029,4
94030,4
94031,2
94032,0
94033,4
94034,0
94035,1
94036,2
94037,1
94038,0
94039,3
94040,2
94041,1
94042,4
94043,2
94044,1
94045,2
94046,0
94047,2
94048,1
94049,2
94050,3
94051,1
94052,3
94053,4
94054,4
94055,2
94056,3
94057,0
94058,3
94059,3
94060,2
94061,2
94062,4
94063,4
94064,1
94065,0
94066,1
94067,2
94068,1
94069,0
94070,2
94071,0
94072,1
94073,0
94074,0
94075,3
94076,4
94077,2
94078,3
94079,3
94080,4
94081,3
94082,0
94083,2
94084,0
94085,1
94086,0
94087,2
94088,0
94089,2
94090,1
94091,4
94092,2
94093,4
94094,4
94095,0
94096,0
94097,0
94098,2
94099,3
94100,1
94101,1
94102,3
94103,4
94104,3
94105,1
94106,0
94107,4
94108,4
94109,0
94110,3
94111,3
94112,2
94113,3
94114,4
94115,1
94116,2
94117,4
94118,1
94119,1
94120,3
94121,1
94122,0
94123,2
94124,4
94125,2
94126,1
94127,3
94128,0
94129,0
94130,2
94131,2
94132,4
94133,0
94134,2
94135,3
94136,4
94137,2
94138,0
94139,4
94140,4
94141,3
94142,1
94143,3
94144,2
94145,2
94146,3
94147,2
94148,2
94149,4
94150,2
94151,0
94152,1
94153,4
94154,4
94155,0
94156,1
94157,3
94158,0
94159,1
94160,4
94161,1
94162,4
94163,4
94164,2
94165,4
94166,3
94167,1
94168,4
94169,4
94170,1
94171,3
94172,2
94173,1
94174,0
94175,0
94176,4
94177,0
94178,1
94179,2
94180,4
94181,1
94182,3
94183,0
94184,4
94185,0
94186,4
94187,4
94188,1
94189,0
94190,0
94191,0
94192,1
94193,2
94194,2
94195,4
94196,4
94197,0
94198,0
94199,4
94200,1
94201,0
94202,3
94203,2
94204,4
94205,2
94206,0
94207,1
94208,1
94209,4
94210,3
94211,3
94212,2
94213,2
94214,1
94215,2
94216,0
94217,0
94218,2
94219,3
94220,0
94221,4
94222,1
94223,0
94224,2
94225,0
94226,2
94227,4
94228,1
94229,2
94230,4
94231,3
94232,1
94233,4
94234,0
94235,3
94236,2
94237,2
94238,2
94239,0
94240,1
94241,1
94242,0
94243,1
94244,3
94245,2
94246,0
94247,0
94248,2
94249,1
94250,0
94251,3
94252,4
94253,3
94254,0
94255,2
94256,2
94257,3
94258,0
94259,0
94260,3
94261,2
94262,3
94263,2
94264,4
94265,0
94266,4
94267,2
94268,3
94269,1
94270,1
94271,3
94272,0
94273,0
94274,4
94275,2
94276,4
94277,2
94278,1
94279,0
94280,1
94281,4
94282,4
94283,1
94284,1
94285,0
94286,4
94287,0
94288,2
94289,1
94290,2
94291,3
94292,3
94293,1
94294,2
94295,1
94296,2
94297,4
94298,0
94299,1
94300,3
94301,0
94302,4
94303,0
94304,3
94305,0
94306,0
94307,1
94308,2
94309,4
94310,0
94311,1
94312,3
94313,0
94314,3
94315,2
94316,0
94317,1
94318,2
94319,3
94320,1
94321,4
94322,2
94323,4
94324,1
94325,3
94326,1
94327,3
94328,1
94329,1
94330,4
94331,3
94332,1
94333,1
94334,0
94335,0
94336,4
94337,3
94338,3
94339,3
94340,4
94341,1
94342,2
94343,0
94344,2
94345,3
94346,2
94347,1
94348,1
94349,1
94350,1
94351,4
94352,3
94353,2
94354,2
94355,4
94356,4
94357,2
94358,2
94359,1
94360,3
94361,2
94362,1
94363,2
94364,0
94365,0
94366,4
94367,1
94368,1
94369,0
94370,1
94371,3
94372,4
94373,2
94374,2
94375,2
94376,1
94377,2
94378,3
94379,1
94380,0
94381,1
94382,3
94383,1
94384,1
94385,4
94386,3
94387,0
94388,3
94389,2
94390,0
94391,2
94392,3
94393,2
94394,0
94395,3
94396,1
94397,2
94398,3
94399,0
94400,1
94401,1
94402,2
94403,2
94404,3
94405,4
94406,0
94407,2
94408,2
94409,0
94410,2
94411,0
94412,1
94413,3
94414,2
94415,0
94416,3
94417,2
94418,1
94419,4
94420,4
94421,3
94422,1
94423,2
94424,1
94425,3
94426,1
94427,2
94428,4
94429,1
94430,0
94431,0
94432,0
94433,0
94434,4
94435,2
94436,3
94437,1
94438,1
94439,0
94440,4
94441,2
94442,4
94443,1
94444,1
94445,4
94446,3
94447,0
94448,4
94449,4
94450,4
94451,2
94452,1
94453,0
94454,4
94455,0
94456,0
94457,0
94458,0
94459,0
94460,3
94461,1
94462,1
94463,1
94464,0
94465,4
94466,0
94467,3
94468,2
94469,4
94470,4
94471,1
94472,1
94473,4
94474,0
94475,1
94476,1
94477,2
94478,2
94479,2
94480,2
94481,0
94482,4
94483,2
94484,3
94485,4
94486,0
94487,1
94488,0
94489,0
94490,1
94491,3
94492,3
94493,1
94494,3
94495,3
94496,4
94497,1
94498,4
94499,3
94500,0
94501,1
94502,0
94503,4
94504,3
94505,2
94506,1
94507,0
94508,3
94509,3
94510,0
94511,1
94512,0
94513,0
94514,4
94515,0
94516,4
94517,3
94518,0
94519,3
94520,1
94521,1
94522,4
94523,1
94524,0
94525,4
94526,4
94527,4
94528,0
94529,3
94530,2
94531,3
94532,2
94533,0
94534,2
94535,0
94536,3
94537,1
94538,3
94539,2
94540,2
94541,2
94542,1
94543,1
94544,3
94545,0
94546,0
94547,4
94548,0
94549,0
94550,2
94551,4
94552,2
94553,3
94554,0
94555,2
94556,0
94557,3
94558,3
94559,1
94560,1
94561,0
94562,2
94563,3
94564,2
94565,4
94566,1
94567,1
94568,3
94569,2
94570,0
94571,1
94572,3
94573,2
94574,2
94575,2
94576,2
94577,3
94578,2
94579,4
94580,2
94581,2
94582,1
94583,4
94584,3
94585,0
94586,2
94587,1
94588,4
94589,0
94590,4
94591,0
94592,4
94593,0
94594,1
94595,3
94596,1
94597,0
94598,0
94599,1
94600,2
94601,2
94602,2
94603,0
94604,1
94605,0
94606,1
94607,2
94608,1
94609,4
94610,3
94611,2
94612,2
94613,3
94614,3
94615,1
94616,4
94617,1
94618,2
94619,3
94620,1
94621,0
94622,2
94623,3
94624,1
94625,0
94626,2
94627,2
94628,4
94629,3
94630,0
94631,4
94632,2
94633,0
94634,2
94635,2
94636,2
94637,2
94638,2
94639,3
94640,1
94641,1
94642,2
94643,3
94644,2
94645,3
94646,1
94647,0
94648,4
94649,0
94650,2
94651,4
94652,4
94653,1
94654,3
94655,2
94656,2
94657,0
94658,1
94659,2
94660,2
94661,0
94662,0
94663,1
94664,0
94665,3
94666,2
94667,2
94668,2
94669,3
94670,0
94671,1
94672,2
94673,2
94674,3
94675,1
94676,3
94677,1
94678,0
94679,2
94680,3
94681,4
94682,4
94683,1
94684,2
94685,0
94686,0
94687,1
94688,3
94689,3
94690,1
94691,4
94692,3
94693,4
94694,3
94695,1
94696,3
94697,1
94698,3
94699,3
94700,1
94701,0
94702,3
94703,3
94704,2
94705,4
94706,1
94707,0
94708,2
94709,3
94710,3
94711,3
94712,2
94713,1
94714,4
94715,2
94716,0
94717,3
94718,4
94719,2
94720,2
94721,1
94722,4
94723,3
94724,0
94725,1
94726,3
94727,1
94728,0
94729,3
94730,3
94731,3
94732,2
94733,0
94734,0
94735,1
94736,1
94737,1
94738,3
94739,0
94740,1
94741,1
94742,3
94743,2
94744,1
94745,4
94746,1
94747,2
94748,0
94749,3
94750,2
94751,0
94752,0
94753,0
94754,2
94755,0
94756,2
94757,0
94758,3
94759,1
94760,2
94761,1
94762,0
94763,0
94764,0
94765,2
94766,4
94767,2
94768,4
94769,1
94770,4
94771,1
94772,3
94773,3
94774,0
94775,3
94776,0
94777,0
94778,4
94779,1
94780,1
94781,0
94782,0
94783,1
94784,3
94785,0
94786,0
94787,1
94788,1
94789,3
94790,2
94791,1
94792,0
94793,4
94794,2
94795,0
94796,0
94797,4
94798,3
94799,2
94800,3
94801,2
94802,4
94803,1
94804,0
94805,4
94806,0
94807,4
94808,3
94809,3
94810,3
94811,2
94812,2
94813,2
94814,2
94815,3
94816,4
94817,2
94818,2
94819,2
94820,1
94821,2
94822,0
94823,1
94824,0
94825,3
94826,1
94827,1
94828,0
94829,0
94830,1
94831,4
94832,4
94833,3
94834,3
94835,0
94836,3
94837,1
94838,3
94839,4
94840,1
94841,2
94842,1
94843,2
94844,3
94845,3
94846,3
94847,3
94848,1
94849,3
94850,1
94851,1
94852,2
94853,1
94854,0
94855,3
94856,4
94857,1
94858,0
94859,2
94860,1
94861,2
94862,4
94863,4
94864,3
94865,4
94866,1
94867,2
94868,1
94869,2
94870,0
94871,2
94872,3
94873,2
94874,2
94875,2
94876,3
94877,0
94878,3
94879,4
94880,1
94881,2
94882,0
94883,3
94884,3
94885,0
94886,1
94887,3
94888,4
94889,0
94890,2
94891,2
94892,1
94893,0
94894,0
94895,3
94896,3
94897,0
94898,2
94899,4
94900,0
94901,2
94902,1
94903,0
94904,2
94905,1
94906,0
94907,0
94908,3
94909,4
94910,2
94911,4
94912,3
94913,0
94914,1
94915,3
94916,1
94917,2
94918,4
94919,2
94920,3
94921,3
94922,2
94923,3
94924,2
94925,0
94926,3
94927,2
94928,4
94929,1
94930,1
94931,3
94932,1
94933,0
94934,0
94935,3
94936,0
94937,2
94938,3
94939,4
94940,4
94941,1
94942,0
94943,1
94944,3
94945,1
94946,2
94947,0
94948,1
94949,1
94950,0
94951,2
94952,2
94953,1
94954,4
94955,1
94956,2
94957,1
94958,2
94959,1
94960,0
94961,1
94962,0
94963,3
94964,0
94965,3
94966,2
94967,0
94968,3
94969,1
94970,2
94971,1
94972,3
94973,0
94974,2
94975,0
94976,2
94977,4
94978,3
94979,2
94980,4
94981,4
94982,1
94983,0
94984,2
94985,3
94986,3
94987,3
94988,4
94989,1
94990,1
94991,3
94992,3
94993,1
94994,1
94995,1
94996,0
94997,1
94998,2
94999,2
95000,2
95001,1
95002,3
95003,3
95004,0
95005,2
95006,1
95007,2
95008,2
95009,0
95010,0
95011,3
95012,2
95013,1
95014,3
95015,3
95016,0
95017,3
95018,1
95019,4
95020,3
95021,2
95022,3
95023,4
95024,2
95025,2
95026,1
95027,1
95028,2
95029,4
95030,2
95031,0
95032,3
95033,0
95034,0
95035,1
95036,1
95037,0
95038,1
95039,2
95040,4
95041,2
95042,0
95043,2
95044,3
95045,2
95046,0
95047,1
95048,2
95049,0
95050,2
95051,2
95052,2
95053,4
95054,2
95055,4
95056,0
95057,2
95058,3
95059,3
95060,2
95061,2
95062,0
95063,3
95064,3
95065,1
95066,1
95067,4
95068,1
95069,0
95070,2
95071,1
95072,2
95073,3
95074,2
95075,3
95076,1
95077,2
95078,3
95079,3
95080,3
95081,3
95082,4
95083,2
95084,3
95085,3
95086,0
95087,0
95088,4
95089,1
95090,2
95091,0
95092,0
95093,4
95094,0
95095,3
95096,2
95097,4
95098,0
95099,2
95100,3
95101,1
95102,3
95103,3
95104,1
95105,3
95106,0
95107,0
95108,0
95109,1
95110,0
95111,3
95112,3
95113,1
95114,2
95115,1
95116,3
95117,0
95118,0
95119,4
95120,1
95121,3
95122,2
95123,2
95124,2
95125,0
95126,2
95127,3
95128,1
95129,0
95130,0
95131,2
95132,3
95133,2
95134,4
95135,0
95136,4
95137,1
95138,3
95139,4
95140,2
95141,0
95142,2
95143,2
95144,0
95145,0
95146,2
95147,2
95148,3
95149,3
95150,0
95151,1
95152,4
95153,1
95154,0
95155,2
95156,1
95157,1
95158,3
95159,3
95160,3
95161,0
95162,3
95163,2
95164,1
95165,4
95166,0
95167,3
95168,3
95169,3
95170,1
95171,2
95172,2
95173,1
95174,1
95175,1
95176,3
95177,0
95178,1
95179,0
95180,1
95181,0
95182,0
95183,4
95184,2
95185,0
95186,4
95187,1
95188,3
95189,3
95190,0
95191,0
95192,2
95193,2
95194,0
95195,2
95196,3
95197,1
95198,3
95199,4
95200,2
95201,1
95202,0
95203,1
95204,3
95205,4
95206,3
95207,0
95208,0
95209,0
95210,2
95211,4
95212,2
95213,3
95214,2
95215,2
95216,3
95217,3
95218,4
95219,2
95220,3
95221,4
95222,0
95223,0
95224,4
95225,0
95226,0
95227,0
95228,2
95229,2
95230,4
95231,2
95232,1
95233,0
95234,1
95235,1
95236,1
95237,4
95238,3
95239,0
95240,3
95241,1
95242,2
95243,2
95244,2
95245,2
95246,0
95247,4
95248,3
95249,1
95250,4
95251,4
95252,1
95253,1
95254,1
95255,1
95256,3
95257,1
95258,2
95259,0
95260,1
95261,1
95262,0
95263,3
95264,3
95265,4
95266,4
95267,1
95268,0
95269,3
95270,1
95271,1
95272,4
95273,0
95274,0
95275,3
95276,2
95277,3
95278,3
95279,3
95280,2
95281,3
95282,1
95283,3
95284,1
95285,4
95286,3
95287,3
95288,4
95289,2
95290,1
95291,1
95292,0
95293,1
95294,1
95295,2
95296,2
95297,3
95298,4
95299,2
95300,0
95301,3
95302,1
95303,0
95304,4
95305,4
95306,1
95307,1
95308,2
95309,0
95310,3
95311,0
95312,0
95313,3
95314,4
95315,4
95316,1
95317,4
95318,3
95319,4
95320,0
95321,4
95322,0
95323,2
95324,3
95325,1
95326,2
95327,3
95328,1
95329,2
95330,2
95331,0
95332,0
95333,0
95334,0
95335,2
95336,0
95337,4
95338,0
95339,1
95340,2
95341,0
95342,4
95343,2
95344,0
95345,1
95346,2
95347,0
95348,4
95349,4
95350,3
95351,0
95352,0
95353,2
95354,4
95355,1
95356,3
95357,3
95358,4
95359,1
95360,4
95361,0
95362,4
95363,3
95364,4
95365,2
95366,1
95367,4
95368,1
95369,2
95370,3
95371,2
95372,1
95373,0
95374,3
95375,0
95376,0
95377,1
95378,4
95379,3
95380,4
95381,2
95382,1
95383,1
95384,4
95385,4
95386,2
95387,1
95388,3
95389,0
95390,1
95391,2
95392,4
95393,1
95394,2
95395,4
95396,1
95397,0
95398,2
95399,3
95400,1
95401,4
95402,1
95403,2
95404,0
95405,3
95406,0
95407,0
95408,1
95409,3
95410,2
95411,1
95412,3
95413,3
95414,1
95415,3
95416,3
95417,3
95418,4
95419,4
95420,2
95421,0
95422,0
95423,1
95424,0
95425,4
95426,4
95427,4
95428,4
95429,2
95430,1
95431,2
95432,3
95433,1
95434,1
95435,2
95436,1
95437,4
95438,2
95439,0
95440,1
95441,0
95442,2
95443,3
95444,2
95445,0
95446,1
95447,1
95448,2
95449,2
95450,2
95451,1
95452,3
95453,0
95454,3
95455,3
95456,3
95457,1
95458,2
95459,4
95460,2
95461,3
95462,1
95463,0
95464,4
95465,1
95466,2
95467,0
95468,2
95469,4
95470,0
95471,4
95472,0
95473,3
95474,4
95475,3
95476,0
95477,4
95478,2
95479,3
95480,2
95481,1
95482,1
95483,0
95484,4
95485,1
95486,0
95487,0
95488,1
95489,2
95490,1
95491,1
95492,2
95493,2
95494,2
95495,3
95496,4
95497,3
95498,1
95499,4
95500,0
95501,0
95502,2
95503,1
95504,0
95505,2
95506,3
95507,3
95508,3
95509,2
95510,2
95511,1
95512,1
95513,3
95514,1
95515,1
95516,0
95517,1
95518,2
95519,2
95520,0
95521,2
95522,1
95523,2
95524,2
95525,4
95526,2
95527,4
95528,0
95529,2
95530,0
95531,3
95532,2
95533,2
95534,1
95535,4
95536,4
95537,1
95538,1
95539,0
95540,3
95541,0
95542,3
95543,0
95544,0
95545,4
95546,4
95547,4
95548,2
95549,3
95550,2
95551,0
95552,2
95553,1
95554,3
95555,0
95556,1
95557,0
95558,2
95559,1
95560,3
95561,1
95562,3
95563,3
95564,1
95565,0
95566,2
95567,0
95568,1
95569,4
95570,4
95571,0
95572,4
95573,3
95574,4
95575,2
95576,0
95577,2
95578,0
95579,4
95580,3
95581,1
95582,1
95583,3
95584,3
95585,2
95586,1
95587,0
95588,2
95589,4
95590,0
95591,3
95592,4
95593,0
95594,0
95595,2
95596,0
95597,0
95598,0
95599,2
95600,3
95601,2
95602,0
95603,0
95604,3
95605,3
95606,2
95607,3
95608,0
95609,3
95610,3
95611,4
95612,4
95613,3
95614,4
95615,0
95616,4
95617,0
95618,0
95619,2
95620,0
95621,4
95622,1
95623,2
95624,4
95625,2
95626,2
95627,3
95628,0
95629,1
95630,0
95631,3
95632,0
95633,0
95634,1
95635,3
95636,2
95637,0
95638,2
95639,1
95640,0
95641,1
95642,1
95643,0
95644,2
95645,3
95646,3
95647,1
95648,3
95649,3
95650,2
95651,1
95652,3
95653,4
95654,1
95655,3
95656,1
95657,4
95658,0
95659,3
95660,1
95661,3
95662,3
95663,1
95664,4
95665,0
95666,2
95667,0
95668,3
95669,4
95670,4
95671,2
95672,0
95673,4
95674,1
95675,0
95676,3
95677,3
95678,0
95679,4
95680,0
95681,4
95682,0
95683,3
95684,3
95685,3
95686,4
95687,3
95688,0
95689,4
95690,0
95691,2
95692,3
95693,2
95694,3
95695,3
95696,0
95697,4
95698,3
95699,0
95700,2
95701,2
95702,1
95703,0
95704,1
95705,0
95706,2
95707,0
95708,0
95709,3
95710,0
95711,0
95712,0
95713,0
95714,4
95715,0
95716,0
95717,3
95718,0
95719,3
95720,0
95721,3
95722,2
95723,3
95724,4
95725,1
95726,2
95727,3
95728,2
95729,3
95730,0
95731,0
95732,0
95733,2
95734,1
95735,2
95736,0
95737,2
95738,1
95739,3
95740,0
95741,4
95742,1
95743,0
95744,2
95745,1
95746,3
95747,0
95748,1
95749,2
95750,2
95751,2
95752,0
95753,0
95754,3
95755,4
95756,3
95757,3
95758,2
95759,0
95760,2
95761,0
95762,4
95763,1
95764,1
95765,3
95766,3
95767,4
95768,2
95769,2
95770,4
95771,3
95772,3
95773,1
95774,2
95775,1
95776,1
95777,0
95778,4
95779,4
95780,1
95781,0
95782,2
95783,1
95784,2
95785,3
95786,3
95787,2
95788,2
95789,4
95790,2
95791,1
95792,0
95793,0
95794,1
95795,0
95796,4
95797,0
95798,1
95799,2
95800,3
95801,4
95802,0
95803,4
95804,1
95805,1
95806,4
95807,4
95808,4
95809,4
95810,1
95811,0
95812,1
95813,2
95814,4
95815,2
95816,4
95817,4
95818,4
95819,3
95820,3
95821,3
95822,2
95823,2
95824,3
95825,2
95826,3
95827,2
95828,3
95829,1
95830,0
95831,1
95832,2
95833,4
95834,2
95835,2
95836,0
95837,0
95838,2
95839,0
95840,0
95841,1
95842,2
95843,0
95844,0
95845,1
95846,4
95847,4
95848,4
95849,4
95850,3
95851,3
95852,1
95853,3
95854,1
95855,2
95856,2
95857,4
95858,0
95859,3
95860,2
95861,1
95862,0
95863,0
95864,3
95865,4
95866,3
95867,3
95868,4
95869,4
95870,4
95871,0
95872,2
95873,3
95874,0
95875,1
95876,3
95877,3
95878,1
95879,4
95880,1
95881,0
95882,3
95883,4
95884,0
95885,1
95886,1
95887,2
95888,0
95889,0
95890,3
95891,1
95892,0
95893,2
95894,4
95895,2
95896,3
95897,0
95898,1
95899,2
95900,1
95901,3
95902,0
95903,3
95904,1
95905,1
95906,1
95907,3
95908,2
95909,4
95910,1
95911,0
95912,3
95913,0
95914,0
95915,1
95916,4
95917,2
95918,1
95919,3
95920,3
95921,3
95922,1
95923,1
95924,2
95925,2
95926,0
95927,3
95928,2
95929,1
95930,1
95931,3
95932,1
95933,3
95934,0
95935,2
95936,0
95937,3
95938,2
95939,2
95940,0
95941,3
95942,3
95943,1
95944,2
95945,2
95946,0
95947,1
95948,2
95949,2
95950,2
95951,4
95952,0
95953,0
95954,3
95955,0
95956,1
95957,0
95958,3
95959,2
95960,2
95961,4
95962,3
95963,1
95964,1
95965,0
95966,3
95967,4
95968,3
95969,4
95970,3
95971,1
95972,0
95973,1
95974,3
95975,3
95976,2
95977,1
95978,3
95979,2
95980,3
95981,1
95982,3
95983,4
95984,1
95985,3
95986,2
95987,0
95988,2
95989,4
95990,1
95991,3
95992,1
95993,3
95994,0
95995,0
95996,1
95997,0
95998,4
95999,0
96000,4
96001,3
96002,3
96003,1
96004,4
96005,1
96006,4
96007,3
96008,2
96009,1
96010,3
96011,1
96012,1
96013,3
96014,1
96015,4
96016,0
96017,0
96018,4
96019,0
96020,4
96021,3
96022,3
96023,3
96024,3
96025,2
96026,3
96027,1
96028,1
96029,4
96030,3
96031,1
96032,0
96033,3
96034,3
96035,1
96036,0
96037,1
96038,3
96039,1
96040,2
96041,2
96042,1
96043,2
96044,4
96045,3
96046,0
96047,3
96048,0
96049,4
96050,4
96051,1
96052,0
96053,3
96054,4
96055,2
96056,2
96057,4
96058,3
96059,0
96060,0
96061,1
96062,2
96063,0
96064,2
96065,4
96066,3
96067,2
96068,0
96069,2
96070,2
96071,3
96072,0
96073,4
96074,2
96075,0
96076,4
96077,4
96078,0
96079,4
96080,3
96081,2
96082,0
96083,3
96084,1
96085,0
96086,2
96087,4
96088,3
96089,2
96090,2
96091,2
96092,4
96093,1
96094,4
96095,3
96096,2
96097,1
96098,4
96099,1
96100,1
96101,3
96102,4
96103,1
96104,1
96105,3
96106,4
96107,3
96108,3
96109,4
96110,3
96111,1
96112,0
96113,3
96114,2
96115,2
96116,3
96117,3
96118,4
96119,4
96120,3
96121,2
96122,2
96123,0
96124,1
96125,0
96126,1
96127,0
96128,2
96129,0
96130,3
96131,0
96132,3
96133,3
96134,3
96135,4
96136,0
96137,0
96138,0
96139,4
96140,0
96141,3
96142,3
96143,0
96144,4
96145,2
96146,3
96147,4
96148,4
96149,1
96150,0
96151,3
96152,3
96153,0
96154,3
96155,2
96156,0
96157,4
96158,3
96159,1
96160,4
96161,0
96162,2
96163,3
96164,0
96165,0
96166,4
96167,0
96168,0
96169,0
96170,2
96171,2
96172,3
96173,3
96174,0
96175,2
96176,4
96177,4
96178,2
96179,2
96180,0
96181,1
96182,1
96183,2
96184,2
96185,0
96186,3
96187,0
96188,2
96189,2
96190,3
96191,1
96192,2
96193,0
96194,2
96195,0
96196,4
96197,1
96198,3
96199,0
96200,1
96201,1
96202,3
96203,2
96204,2
96205,1
96206,1
96207,4
96208,1
96209,4
96210,0
96211,0
96212,1
96213,4
96214,3
96215,4
96216,0
96217,1
96218,3
96219,4
96220,4
96221,2
96222,3
96223,1
96224,3
96225,4
96226,0
96227,1
96228,2
96229,1
96230,2
96231,1
96232,4
96233,2
96234,0
96235,2
96236,2
96237,0
96238,2
96239,0
96240,4
96241,4
96242,3
96243,1
96244,3
96245,4
96246,4
96247,1
96248,0
96249,2
96250,2
96251,1
96252,1
96253,0
96254,2
96255,0
96256,0
96257,1
96258,1
96259,2
96260,1
96261,3
96262,0
96263,4
96264,3
96265,2
96266,0
96267,3
96268,1
96269,2
96270,2
96271,1
96272,4
96273,2
96274,4
96275,2
96276,2
96277,1
96278,2
96279,3
96280,2
96281,4
96282,0
96283,0
96284,4
96285,3
96286,1
96287,2
96288,2
96289,4
96290,2
96291,4
96292,1
96293,1
96294,3
96295,3
96296,0
96297,4
96298,0
96299,3
96300,3
96301,2
96302,1
96303,0
96304,0
96305,2
96306,0
96307,2
96308,1
96309,2
96310,2
96311,3
96312,3
96313,1
96314,1
96315,0
96316,4
96317,3
96318,3
96319,0
96320,2
96321,1
96322,4
96323,4
96324,1
96325,2
96326,3
96327,0
96328,3
96329,4
96330,1
96331,2
96332,1
96333,1
96334,2
96335,0
96336,3
96337,1
96338,2
96339,1
96340,1
96341,4
96342,0
96343,1
96344,1
96345,4
96346,2
96347,2
96348,2
96349,2
96350,0
96351,2
96352,2
96353,2
96354,3
96355,4
96356,0
96357,2
96358,3
96359,1
96360,2
96361,3
96362,2
96363,2
96364,1
96365,4
96366,1
96367,1
96368,4
96369,3
96370,4
96371,2
96372,0
96373,4
96374,1
96375,2
96376,0
96377,2
96378,2
96379,2
96380,1
96381,1
96382,3
96383,2
96384,2
96385,4
96386,3
96387,1
96388,1
96389,0
96390,3
96391,3
96392,4
96393,4
96394,4
96395,1
96396,0
96397,1
96398,2
96399,2
96400,1
96401,0
96402,0
96403,1
96404,3
96405,0
96406,0
96407,2
96408,0
96409,3
96410,3
96411,0
96412,1
96413,3
96414,3
96415,3
96416,2
96417,0
96418,1
96419,2
96420,1
96421,2
96422,2
96423,4
96424,0
96425,4
96426,0
96427,0
96428,4
96429,1
96430,0
96431,4
96432,3
96433,0
96434,1
96435,2
96436,4
96437,1
96438,4
96439,1
96440,2
96441,2
96442,4
96443,4
96444,0
96445,2
96446,0
96447,0
96448,0
96449,3
96450,4
96451,1
96452,3
96453,3
96454,1
96455,2
96456,2
96457,0
96458,0
96459,1
96460,0
96461,4
96462,0
96463,2
96464,2
96465,2
96466,3
96467,0
96468,2
96469,2
96470,1
96471,3
96472,0
96473,1
96474,1
96475,2
96476,0
96477,2
96478,0
96479,0
96480,1
96481,3
96482,4
96483,1
96484,4
96485,2
96486,2
96487,2
96488,1
96489,4
96490,0
96491,1
96492,1
96493,3
96494,2
96495,0
96496,0
96497,4
96498,0
96499,2
96500,4
96501,1
96502,3
96503,1
96504,0
96505,0
96506,0
96507,0
96508,2
96509,3
96510,0
96511,4
96512,3
96513,1
96514,0
96515,4
96516,3
96517,1
96518,2
96519,3
96520,1
96521,3
96522,1
96523,1
96524,3
96525,1
96526,2
96527,4
96528,0
96529,0
96530,4
96531,2
96532,2
96533,3
96534,3
96535,0
96536,3
96537,2
96538,4
96539,3
96540,3
96541,2
96542,1
96543,0
96544,0
96545,1
96546,1
96547,3
96548,3
96549,3
96550,0
96551,3
96552,0
96553,2
96554,0
96555,3
96556,4
96557,0
96558,2
96559,4
96560,3
96561,4
96562,1
96563,2
96564,1
96565,0
96566,1
96567,2
96568,3
96569,3
96570,4
96571,3
96572,4
96573,3
96574,3
96575,1
96576,4
96577,0
96578,1
96579,4
96580,1
96581,0
96582,4
96583,2
96584,0
96585,3
96586,0
96587,0
96588,4
96589,4
96590,3
96591,4
96592,4
96593,1
96594,1
96595,1
96596,0
96597,0
96598,2
96599,0
96600,0
96601,4
96602,2
96603,0
96604,1
96605,0
96606,0
96607,1
96608,1
96609,0
96610,1
96611,4
96612,0
96613,0
96614,1
96615,1
96616,4
96617,1
96618,4
96619,3
96620,4
96621,2
96622,3
96623,2
96624,0
96625,0
96626,0
96627,3
96628,1
96629,1
96630,3
96631,2
96632,3
96633,0
96634,2
96635,3
96636,2
96637,3
96638,3
96639,2
96640,3
96641,3
96642,0
96643,0
96644,0
96645,3
96646,4
96647,0
96648,2
96649,3
96650,4
96651,2
96652,4
96653,0
96654,2
96655,0
96656,0
96657,0
96658,0
96659,1
96660,2
96661,2
96662,2
96663,2
96664,1
96665,1
96666,1
96667,1
96668,4
96669,2
96670,3
96671,1
96672,3
96673,1
96674,2
96675,3
96676,0
96677,2
96678,1
96679,2
96680,2
96681,0
96682,2
96683,2
96684,4
96685,3
96686,0
96687,2
96688,3
96689,1
96690,2
96691,1
96692,1
96693,4
96694,2
96695,2
96696,2
96697,4
96698,3
96699,2
96700,0
96701,4
96702,1
96703,0
96704,3
96705,3
96706,3
96707,3
96708,2
96709,2
96710,0
96711,4
96712,3
96713,1
96714,3
96715,0
96716,0
96717,0
96718,0
96719,0
96720,3
96721,1
96722,2
96723,2
96724,0
96725,1
96726,1
96727,3
96728,3
96729,4
96730,1
96731,2
96732,4
96733,4
96734,3
96735,3
96736,2
96737,3
96738,3
96739,2
96740,0
96741,3
96742,1
96743,2
96744,3
96745,2
96746,2
96747,3
96748,1
96749,0
96750,2
96751,3
96752,3
96753,0
96754,1
96755,2
96756,1
96757,1
96758,0
96759,1
96760,3
96761,0
96762,1
96763,2
96764,3
96765,0
96766,4
96767,2
96768,2
96769,4
96770,2
96771,1
96772,1
96773,4
96774,1
96775,2
96776,4
96777,3
96778,3
96779,0
96780,4
96781,4
96782,0
96783,2
96784,1
96785,4
96786,1
96787,1
96788,4
96789,0
96790,0
96791,2
96792,1
96793,4
96794,2
96795,2
96796,3
96797,0
96798,2
96799,4
96800,1
96801,4
96802,4
96803,0
96804,4
96805,4
96806,0
96807,1
96808,0
96809,1
96810,2
96811,3
96812,0
96813,0
96814,0
96815,3
96816,3
96817,0
96818,2
96819,1
96820,0
96821,4
96822,3
96823,2
96824,1
96825,4
96826,1
96827,4
96828,2
96829,4
96830,2
96831,4
96832,3
96833,2
96834,2
96835,2
96836,4
96837,4
96838,1
96839,1
96840,3
96841,3
96842,4
96843,4
96844,2
96845,0
96846,0
96847,1
96848,0
96849,0
96850,2
96851,3
96852,2
96853,1
96854,0
96855,0
96856,4
96857,2
96858,0
96859,3
96860,3
96861,1
96862,2
96863,3
96864,3
96865,4
96866,0
96867,1
96868,3
96869,0
96870,2
96871,3
96872,0
96873,4
96874,2
96875,3
96876,0
96877,4
96878,3
96879,2
96880,3
96881,1
96882,4
96883,3
96884,1
96885,1
96886,0
96887,1
96888,4
96889,4
96890,2
96891,0
96892,3
96893,1
96894,2
96895,3
96896,1
96897,1
96898,2
96899,3
96900,4
96901,4
96902,3
96903,0
96904,1
96905,4
96906,4
96907,1
96908,1
96909,0
96910,1
96911,1
96912,0
96913,0
96914,4
96915,3
96916,4
96917,2
96918,1
96919,1
96920,0
96921,1
96922,2
96923,1
96924,0
96925,2
96926,1
96927,1
96928,4
96929,1
96930,2
96931,2
96932,2
96933,2
96934,1
96935,3
96936,1
96937,0
96938,1
96939,4
96940,1
96941,1
96942,1
96943,2
96944,3
96945,2
96946,3
96947,2
96948,2
96949,3
96950,2
96951,1
96952,2
96953,3
96954,2
96955,3
96956,3
96957,0
96958,0
96959,2
96960,2
96961,2
96962,1
96963,2
96964,4
96965,2
96966,2
96967,1
96968,2
96969,0
96970,3
96971,2
96972,2
96973,2
96974,2
96975,0
96976,0
96977,4
96978,0
96979,1
96980,0
96981,2
96982,0
96983,2
96984,3
96985,0
96986,0
96987,1
96988,3
96989,4
96990,1
96991,4
96992,2
96993,3
96994,2
96995,0
96996,2
96997,0
96998,0
96999,0
97000,3
97001,0
97002,2
97003,4
97004,1
97005,0
97006,1
97007,4
97008,4
97009,2
97010,4
97011,1
97012,3
97013,1
97014,1
97015,2
97016,3
97017,4
97018,0
97019,2
97020,3
97021,3
97022,4
97023,4
97024,0
97025,0
97026,4
97027,3
97028,4
97029,0
97030,1
97031,4
97032,4
97033,3
97034,3
97035,3
97036,3
97037,2
97038,0
97039,3
97040,4
97041,4
97042,4
97043,0
97044,3
97045,0
97046,3
97047,2
97048,0
97049,4
97050,4
97051,3
97052,2
97053,3
97054,2
97055,2
97056,4
97057,2
97058,4
97059,0
97060,3
97061,2
97062,0
97063,3
97064,0
97065,2
97066,1
97067,0
97068,0
97069,1
97070,1
97071,2
97072,2
97073,0
97074,4
97075,1
97076,0
97077,0
97078,2
97079,2
97080,2
97081,1
97082,1
97083,3
97084,0
97085,0
97086,0
97087,2
97088,4
97089,2
97090,4
97091,2
97092,3
97093,1
97094,0
97095,0
97096,3
97097,3
97098,4
97099,4
97100,3
97101,0
97102,2
97103,3
97104,4
97105,0
97106,1
97107,0
97108,2
97109,3
97110,2
97111,2
97112,2
97113,1
97114,3
97115,2
97116,4
97117,0
97118,0
97119,1
97120,2
97121,2
97122,3
97123,0
97124,4
97125,0
97126,2
97127,4
97128,4
97129,0
97130,4
97131,2
97132,3
97133,4
97134,2
97135,3
97136,3
97137,3
97138,1
97139,3
97140,3
97141,0
97142,2
97143,0
97144,1
97145,2
97146,2
97147,3
97148,2
97149,3
97150,3
97151,2
97152,0
97153,4
97154,2
97155,2
97156,1
97157,4
97158,3
97159,1
97160,1
97161,2
97162,0
97163,3
97164,4
97165,4
97166,2
97167,0
97168,2
97169,1
97170,2
97171,3
97172,0
97173,0
97174,4
97175,2
97176,2
97177,4
97178,4
97179,0
97180,4
97181,3
97182,3
97183,1
97184,4
97185,1
97186,0
97187,2
97188,0
97189,0
97190,2
97191,4
97192,0
97193,2
97194,2
97195,3
97196,2
97197,1
97198,1
97199,2
97200,2
97201,2
97202,2
97203,1
97204,4
97205,1
97206,3
97207,4
97208,2
97209,0
97210,1
97211,2
97212,4
97213,3
97214,3
97215,2
97216,4
97217,3
97218,0
97219,4
97220,3
97221,2
97222,0
97223,1
97224,4
97225,3
97226,1
97227,4
97228,0
97229,2
97230,4
97231,2
97232,3
97233,0
97234,2
97235,3
97236,1
97237,3
97238,0
97239,2
97240,1
97241,4
97242,4
97243,3
97244,4
97245,0
97246,2
97247,4
97248,0
97249,2
97250,4
97251,1
97252,2
97253,3
97254,1
97255,2
97256,4
97257,3
97258,1
97259,2
97260,1
97261,2
97262,1
97263,3
97264,4
97265,2
97266,1
97267,4
97268,1
97269,0
97270,0
97271,1
97272,1
97273,4
97274,2
97275,0
97276,3
97277,1
97278,2
97279,4
97280,1
97281,1
97282,1
97283,4
97284,0
97285,1
97286,3
97287,2
97288,4
97289,1
97290,0
97291,4
97292,4
97293,0
97294,3
97295,2
97296,1
97297,1
97298,1
97299,4
97300,0
97301,2
97302,0
97303,1
97304,1
97305,3
97306,2
97307,2
97308,1
97309,1
97310,3
97311,0
97312,0
97313,0
97314,1
97315,3
97316,0
97317,4
97318,3
97319,2
97320,1
97321,2
97322,2
97323,3
97324,1
97325,1
97326,2
97327,1
97328,2
97329,4
97330,4
97331,4
97332,1
97333,4
97334,1
97335,0
97336,3
97337,2
97338,0
97339,4
97340,1
97341,3
97342,0
97343,2
97344,0
97345,2
97346,2
97347,0
97348,3
97349,3
97350,1
97351,1
97352,1
97353,4
97354,2
97355,0
97356,0
97357,0
97358,0
97359,1
97360,2
97361,0
97362,0
97363,0
97364,4
97365,4
97366,0
97367,2
97368,3
97369,3
97370,0
97371,1
97372,0
97373,0
97374,1
97375,0
97376,2
97377,3
97378,0
97379,0
97380,1
97381,3
97382,0
97383,2
97384,4
97385,0
97386,1
97387,2
97388,0
97389,1
97390,3
97391,2
97392,3
97393,1
97394,0
97395,4
97396,3
97397,1
97398,4
97399,3
97400,2
97401,4
97402,3
97403,0
97404,2
97405,1
97406,1
97407,2
97408,1
97409,3
97410,3
97411,1
97412,0
97413,0
97414,3
97415,3
97416,2
97417,3
97418,4
97419,3
97420,0
97421,2
97422,1
97423,3
97424,0
97425,3
97426,3
97427,4
97428,4
97429,1
97430,3
97431,2
97432,0
97433,4
97434,2
97435,0
97436,2
97437,1
97438,0
97439,3
97440,3
97441,2
97442,1
97443,2
97444,2
97445,0
97446,3
97447,3
97448,3
97449,0
97450,0
97451,2
97452,4
97453,1
97454,2
97455,3
97456,2
97457,3
97458,4
97459,0
97460,3
97461,2
97462,3
97463,1
97464,0
97465,3
97466,2
97467,0
97468,2
97469,2
97470,4
97471,2
97472,0
97473,0
97474,2
97475,0
97476,2
97477,1
97478,4
97479,3
97480,0
97481,2
97482,0
97483,1
97484,2
97485,4
97486,4
97487,2
97488,4
97489,0
97490,0
97491,4
97492,1
97493,1
97494,3
97495,3
97496,3
97497,0
97498,0
97499,3
97500,3
97501,1
97502,4
97503,1
97504,2
97505,0
97506,2
97507,0
97508,3
97509,3
97510,0
97511,0
97512,2
97513,2
97514,1
97515,1
97516,1
97517,0
97518,1
97519,3
97520,3
97521,3
97522,3
97523,3
97524,2
97525,3
97526,2
97527,3
97528,3
97529,3
97530,4
97531,0
97532,2
97533,2
97534,0
97535,1
97536,0
97537,0
97538,0
97539,1
97540,2
97541,2
97542,2
97543,0
97544,3
97545,4
97546,2
97547,1
97548,4
97549,0
97550,2
97551,0
97552,4
97553,3
97554,3
97555,2
97556,1
97557,1
97558,1
97559,2
97560,2
97561,2
97562,0
97563,1
97564,0
97565,2
97566,4
97567,3
97568,0
97569,1
97570,2
97571,0
97572,3
97573,4
97574,4
97575,3
97576,3
97577,1
97578,1
97579,1
97580,3
97581,1
97582,2
97583,1
97584,0
97585,2
97586,4
97587,3
97588,3
97589,2
97590,1
97591,4
97592,3
97593,1
97594,0
97595,4
97596,4
97597,4
97598,2
97599,0
97600,4
97601,3
97602,4
97603,2
97604,3
97605,4
97606,3
97607,3
97608,3
97609,3
97610,4
97611,3
97612,1
97613,2
97614,1
97615,1
97616,0
97617,2
97618,2
97619,1
97620,1
97621,3
97622,2
97623,0
97624,0
97625,2
97626,0
97627,1
97628,1
97629,1
97630,1
97631,0
97632,4
97633,3
97634,4
97635,4
97636,4
97637,4
97638,0
97639,2
97640,3
97641,4
97642,2
97643,1
97644,4
97645,2
97646,4
97647,0
97648,3
97649,0
97650,3
97651,0
97652,2
97653,0
97654,3
97655,0
97656,4
97657,1
97658,0
97659,0
97660,1
97661,3
97662,2
97663,0
97664,3
97665,0
97666,0
97667,2
97668,0
97669,0
97670,2
97671,3
97672,3
97673,4
97674,3
97675,4
97676,1
97677,1
97678,0
97679,1
97680,2
97681,2
97682,3
97683,1
97684,2
97685,4
97686,1
97687,4
97688,4
97689,2
97690,2
97691,3
97692,0
97693,3
97694,4
97695,3
97696,2
97697,0
97698,3
97699,0
97700,4
97701,1
97702,0
97703,2
97704,2
97705,1
97706,3
97707,1
97708,2
97709,3
97710,3
97711,1
97712,3
97713,3
97714,2
97715,1
97716,0
97717,0
97718,0
97719,4
97720,1
97721,3
97722,3
97723,3
97724,2
97725,3
97726,0
97727,4
97728,2
97729,4
97730,2
97731,1
97732,0
97733,4
97734,2
97735,2
97736,0
97737,1
97738,3
97739,0
97740,0
97741,1
97742,2
97743,3
97744,1
97745,0
97746,4
97747,0
97748,4
97749,1
97750,1
97751,1
97752,0
97753,1
97754,4
97755,3
97756,3
97757,2
97758,4
97759,0
97760,0
97761,1
97762,3
97763,3
97764,2
97765,1
97766,2
97767,0
97768,2
97769,0
97770,1
97771,2
97772,0
97773,1
97774,4
97775,1
97776,3
97777,3
97778,3
97779,4
97780,0
97781,1
97782,4
97783,2
97784,2
97785,0
97786,4
97787,2
97788,4
97789,2
97790,4
97791,2
97792,0
97793,2
97794,4
97795,1
97796,0
97797,2
97798,1
97799,4
97800,3
97801,0
97802,0
97803,1
97804,1
97805,4
97806,3
97807,4
97808,3
97809,2
97810,1
97811,0
97812,2
97813,2
97814,2
97815,1
97816,4
97817,4
97818,0
97819,2
97820,4
97821,1
97822,2
97823,0
97824,2
97825,4
97826,1
97827,3
97828,4
97829,3
97830,0
97831,2
97832,2
97833,4
97834,3
97835,1
97836,2
97837,3
97838,2
97839,3
97840,2
97841,0
97842,3
97843,4
97844,0
97845,3
97846,2
97847,1
97848,0
97849,3
97850,4
97851,1
97852,3
97853,3
97854,1
97855,0
97856,0
97857,3
97858,4
97859,3
97860,1
97861,3
97862,2
97863,0
97864,2
97865,4
97866,1
97867,2
97868,0
97869,2
97870,3
97871,0
97872,3
97873,0
97874,2
97875,0
97876,1
97877,4
97878,2
97879,2
97880,4
97881,4
97882,0
97883,0
97884,1
97885,3
97886,2
97887,1
97888,3
97889,3
97890,3
97891,2
97892,1
97893,3
97894,0
97895,3
97896,2
97897,2
97898,1
97899,1
97900,4
97901,4
97902,3
97903,0
97904,0
97905,2
97906,0
97907,0
97908,2
97909,4
97910,3
97911,3
97912,3
97913,3
97914,1
97915,1
97916,2
97917,3
97918,0
97919,1
97920,1
97921,4
97922,1
97923,4
97924,2
97925,0
97926,2
97927,1
97928,0
97929,1
97930,0
97931,4
97932,0
97933,0
97934,3
97935,3
97936,1
97937,1
97938,3
97939,0
97940,3
97941,1
97942,1
97943,3
97944,4
97945,2
97946,0
97947,4
97948,3
97949,1
97950,0
97951,4
97952,3
97953,0
97954,2
97955,0
97956,1
97957,0
97958,1
97959,2
97960,3
97961,2
97962,0
97963,0
97964,0
97965,4
97966,2
97967,3
97968,3
97969,2
97970,1
97971,4
97972,2
97973,4
97974,1
97975,3
97976,3
97977,4
97978,0
97979,0
97980,4
97981,0
97982,1
97983,0
97984,0
97985,4
97986,2
97987,0
97988,2
97989,2
97990,4
97991,2
97992,3
97993,0
97994,1
97995,1
97996,1
97997,3
97998,4
97999,2
